Transaction_Date,Transaction_Year,Transaction_Month,Brand,Model,Manufacture_Year,Car_Age_At_Sale,Mileage_km,Displacement_cc,Horsepower_PS,Seats,Color,Dealer,Price_HKD
2026/09,2026,9,MERCEDES-BENZ,GLC250 4Matic AMG,2017,9,68000.0,1991.0,211,5,Blue,Hung Wai Motor Enterprise Limited,108000.0
2026/09,2026,9,BMW,iX1 Edrive20i X-Line,2024,2,48000.0,,204,5,White,Hung Wai Motor Enterprise Limited,298000.0
2026/09,2026,9,BMW,X2 SDRIVE20IA M SPORT X,2018,8,81338.0,1998.0,192,5,Orange,Star Ray Motors Company Limited,78000.0
2026/09,2026,9,MAXUS,MIFA 9 Premium,2023,3,90000.0,90.0,245,7,Grey,Extreme Motors Company,338000.0
2026/09,2026,9,PORSCHE,Cayenne Turbo Coupe,2020,6,60000.0,3996.0,550,5,Orange,Wai To Motors Ltd.,1168000.0
2026/09,2026,9,HONDA,STEPWGN,2023,3,52000.0,1499.0,150,8,White,Celebrity Motors Limited,228000.0
2026/09,2026,9,OTHERS,ZS EV,2025,1,30000.0,,156,5,Blue,鑽澤有限公司,148000.0
2026/09,2026,9,TOYOTA,Vellfire 3.5,2019,7,20000.0,3500.0,300,7,Black,鑽澤有限公司,248000.0
2026/09,2026,9,TOYOTA,NOAH 80 DELUXE,2016,10,58000.0,1987.0,158,7,Black,Star Ray Motors Company Limited,88000.0
2026/09,2026,9,PORSCHE,Macan S,2016,10,40000.0,2997.0,340,4,Black,鑽澤有限公司,168000.0
2026/09,2026,9,MINI,Cooper,2014,12,79000.0,1499.0,136,4,Grey,Hung Wai Motor Enterprise Limited,29000.0
2026/09,2026,9,HONDA,Jazz Crosstar,2024,2,10000.0,1498.0,121,4,Grey,鑽澤有限公司,138000.0
2026/09,2026,9,KIA,STINGER GT,2018,8,100000.0,3342.0,370,5,Blue,Motor Life Limited,98000.0
2026/09,2026,9,TOYOTA,Alphard GF,2020,6,55190.0,3456.0,274,7,Black,Win Point Motors Limited,328000.0
2026/09,2026,9,TOYOTA,ALPHARD 3.5 EXECUTIVE LOUNGE,2019,7,81000.0,3456.0,301,7,Black,HANSEN MOTORS COMPANY LTD,318000.0
2026/09,2026,9,BYD,Seal 3.8s AWD Performance,2024,2,57000.0,,390,5,White,Hung Wai Motor Enterprise Limited,248000.0
2026/09,2026,9,PORSCHE,Boxster 981,2012,14,37000.0,2706.0,265,2,White,Hung Wai Motor Enterprise Limited,208000.0
2026/09,2026,9,MERCEDES-BENZ,A250（W177),2022,4,11000.0,1991.0,224,5,Silver,Vision Motors (HK) Limited,188000.0
2026/09,2026,9,TESLA,Tesla Model 3 Long Range Dual Motor AWD,2025,1,10778.0,78.0,444,5,Grey,"New Method Motors Co., Ltd.",298000.0
2026/09,2026,9,TOYOTA,Toyota Noha WELCAB 8座,2023,3,15000.0,2000.0,170,8,Black,Zhong Hwa Motors Co. Ltd,488000.0
2026/09,2026,9,PORSCHE,GT3RS,2019,7,23000.0,3996.0,520,2,Green,Superior Motors Company Limited,2580000.0
2026/09,2026,9,LEXUS,NX300h,2015,11,54671.0,2494.0,238,5,Grey,"New Method Motors Co., Ltd.",118000.0
2026/09,2026,9,LEXUS,GS250,2014,12,74797.0,2500.0,209,5,Black,"New Method Motors Co., Ltd.",68000.0
2026/09,2026,9,PORSCHE,Macan S Facelift,2018,8,58000.0,2995.0,340,5,Grey,Wai To Motors Ltd.,368000.0
2026/09,2026,9,SUZUKI,JIMNY 1.5 4WD,2022,4,12455.0,1462.0,102,5,Green,"New Method Motors Co., Ltd.",148000.0
2026/09,2026,9,BMW,X3 20IA XLINE,2018,8,75000.0,1998.0,184,5,Grey,Celebrity Motors Limited,98000.0
2026/09,2026,9,BMW,M4 COMPETITION COUPE G82,2021,5,35000.0,2993.0,510,4,Blue,Autopop Limited,898000.0
2026/09,2026,9,PORSCHE,911 992 CARRERA S,2020,6,7500.0,2981.0,450,4,Silver,Autopop Limited,1880000.0
2026/09,2026,9,BMW,X3 XDRIVE28I 2.0T,2014,12,92888.0,1997.0,245,5,Grey,Tak Lee Motors (HK) Limited,38000.0
2026/09,2026,9,TESLA,Model Y Standard Range,2021,5,173000.0,,271,5,Blue,Hung Wai Motor Enterprise Limited,138000.0
2026/09,2026,9,TOYOTA,Noah,2018,8,7481.0,1987.0,152,7,White,Win Point Motors Limited,118000.0
2026/09,2026,9,HONDA,Jazz,2016,10,90960.0,1317.0,100,5,Silver,Win Point Motors Limited,49800.0
2026/09,2026,9,PORSCHE,Taycan,2023,3,5000.0,,320,5,Grey,Wai To Motors Ltd.,918000.0
2026/09,2026,9,PORSCHE,Boxster S,2014,12,69000.0,3436.0,315,2,White,Wai To Motors Ltd.,328000.0
2026/09,2026,9,MERCEDES-BENZ,行貨 CLA250 COUPE AMG (C118),2020,6,30000.0,1991.0,224,5,Black,Win Fair Motors Limited,178000.0
2026/09,2026,9,BMW,行貨X4 XDRIVE28iA M SPORT,2015,11,90000.0,1997.0,245,5,White,Win Fair Motors Limited,78000.0
2026/09,2026,9,MERCEDES-BENZ,CLA35 AMG,2021,5,29000.0,1991.0,306,5,Yellow,Wai To Motors Ltd.,308000.0
2026/09,2026,9,TOYOTA,NOAH DELUXE FACELIFT 版,2020,6,15000.0,1987.0,152,7,Purple,Race Art Motors Limited,158000.0
2026/09,2026,9,MERCEDES-BENZ,S500,2015,11,85000.0,4663.0,455,5,Black,Wai To Motors Ltd.,218000.0
2026/09,2026,9,BMW,M2 COMPETITION COUPE,2018,8,25000.0,2979.0,410,4,Silver,Wai To Motors Ltd.,388000.0
2026/09,2026,9,MERCEDES-BENZ,E200 EXCLUSIVE FACELIFT,2020,6,29000.0,1991.0,197,5,Blue,Wai To Motors Ltd.,228000.0
2026/09,2026,9,MERCEDES-BENZ,CLA250 AMG,2015,11,70000.0,1991.0,211,5,Black,Wai To Motors Ltd.,78000.0
2026/09,2026,9,MERCEDES-BENZ,AMG CLS53 4M,2019,7,9000.0,2999.0,435,5,White,Wai To Motors Ltd.,498000.0
2026/09,2026,9,NISSAN,Qashqai Plus,2015,11,100000.0,1997.0,144,5,White,Hung Wai Motor Enterprise Limited,29000.0
2026/09,2026,9,LEXUS,NX250,2022,4,53000.0,2487.0,206,5,Blue,Wai To Motors Ltd.,268000.0
2026/09,2026,9,BMW,X4 xDRIVE 30i M Sport,2018,8,66000.0,1998.0,252,5,Black,HANSEN MOTORS COMPANY LTD,178000.0
2026/09,2026,9,MERCEDES-BENZ,GLC300 AMG FACELIFT,2021,5,50000.0,1991.0,258,5,Black,Celebrity Motors Limited,248000.0
2026/09,2026,9,MERCEDES-BENZ,E200 AVANTGARDE,2017,9,78000.0,1991.0,184,5,White,One Dream Motor Develop Limited,118000.0
2026/09,2026,9,TESLA,Model 3 AWD,2024,2,28000.0,,346,5,Blue,Hung Wai Motor Enterprise Limited,258000.0
2026/09,2026,9,KIA,Morning EX Premium,2017,9,40000.0,1248.0,84,5,Silver,Hung Wai Motor Enterprise Limited,38000.0
2026/09,2026,9,TESLA,MODELＳ85D,2016,10,107000.0,85.0,417,2,White,One Dream Motor Develop Limited,128000.0
2026/09,2026,9,BMW,行貨X1 XDRIVE18iA XLINE 尾期,2021,5,45000.0,1499.0,140,5,Grey,Win Fair Motors Limited,118000.0
2026/09,2026,9,TESLA,Model 3 Standard Range Plus,2019,7,79000.0,,204,5,Grey,Hung Wai Motor Enterprise Limited,118000.0
2026/09,2026,9,BMW,M135i XDRIVE,2020,6,26000.0,1998.0,306,5,Grey,A AND S AUTOMOBILE CO. LTD,198000.0
2026/09,2026,9,TESLA,MODEL 3 LONG RANGE,2020,6,45000.0,,252,5,Grey,A AND S AUTOMOBILE CO. LTD,168000.0
2026/09,2026,9,MERCEDES-BENZ,S500,2013,13,64000.0,4663.0,455,5,Silver,Superior Motors Company Limited,188888.0
2026/09,2026,9,HONDA,ODYSSEY,2018,8,55482.0,2356.0,175,7,Silver,Star Ray Motors Company Limited,118000.0
2026/09,2026,9,PORSCHE,911Carrera4S,2019,7,24000.0,2981.0,435,4,White,Superior Motors Company Limited,1980000.0
2026/09,2026,9,LEXUS,LM500H,2024,2,264.0,2393.0,371,4,Black,Superior Motors Company Limited,1880000.0
2026/09,2026,9,MERCEDES-BENZ,S500,2021,5,27000.0,2999.0,435,5,Black,Superior Motors Company Limited,1230000.0
2026/09,2026,9,PORSCHE,911 targa 4,2022,4,8500.0,2981.0,385,4,Black,Superior Motors Company Limited,2380000.0
2026/09,2026,9,LEXUS,IS300H Version L,2015,11,75700.0,2493.0,178,5,White,A AND S AUTOMOBILE CO. LTD,98000.0
2026/09,2026,9,VOLVO,XC60 B5,2020,6,51000.0,1969.0,250,5,White,Superior Motors Company Limited,168000.0
2026/09,2026,9,LAND ROVER,RANGE ROVER P510E 3.0,2021,5,11600.0,2996.0,510,5,Grey,Superior Motors Company Limited,1860000.0
2026/09,2026,9,AUDI,Q8 e-tron 55 quattro,2021,5,52900.0,158.0,408,5,White,A AND S AUTOMOBILE CO. LTD,358000.0
2026/09,2026,9,PORSCHE,Taycan 4S,2020,6,47200.0,1.0,523,4,Black,A AND S AUTOMOBILE CO. LTD,748000.0
2026/09,2026,9,ROLLS-ROYCE,GHOST,2020,6,16000.0,6592.0,570,4,Purple,Superior Motors Company Limited,4580000.0
2026/09,2026,9,MERCEDES-BENZ,G55,2005,21,77000.0,5439.0,500,5,Black,Superior Motors Company Limited,900000.0
2026/09,2026,9,BMW,X6 M50i G06,2020,6,34000.0,4395.0,530,5,Black,A AND S AUTOMOBILE CO. LTD,598000.0
2026/09,2026,9,TESLA,MODEL Y LR,2022,4,44862.0,,371,5,White,Superior Motors Company Limited,228000.0
2026/09,2026,9,MERCEDES-BENZ,GLC250 4MATIC,2018,8,57000.0,1991.0,211,5,Grey,Superior Motors Company Limited,158000.0
2026/09,2026,9,CHEVROLET,CORVETTE C8 CONVERTIBLE,2022,4,1400.0,6162.0,480,2,Red,Superior Motors Company Limited,1680000.0
2026/09,2026,9,LEXUS,LM500H,2024,2,260.0,2393.0,371,4,Black,Superior Motors Company Limited,1850000.0
2026/09,2026,9,BMW,430ia Coupe M Sport,2020,6,47000.0,2000.0,258,4,White,A AND S AUTOMOBILE CO. LTD,298000.0
2026/09,2026,9,FIAT,500 TWINAIR,2021,5,3100.0,875.0,85,4,Pink,Superior Motors Company Limited,168000.0
2026/09,2026,9,ROLLS-ROYCE,CULLINAN,2019,7,12000.0,6749.0,571,4,Red,Superior Motors Company Limited,4980000.0
2026/09,2026,9,MASERATI,GHIBLI,2015,11,41400.0,2979.0,350,5,Black,Superior Motors Company Limited,188000.0
2026/09,2026,9,ROLLS-ROYCE,GHOST,2011,15,34000.0,6592.0,570,5,White,Superior Motors Company Limited,1280000.0
2026/09,2026,9,MERCEDES-BENZ,EQE350+,2022,4,15000.0,,292,5,Grey,Superior Motors Company Limited,528000.0
2026/09,2026,9,FERRARI,F12 BERLINETTA,2015,11,38300.0,6262.0,740,2,White,Superior Motors Company Limited,1558000.0
2026/09,2026,9,FERRARI,488 GTB,2016,10,18000.0,3900.0,670,2,Yellow,Superior Motors Company Limited,1880000.0
2026/09,2026,9,ROLLS-ROYCE,GHOST,2018,8,2600.0,6592.0,570,5,Purple,Superior Motors Company Limited,2880000.0
2026/09,2026,9,PORSCHE,911 CARRERA S,2016,10,15400.0,2981.0,420,4,Blue,Superior Motors Company Limited,1080000.0
2026/09,2026,9,ROVER,RANGE ROVER 5.0 LWB AUTOBIOGRAPHY,2018,8,40000.0,4999.0,525,5,Black,Superior Motors Company Limited,838000.0
2026/09,2026,9,LAMBORGHINI,HURACAN PERFORMANTE SPYDER,2019,7,8500.0,5204.0,640,2,Yellow,Superior Motors Company Limited,2580000.0
2026/09,2026,9,TOYOTA,ALPHARD 3.5,2021,5,50355.0,3456.0,300,7,Black,Superior Motors Company Limited,398000.0
2026/09,2026,9,LAMBORGHINI,HURCAN LP6104,2015,11,19000.0,5204.0,610,2,Green,Superior Motors Company Limited,1690000.0
2026/09,2026,9,TOYOTA,ALPHARD 2.5,2025,1,50.0,2500.0,182,7,White,Superior Motors Company Limited,658000.0
2026/09,2026,9,AUDI,R8 V10 PLUS SPYDER QUATTRO,2017,9,12000.0,5208.0,610,2,Blue,Superior Motors Company Limited,1130000.0
2026/09,2026,9,ROLLS-ROYCE,GHOST,2017,9,13800.0,6592.0,570,5,Black,Superior Motors Company Limited,2380000.0
2026/09,2026,9,TOYOTA,ALPHARD 3.5,2017,9,52000.0,3456.0,300,7,White,Superior Motors Company Limited,338000.0
2026/09,2026,9,ROLLS-ROYCE,PHANTOM EWB,2015,11,39000.0,6749.0,460,4,Others,Superior Motors Company Limited,3480000.0
2026/09,2026,9,LAMBORGHINI,HURACAN LP580-2,2019,7,19000.0,5204.0,602,2,Grey,Superior Motors Company Limited,1900000.0
2026/09,2026,9,TOYOTA,CAMRY,2018,8,86000.0,2495.0,180,5,Brown,Superior Motors Company Limited,128000.0
2026/09,2026,9,TOYOTA,ALPHARD 3.5,2020,6,35000.0,3456.0,300,7,White,Superior Motors Company Limited,518000.0
2026/09,2026,9,TOYOTA,LANDCRUISER,2019,7,35000.0,4608.0,400,7,Black,Superior Motors Company Limited,598000.0
2026/09,2026,9,BMW,M240IA XDRIVE COUPE,2022,4,6200.0,2998.0,374,4,Purple,Superior Motors Company Limited,568000.0
2026/09,2026,9,LAND ROVER,Range Rover RRS 3.0 SC,2017,9,63000.0,2995.0,340,7,Blue,Superior Motors Company Limited,448000.0
2026/09,2026,9,TOYOTA,Alphard 3.5 SC Facelift,2020,6,30685.0,3456.0,280,7,Black,Superior Motors Company Limited,538000.0
2026/09,2026,9,MERCEDES-BENZ,S500 4 MATIC AMG,2021,5,18000.0,2999.0,435,5,Black,Superior Motors Company Limited,1580000.0
2026/09,2026,9,MERCEDES-BENZ,A35 AMG 4-Matic,2019,7,13400.0,1991.0,306,5,Grey,Superior Motors Company Limited,258000.0
2026/09,2026,9,MERCEDES-BENZ,S600 Maybach,2015,11,62000.0,5980.0,530,4,White,Superior Motors Company Limited,698000.0
2026/09,2026,9,BENTLEY,BENTAYGA,2017,9,50838.0,5950.0,608,5,Grey,Superior Motors Company Limited,1680000.0
2026/09,2026,9,ROLLS-ROYCE,GHOST EWB,2012,14,62000.0,6590.0,570,5,Blue,Superior Motors Company Limited,1480000.0
2026/09,2026,9,FERRARI,488 GTB,2016,10,22700.0,3900.0,670,2,Red,Superior Motors Company Limited,1860000.0
2026/09,2026,9,TOYOTA,FJ CRUISER,2017,9,75000.0,4000.0,270,5,Black,Superior Motors Company Limited,268000.0
2026/09,2026,9,MERCEDES-BENZ,GLE450 4MATIC 7SEAT,2020,6,42000.0,3000.0,367,7,Black,Superior Motors Company Limited,538000.0
2026/09,2026,9,MAYBACH,MAYBACH S500,2015,11,57000.0,4663.0,455,5,Silver,Superior Motors Company Limited,498000.0
2026/09,2026,9,TOYOTA,ALPHARD 3.5,2022,4,34000.0,3498.0,300,7,White,Superior Motors Company Limited,698000.0
2026/09,2026,9,ROLLS-ROYCE,PHANTOM,2015,11,34000.0,6749.0,460,4,Brown,Superior Motors Company Limited,3480000.0
2026/09,2026,9,MASERATI,LEVANTE DIESEL,2017,9,100000.0,2987.0,275,5,Black,Superior Motors Company Limited,378000.0
2026/09,2026,9,MERCEDES-BENZ,E250,2017,9,33875.0,1991.0,211,5,Grey,Superior Motors Company Limited,238000.0
2026/09,2026,9,TOYOTA,ALPHARD 3.5,2018,8,49000.0,3498.0,300,7,Black,Superior Motors Company Limited,408000.0
2026/09,2026,9,TOYOTA,ALPHARD 3.5,2021,5,32000.0,3498.0,300,7,Black,Superior Motors Company Limited,598000.0
2026/09,2026,9,TOYOTA,ALPHARD 2.5 HYBIRD,2016,10,66000.0,2500.0,197,7,White,Superior Motors Company Limited,308000.0
2026/09,2026,9,MERCEDES-BENZ,CLA250 COUPE,2020,6,16600.0,1991.0,225,5,White,Superior Motors Company Limited,298000.0
2026/09,2026,9,TOYOTA,ALPHARD 3.5,2015,11,51200.0,3498.0,300,7,White,Superior Motors Company Limited,328000.0
2026/09,2026,9,TOYOTA,ALPHARD 3.5,2018,8,73950.0,3498.0,300,7,White,Superior Motors Company Limited,388000.0
2026/09,2026,9,MERCEDES-BENZ,S400 HYBIRD,2013,13,77500.0,3498.0,333,5,Silver,Superior Motors Company Limited,188000.0
2026/09,2026,9,LEXUS,LM350,2020,6,59000.0,3500.0,274,4,White,Superior Motors Company Limited,1068000.0
2026/09,2026,9,TOYOTA,ALPHARD EX. LOUNGE,2020,6,39800.0,3456.0,300,7,White,Superior Motors Company Limited,458000.0
2026/09,2026,9,TOYOTA,ALPHARD V6,2021,5,29333.0,3456.0,300,7,White,Superior Motors Company Limited,598000.0
2026/09,2026,9,MERCEDES-BENZ,GLE 43 C0UPE,2018,8,47000.0,2996.0,367,5,Black,Superior Motors Company Limited,538000.0
2026/09,2026,9,TESLA,Model X 100P DM,2017,9,73333.0,,680,7,Grey,Superior Motors Company Limited,488000.0
2026/09,2026,9,PORSCHE,993 Targa,1996,30,86800.0,3600.0,300,4,Yellow,Superior Motors Company Limited,768000.0
2026/09,2026,9,MERCEDES-BENZ,A45 S 4Matic,2020,6,24300.0,1991.0,421,5,Grey,Autoway Motors Limited,448000.0
2026/09,2026,9,BMW,218IA Gran Coupe M Sport Edition,2020,6,33300.0,1499.0,140,2,Black,Autoway Motors Limited,118000.0
2026/09,2026,9,LEXUS,行貨 NX200T F SPORT版 2.0Turbo,2015,11,100000.0,1998.0,238,5,Silver,Win Fair Motors Limited,78000.0
2026/09,2026,9,KIA,Sportage EX,2016,10,102000.0,1999.0,184,5,Black,Hung Wai Motor Enterprise Limited,29000.0
2026/09,2026,9,MINI,Cooper Countryman 自動波,2011,15,75000.0,1598.0,184,5,Blue,Vision Motors (HK) Limited,23000.0
2026/09,2026,9,MAXUS,MIFA 7 ELITE,2026,0,10500.0,90.0,244,7,Black,A AND S AUTOMOBILE CO. LTD,348000.0
2026/09,2026,9,TOYOTA,NOAH Deluxe FaceLift版,2017,9,77000.0,1987.0,152,7,Blue,Race Art Motors Limited,108000.0
2026/09,2026,9,LAND ROVER,EVOQUE HSE DYN 2.0,2016,10,42000.0,1999.0,150,5,Brown,Vision Motors (HK) Limited,98000.0
2026/09,2026,9,NISSAN,QASHQAI PLUS,2018,8,48000.0,1997.0,144,5,Blue,Vision Motors (HK) Limited,48000.0
2026/09,2026,9,MERCEDES-BENZ,GLE450 4 MATIC 7 SEATS (V167),2021,5,54000.0,2999.0,362,7,Blue,A AND S AUTOMOBILE CO. LTD,458000.0
2026/09,2026,9,LEXUS,LS460 （L5),2012,14,82000.0,4608.0,381,5,White,Vision Motors (HK) Limited,88000.0
2026/09,2026,9,BMW,IX3 M SPORT EDITION G08,2022,4,49000.0,80.0,286,5,Grey,Royal Horse Motors Company,298000.0
2026/09,2026,9,TOYOTA,RAV 4 HYBRID FACELIFT,2022,4,54000.0,2500.0,218,5,Grey,Royal Horse Motors Company,228000.0
2026/09,2026,9,BMW,I4 EDRIVE35 M SPORT EDITION （G26）,2023,3,74000.0,80.0,286,5,Grey,Royal Horse Motors Company,338000.0
2026/09,2026,9,MERCEDES-BENZ,C200 AMG FACELIFT 1.5 EQ BOOST,2019,7,65000.0,1497.0,184,5,Grey,Royal Horse Motors Company,148000.0
2026/09,2026,9,PORSCHE,Cayenne Coupe,2021,5,20000.0,2995.0,340,5,Black,Motor Life Limited,798000.0
2026/09,2026,9,PORSCHE,MACAN 2.0,2015,11,65086.0,1984.0,237,5,Black,Tak Lee Motors (HK) Limited,148000.0
2026/09,2026,9,PORSCHE,CARRERA CON.,2005,21,35000.0,3596.0,352,4,Grey,Superior Motors Company Limited,278000.0
2026/09,2026,9,NISSAN,GTR R35,2011,15,75000.0,3799.0,530,4,Black,Superior Motors Company Limited,568000.0
2026/09,2026,9,LEXUS,LM350,2021,5,74000.0,3456.0,274,7,White,Superior Motors Company Limited,768000.0
2026/09,2026,9,MINI,CLUBMAN S,2019,7,43000.0,1998.0,192,5,Red,Superior Motors Company Limited,158000.0
2026/09,2026,9,VOLVO,XC90 B6 AWD,2022,4,25000.0,1969.0,320,7,Blue,Superior Motors Company Limited,488000.0
2026/09,2026,9,MERCEDES-BENZ,GLS400,2017,9,65000.0,2996.0,333,7,Black,Superior Motors Company Limited,428000.0
2026/09,2026,9,LEXUS,LM350,2020,6,65000.0,3500.0,274,4,White,Superior Motors Company Limited,858000.0
2026/09,2026,9,MERCEDES-BENZ,S560 MAYBACH,2018,8,59000.0,3982.0,469,5,Grey,Superior Motors Company Limited,888000.0
2026/09,2026,9,LEXUS,LM350,2020,6,46000.0,3500.0,274,4,Black,Superior Motors Company Limited,798000.0
2026/09,2026,9,LEXUS,LM350,2020,6,45000.0,3500.0,274,4,Black,Superior Motors Company Limited,898000.0
2026/09,2026,9,SUBARU,BRZ。 2.4,2023,3,4500.0,2387.0,237,4,Blue,Superior Motors Company Limited,298000.0
2026/09,2026,9,ROLLS-ROYCE,Phantom,2003,23,9200.0,6750.0,460,5,Blue,Superior Motors Company Limited,1780000.0
2026/09,2026,9,TOYOTA,Alphard 3.5,2018,8,58000.0,3456.0,300,7,Beige,Superior Motors Company Limited,378000.0
2026/09,2026,9,BMW,iX40,2022,4,32900.0,,326,5,White,Superior Motors Company Limited,728000.0
2026/09,2026,9,LEXUS,LM350 7~SEATS,2021,5,36232.0,3456.0,274,7,White,Superior Motors Company Limited,1050000.0
2026/09,2026,9,MERCEDES-BENZ,E 53 CAB AMG 4MATlC,2018,8,36000.0,2999.0,457,4,Black,Superior Motors Company Limited,588000.0
2026/09,2026,9,NISSAN,LEAF zero Emission,2018,8,53000.0,,150,4,Black,Superior Motors Company Limited,148000.0
2026/09,2026,9,MCLAREN,720S,2018,8,21000.0,4000.0,720,2,Yellow,Superior Motors Company Limited,2620000.0
2026/09,2026,9,LAND ROVER,SPORT HSE,2013,13,92000.0,2995.0,355,7,Grey,Superior Motors Company Limited,238000.0
2026/09,2026,9,FERRARI,599 GTB,2007,19,25000.0,5999.0,620,2,Red,Superior Motors Company Limited,768000.0
2026/09,2026,9,MERCEDES-BENZ,GLA45 .4MATlC TURB0,2014,12,75008.0,1991.0,360,5,White,Superior Motors Company Limited,208000.0
2026/09,2026,9,MERCEDES-BENZ,C 43,2017,9,24000.0,2996.0,367,4,White,Superior Motors Company Limited,328000.0
2026/09,2026,9,PORSCHE,Carrera S,2006,20,76000.0,3824.0,360,4,Black,Superior Motors Company Limited,338000.0
2026/09,2026,9,AUDI,Q7 QUATTR0,2018,8,27000.0,1984.0,252,7,Black,Superior Motors Company Limited,368000.0
2026/09,2026,9,MASERATI,Granturismo,2011,15,44000.0,4244.0,405,4,Silver,Superior Motors Company Limited,218000.0
2026/09,2026,9,BMW,428lA coupe M一sport,2014,12,92000.0,1997.0,245,4,Black,Superior Motors Company Limited,163000.0
2026/09,2026,9,PORSCHE,Cayenne S,2011,15,90000.0,4806.0,474,5,Black,Superior Motors Company Limited,188000.0
2026/09,2026,9,BMW,Active Hybrid 7,2014,12,100000.0,2979.0,320,2,Black,Superior Motors Company Limited,168000.0
2026/09,2026,9,FERRARI,California,2009,17,41235.0,4297.0,460,4,White,Superior Motors Company Limited,738000.0
2026/08,2026,8,BMW,i4 Edrive35i,2023,3,34000.0,,281,5,White,Hung Wai Motor Enterprise Limited,298000.0
2026/08,2026,8,TESLA,Model Y RWD,2024,2,59000.0,,295,5,Grey,Luxury Auto (HK) Company Limited,248000.0
2026/08,2026,8,LEXUS,LS500 F-Sport 3.5T引擎,2018,8,52000.0,3000.0,421,5,White,Deluxe ( China ) Motors Company Limited,398000.0
2026/08,2026,8,TOYOTA,CAMRY 2.5 DELUXE,2019,7,48814.0,2494.0,181,5,White,Tak Lee Motors (HK) Limited,98000.0
2026/08,2026,8,TESLA,Model Y RWD,2022,4,69433.0,,320,5,Black,Tak Lee Motors (HK) Limited,208000.0
2026/08,2026,8,BMW,218D Gran Tourer DIESEL,2017,9,95070.0,1995.0,150,7,Grey,Tak Lee Motors (HK) Limited,88000.0
2026/08,2026,8,SUBARU,BRZ 6 M/T,2023,3,5000.0,2387.0,235,4,White,HANSEN MOTORS COMPANY LTD,248000.0
2026/08,2026,8,MERCEDES-BENZ,C200 AMG 1.5T,2019,7,45000.0,1497.0,184,5,Grey,HANSEN MOTORS COMPANY LTD,138000.0
2026/08,2026,8,JAGUAR,F-Type P300 Coupe,2017,9,14000.0,1997.0,300,2,Grey,Luxury Auto (HK) Company Limited,208000.0
2026/08,2026,8,TESLA,Model 3 Standard Range Plus,2020,6,121000.0,,204,5,Grey,Hung Wai Motor Enterprise Limited,118000.0
2026/08,2026,8,KIA,NIRO EV+ DELUXE大電版,2020,6,67468.0,29.0,204,5,Blue,Star Ray Motors Company Limited,118000.0
2026/08,2026,8,PORSCHE,Cayman GTS,2016,10,24000.0,3436.0,340,2,Blue,Yat Hei Motors Ltd.,598000.0
2026/08,2026,8,BMW,220IA GRAND TOURER LUXURY FACELIFT,2019,7,32702.0,1998.0,192,7,White,Star Ray Motors Company Limited,98000.0
2026/08,2026,8,PORSCHE,Cayman GTS 4.0 MT,2020,6,11000.0,3995.0,400,2,Grey,Yat Hei Motors Ltd.,1038000.0
2026/08,2026,8,TESLA,Model 3 Long Range Dual Motor All Wheel Drive,2023,3,45000.0,,0,5,Black,Yat Hei Motors Ltd.,248000.0
2026/08,2026,8,TOYOTA,ALPHARD SC,2020,6,27000.0,3456.0,301,7,Black,Celebrity Motors Limited,338000.0
2026/08,2026,8,MINI,COUNTRYMAN 1.5T Facelift,2021,5,52000.0,1499.0,136,5,Red,HANSEN MOTORS COMPANY LTD,158000.0
2026/08,2026,8,MERCEDES-BENZ,EQE350+,2023,3,5200.0,,292,5,Black,Hung Wai Motor Enterprise Limited,468000.0
2026/08,2026,8,MERCEDES-BENZ,GLC300 4MATIC Facelift,2021,5,35000.0,1991.0,258,5,Black,Luxury Auto (HK) Company Limited,238000.0
2026/08,2026,8,BYD,Seal 6 EV,2026,0,190.0,65.0,127,5,White,Hung Wai Motor Enterprise Limited,248000.0
2026/08,2026,8,TOYOTA,ESTIMA 2.4 HYBRID,2017,9,58000.0,2400.0,165,7,Black,Chun Fat Motor Company Limited,168000.0
2026/08,2026,8,AUDI,A4 40TFSI QUATTRO S-line,2021,5,60000.0,2000.0,205,5,White,鑽澤有限公司,138000.0
2026/08,2026,8,HONDA,行貨STEPWGN 1.5 Turbo SPADA FL,2020,6,50000.0,1496.0,150,7,White,Win Fair Motors Limited,148000.0
2026/08,2026,8,MERCEDES-BENZ,E200,2019,7,39000.0,2000.0,184,5,Grey,Pak Yu Motors,148000.0
2026/08,2026,8,LEXUS,NX350H Ultimate,2023,3,53000.0,2487.0,243,5,Grey,Luxury Auto (HK) Company Limited,388000.0
2026/08,2026,8,TOYOTA,Alphard 2.5 Z,2025,1,5600.0,2493.0,184,7,Black,Hung Wai Motor Enterprise Limited,498000.0
2026/08,2026,8,TOYOTA,ALPHARD 2.5,2015,11,130000.0,2494.0,182,7,Silver,Motor Life Limited,158000.0
2026/08,2026,8,TESLA,Model X Long Range,2020,6,67700.0,186.0,534,6,Grey,Vision Motors (HK) Limited,498000.0
2026/08,2026,8,BENTLEY,Flying Spur W12,2017,9,38339.0,5998.0,625,5,Black,"New Method Motors Co., Ltd.",798000.0
2026/08,2026,8,LEXUS,NX 200t,2017,9,10000.0,1998.0,238,5,White,Pak Yu Motors,118000.0
2026/08,2026,8,TESLA,Model 3 Performance,2020,6,54000.0,,450,5,Grey,Hung Wai Motor Enterprise Limited,158000.0
2026/08,2026,8,MASERATI,GHIBLI S,2014,12,61000.0,2997.0,410,5,Blue,HANSEN MOTORS COMPANY LTD,78000.0
2026/08,2026,8,HONDA,STEPWGN,2021,5,33000.0,1496.0,150,8,Grey,Celebrity Motors Limited,168000.0
2026/08,2026,8,TESLA,Model 3 AWD,2024,2,49000.0,,346,5,Grey,Hung Wai Motor Enterprise Limited,249000.0
2026/08,2026,8,LAND ROVER,Discovery Sport P200 7S,2021,5,55000.0,1997.0,200,7,White,Motor Life Limited,168000.0
2026/08,2026,8,MINI,COOPER S Works Edition,2020,6,46000.0,1998.0,192,4,Green,HANSEN MOTORS COMPANY LTD,158000.0
2026/08,2026,8,TOYOTA,CHR 1.8 HYBRID,2020,6,31000.0,1798.0,122,5,Blue,Race Art Motors Limited,128000.0
2026/08,2026,8,LEXUS,IS200T Facelift F-SPORT,2017,9,76511.0,1998.0,245,5,Black,Tak Lee Motors (HK) Limited,98000.0
2026/08,2026,8,MERCEDES-BENZ,C200 AMG Estate,2017,9,86000.0,1991.0,184,5,White,Hung Wai Motor Enterprise Limited,88000.0
2026/08,2026,8,PORSCHE,Macan S,2015,11,85089.0,2997.0,340,5,Grey,"New Method Motors Co., Ltd.",128000.0
2026/08,2026,8,TOYOTA,ALPHARD GF,2015,11,77000.0,3456.0,274,7,White,Celebrity Motors Limited,198000.0
2026/08,2026,8,MERCEDES-BENZ,GLC300,2024,2,59000.0,1999.0,245,5,Grey,Neighbourcar Group Limited,308000.0
2026/08,2026,8,TOYOTA,Spade,2018,8,97340.0,1496.0,103,5,Black,"Ritz Automobile Co., Limited",58000.0
2026/08,2026,8,BMW,X4 XDRIVE30IA M SPORT,2021,5,54205.0,1998.0,252,5,Black,"New Method Motors Co., Ltd.",268000.0
2026/08,2026,8,MCLAREN,675LT (limited edition),2016,10,13000.0,3798.0,675,2,Grey,Neighbourcar Group Limited,2780000.0
2026/08,2026,8,HONDA,Freed Hybrid GB7 (6座）,2020,6,38790.0,1498.0,139,6,White,"Ritz Automobile Co., Limited",138000.0
2026/08,2026,8,HONDA,Freed Hybrid GB7,2020,6,38758.0,1498.0,139,7,Black,"Ritz Automobile Co., Limited",138000.0
2026/08,2026,8,MINI,NEW COUNTRYMAN S,2015,11,23612.0,1598.0,184,5,White,Tak Lee Motors (HK) Limited,68000.0
2026/08,2026,8,FERRARI,California,2009,17,20000.0,4297.0,460,4,White,Motor Life Limited,468000.0
2026/08,2026,8,TESLA,Model Y RWD,2023,3,149000.0,,239,5,Black,Hung Wai Motor Enterprise Limited,168000.0
2026/08,2026,8,MERCEDES-BENZ,CLA250 AMG Facelift,2020,6,28000.0,1991.0,224,5,Yellow,Hung Wai Motor Enterprise Limited,168000.0
2026/08,2026,8,TOYOTA,Prius 1.8 Hybrid S,2017,9,104000.0,1797.0,122,5,White,Hung Wai Motor Enterprise Limited,78000.0
2026/08,2026,8,NISSAN,SERENA EPOWER Highway Star VIP,2019,7,39000.0,1200.0,136,7,Grey,Universal Drive Auto Limited,128000.0
2026/08,2026,8,TOYOTA,ESQUIRE HYBRID,2018,8,56000.0,1800.0,136,7,White,Universal Drive Auto Limited,138000.0
2026/08,2026,8,BMW,320iA,2017,9,84000.0,1998.0,184,5,Grey,Hung Wai Motor Enterprise Limited,59000.0
2026/08,2026,8,BMW,530i Sport,2017,9,36000.0,2000.0,252,5,Grey,Celebrity Motors Limited,99000.0
2026/08,2026,8,MERCEDES-BENZ,E200 AV,2019,7,41000.0,1991.0,184,5,Black,Race Art Motors Limited,138000.0
2026/08,2026,8,TESLA,Model Y RWD,2024,2,38000.0,,239,5,Black,Hung Wai Motor Enterprise Limited,248000.0
2026/08,2026,8,TOYOTA,RAV4 DELUXE,2022,4,29000.0,2000.0,173,5,Blue,Yat Chung Car Company,168000.0
2026/08,2026,8,NISSAN,SERENA E-POWER Highway Star VIP,2020,6,61000.0,1198.0,136,7,White,Vision Motors (HK) Limited,128000.0
2026/08,2026,8,AVATAR,07 Ultra,2026,0,950.0,172.0,545,5,White,Vision Motors (HK) Limited,428000.0
2026/08,2026,8,ZEEKR,X,2024,2,9100.0,,315,5,Grey,Great Motors Limited,258000.0
2026/08,2026,8,TOYOTA,NOAH,2015,11,42962.0,1987.0,152,8,Silver,Star Ray Motors Company Limited,68000.0
2026/08,2026,8,BMW,X5 30d (M~Sport),2015,11,150000.0,3000.0,258,7,White,Pak Yu Motors,178000.0
2026/08,2026,8,TESLA,MODEL Y RWD,2025,1,11000.0,100.0,300,5,Blue,Great Motors Limited,368000.0
2026/08,2026,8,MERCEDES-BENZ,EQB250 AMG (X243),2022,4,41000.0,111.0,190,7,Grey,Vision Motors (HK) Limited,348000.0
2026/08,2026,8,PORSCHE,MACAN,2014,12,89000.0,1984.0,237,5,White,Celebrity Motors Limited,108000.0
2026/08,2026,8,TESLA,MODEL Y RWD,2024,2,26000.0,,295,5,Black,Motor Life Limited,258000.0
2026/08,2026,8,DENZA,D9,2024,2,34000.0,,308,7,Black,Celebrity Motors Limited,538000.0
2026/08,2026,8,LAND ROVER,Range Rover Sport P400 DYN HSE,2024,2,3000.0,2996.0,400,5,Grey,Motor Life Limited,1580000.0
2026/08,2026,8,PORSCHE,Cayenne,2019,7,69000.0,2995.0,340,5,Grey,Hung Wai Motor Enterprise Limited,398000.0
2026/08,2026,8,MINI,Countryman,2020,6,53000.0,1500.0,136,5,Blue,Pak Yu Motors,138000.0
2026/08,2026,8,PORSCHE,911 992 TARGA 4 GTS,2023,3,3000.0,2981.0,480,4,White,Autopop Limited,2680000.0
2026/08,2026,8,BMW,120iA M SPORT EDITION,2018,8,40000.0,1998.0,184,5,White,Autopop Limited,78000.0
2026/08,2026,8,TOYOTA,ALPHARD 3.5 SC,2020,6,40000.0,3456.0,301,7,Black,Autopop Limited,358000.0
2026/08,2026,8,LAND ROVER,DEFENDER 110 P400 HSE 7S,2022,4,14079.0,2996.0,400,7,Green,Tak Lee Motors (HK) Limited,828000.0
2026/08,2026,8,PORSCHE,BOXSTER 981,2013,13,82000.0,2706.0,265,2,White,HANSEN MOTORS COMPANY LTD,258000.0
2026/08,2026,8,BMW,640IA GRAN COUPE,2013,13,66000.0,2979.0,320,5,Grey,Kings Motor Co,78000.0
2026/08,2026,8,MERCEDES-BENZ,CLA250,2019,7,13000.0,1991.0,208,5,Grey,Kings Motor Co,138000.0
2026/08,2026,8,TOYOTA,Alphard 3.5,2019,7,45104.0,3456.0,301,7,Black,"New Method Motors Co., Ltd.",328000.0
2026/08,2026,8,TOYOTA,Alphard 3.5 Welcab,2018,8,16693.0,3456.0,300,7,Silver,"New Method Motors Co., Ltd.",368000.0
2026/08,2026,8,LEXUS,LM500H,2025,1,21.0,2393.0,371,6,White,"New Method Motors Co., Ltd.",1780000.0
2026/08,2026,8,AUDI,行貨 A3 SPORTBACK 35 TFSI SLINE 1.4T,2017,9,49000.0,1395.0,150,5,Red,Win Fair Motors Limited,58000.0
2026/08,2026,8,TESLA,Model 3 Standard Plus,2021,5,113000.0,,204,5,Grey,Hung Wai Motor Enterprise Limited,143000.0
2026/08,2026,8,MAXUS,Mifa 7 Premium,2025,1,37000.0,90.0,244,7,White,Hung Wai Motor Enterprise Limited,348000.0
2026/08,2026,8,TOYOTA,ALPHARD 3.5,2018,8,81000.0,3456.0,300,7,Black,Luxury Auto (HK) Company Limited,248000.0
2026/08,2026,8,ZEEKR,ZEEKR X Platium,2026,0,11000.0,,428,5,White,Luxury Auto (HK) Company Limited,258000.0
2026/08,2026,8,HONDA,Freed Aero,2014,12,166000.0,1496.0,118,7,Grey,Hung Wai Motor Enterprise Limited,39000.0
2026/08,2026,8,MERCEDES-BENZ,E300 AMG Coupe,2018,8,53000.0,1991.0,245,4,Black,Hung Wai Motor Enterprise Limited,188000.0
2026/08,2026,8,AUDI,Q3 35 TFSI,2021,5,15675.0,1498.0,150,5,Black,Win Point Motors Limited,158000.0
2026/08,2026,8,MERCEDES-BENZ,E200 AVANTGARDE,2019,7,32867.0,1991.0,197,5,Silver,Win Point Motors Limited,158000.0
2026/08,2026,8,HONDA,Civic Type-R,2019,7,17910.0,1996.0,320,4,Blue,Win Point Motors Limited,290000.0
2026/08,2026,8,TESLA,Model Y RWD,2025,1,16000.0,,295,5,Grey,Hung Wai Motor Enterprise Limited,358000.0
2026/08,2026,8,VOLKSWAGEN,NEW TIGUAN 330 TSI 4M,2018,8,70944.0,1984.0,180,5,Grey,Star Ray Motors Company Limited,78000.0
2026/08,2026,8,NISSAN,SERENA EPOWER HIGHWAY STAR VIP,2021,5,51613.0,1198.0,136,7,Grey,Star Ray Motors Company Limited,158000.0
2026/08,2026,8,BMW,X4 XDRIVE30IA M SPORT G02,2018,8,31000.0,1998.0,252,5,White,Yat Chung Car Company,208000.0
2026/08,2026,8,TOYOTA,PRIUS HyBrid 1.8,2015,11,156000.0,1797.0,99,5,White,Vision Motors (HK) Limited,49800.0
2026/08,2026,8,TOYOTA,Noah 2.0,2014,12,79000.0,1987.0,158,7,White,Vision Motors (HK) Limited,68000.0
2026/08,2026,8,MAXUS,Mifa 9 Premium,2023,3,53000.0,,245,7,Green,Hung Wai Motor Enterprise Limited,338000.0
2026/08,2026,8,MERCEDES-BENZ,行貨C200 AMG1.5T-48V微混能,2019,7,26000.0,1497.0,184,5,Black,Win Fair Motors Limited,148000.0
2026/08,2026,8,SUBARU,行貨 FORESTER 2.0 EYESIGHT HYBRID,2020,6,60000.0,1995.0,150,5,Grey,Win Fair Motors Limited,108000.0
2026/08,2026,8,TOYOTA,行貨 Camry 2.5 DELUXE 豪華版,2019,7,90000.0,2494.0,181,5,Gold,Win Fair Motors Limited,78000.0
2026/08,2026,8,PORSCHE,MACAN S,2016,10,23000.0,2997.0,340,5,Blue,Celebrity Motors Limited,178000.0
2026/08,2026,8,MERCEDES-BENZ,E250 AMG,2018,8,54000.0,1991.0,211,5,Black,Celebrity Motors Limited,128000.0
2026/08,2026,8,SUZUKI,SWIFT 1.2 2WD CVT,2021,5,118000.0,1197.0,83,5,Red,Vision Motors (HK) Limited,66000.0
2026/08,2026,8,MERCEDES-BENZ,C200 AMG Facelift 1.5 EQ Boost,2019,7,65038.0,1497.0,184,5,Grey,Tak Lee Motors (HK) Limited,148000.0
2026/08,2026,8,AUDI,S3 Sedan Quattro,2021,5,52000.0,1984.0,310,5,Red,HANSEN MOTORS COMPANY LTD,248000.0
2026/08,2026,8,AUDI,Q3 45 TFSI Quattro S LINE,2019,7,46020.0,1984.0,230,5,Blue,Tak Lee Motors (HK) Limited,128000.0
2026/08,2026,8,TOYOTA,Alphard 3.5 (SAC),2017,9,83000.0,3500.0,282,2,Grey,Pak Yu Motors,198000.0
2026/08,2026,8,TOYOTA,ALPHARD 3.5 SC,2012,14,150000.0,3456.0,280,7,White,HANSEN MOTORS COMPANY LTD,58000.0
2026/08,2026,8,MINI,COUNTRYMAN 1.5T,2020,6,89000.0,1499.0,102,5,White,HANSEN MOTORS COMPANY LTD,108000.0
2026/08,2026,8,BMW,iX xDrive40,2023,3,67000.0,,326,5,Blue,Cube Motors,438000.0
2026/08,2026,8,MERCEDES-BENZ,E63S AMG,2017,9,52000.0,3982.0,603,5,White,Kings Motor Co,398000.0
2026/08,2026,8,LEXUS,RZ450E,2024,2,23451.0,150.0,313,5,Grey,Yat Chung Car Company,398000.0
2026/08,2026,8,TOYOTA,Porte,2015,11,82000.0,1496.0,109,5,White,Hung Wai Motor Enterprise Limited,38000.0
2026/08,2026,8,NISSAN,Serena E -Power Highway Star VIP,2020,6,115397.0,1198.0,136,2,Grey,Extreme Motors Company,98000.0
2026/08,2026,8,TESLA,Model X P90D,2017,9,69000.0,,532,7,White,Hung Wai Motor Enterprise Limited,238000.0
2026/08,2026,8,TOYOTA,MARK X 2.5L V6,2009,17,185000.0,2499.0,203,5,Black,Vision Motors (HK) Limited,26800.0
2026/08,2026,8,HONDA,N Box Custom,2013,13,50167.0,658.0,64,4,Black,Extreme Motors Company,68000.0
2026/08,2026,8,MERCEDES-BENZ,GLC300 4MATIC FACELIFT,2020,6,34000.0,2000.0,258,5,Black,Great Motors Limited,238000.0
2026/08,2026,8,BMW,X3 XDRIVE20IA,2020,6,13000.0,2000.0,184,2,Brown,Great Motors Limited,188000.0
2026/08,2026,8,TESLA,MODEL Y RWD,2025,1,7000.0,100.0,300,5,Grey,Great Motors Limited,378000.0
2026/08,2026,8,TOYOTA,SIENTA Hybrid （行貨 / 混能）,2023,3,52000.0,1490.0,119,7,Green,Vision Motors (HK) Limited,198000.0
2026/08,2026,8,LEXUS,NX300 F sport,2021,5,46000.0,2000.0,238,5,White,Great Motors Limited,228000.0
2026/08,2026,8,SUBARU,CROSSTREK 2.0I-S EYESIGHT AWD CVT,2024,2,15000.0,2000.0,156,5,White,Great Motors Limited,168000.0
2026/08,2026,8,MERCEDES-BENZ,EQA250 AMG,2022,4,83000.0,80.0,190,5,Blue,Hung Wai Motor Enterprise Limited,179000.0
2026/08,2026,8,AUDI,A3 SPORTBACK 35 TFSI S LINE,2021,5,35000.0,1500.0,150,5,White,Great Motors Limited,148000.0
2026/08,2026,8,AUDI,Q5 SPORTBACK 45 TFSI QUATTRO S LINE,2021,5,44000.0,2000.0,265,5,Blue,Great Motors Limited,238000.0
2026/08,2026,8,TOYOTA,ALPHARD,2019,7,46000.0,3500.0,300,7,White,Great Motors Limited,368000.0
2026/08,2026,8,ISUZU,JIMMY 1.5 4WD 4AT,2021,5,47000.0,1500.0,102,4,Grey,Great Motors Limited,158000.0
2026/08,2026,8,SUBARU,LEVORG 1.6GT-S EYESIGHT AWD,2019,7,23000.0,1600.0,170,5,Grey,Vision Motors (HK) Limited,108000.0
2026/08,2026,8,BMW,IX1 EDRIVE20 XLINE,2024,2,36000.0,,313,5,White,Great Motors Limited,308000.0
2026/08,2026,8,BMW,X3 XDRIVE20IA,2021,5,35000.0,2000.0,184,5,Blue,Great Motors Limited,198000.0
2026/08,2026,8,TOYOTA,VELLFIRE ZG,2018,8,53000.0,3500.0,300,7,Black,Great Motors Limited,278000.0
2026/08,2026,8,HONDA,CIVIC TYPE R FK8,2021,5,25000.0,1996.0,320,4,Blue,Autopop Limited,378000.0
2026/08,2026,8,LAND ROVER,DISCOVERY SPT SE 7S P240,2018,8,46000.0,1997.0,240,7,Grey,Autopop Limited,78000.0
2026/08,2026,8,TESLA,Model 3 RWD,2026,0,4900.0,,283,5,Grey,Luxury Auto (HK) Company Limited,288000.0
2026/08,2026,8,PORSCHE,CAYMAN,2018,8,43000.0,1988.0,300,2,Black,Celebrity Motors Limited,498000.0
2026/08,2026,8,LAND ROVER,DISCOVERY SPT P200 S,2020,6,25900.0,1997.0,200,7,White,Kings Motor Co,208000.0
2026/08,2026,8,TOYOTA,Vellfire 3.5,2017,9,89000.0,3456.0,274,7,Black,Hung Wai Motor Enterprise Limited,198000.0
2026/08,2026,8,MERCEDES-BENZ,GLB250 4 MATIC AMG,2020,6,48000.0,1991.0,224,7,Black,Luxury Auto (HK) Company Limited,208000.0
2026/08,2026,8,PORSCHE,Boxster 981,2013,13,17000.0,2706.0,265,2,Silver,Hung Wai Motor Enterprise Limited,248000.0
2026/08,2026,8,TOYOTA,CAMRY 2.5 DELUXE L,2023,3,19000.0,2487.0,181,5,Grey,Celebrity Motors Limited,198000.0
2026/08,2026,8,PORSCHE,911 TARGA TIP,1998,28,90000.0,3600.0,272,4,Silver,Neighbourcar Group Limited,948000.0
2026/08,2026,8,TESLA,MODEL S 70 KWH,2016,10,100000.0,,329,5,Blue,Neighbourcar Group Limited,98000.0
2026/08,2026,8,TOYOTA,VELLFIRE 3.5Z,2013,13,140000.0,3456.0,270,8,Black,Neighbourcar Group Limited,98000.0
2026/08,2026,8,TOYOTA,VELLFIRE 3.5,2019,7,49000.0,3456.0,280,7,Black,Neighbourcar Group Limited,250000.0
2026/08,2026,8,TOYOTA,VELLFIRE 2.4 TURBO,2025,1,10.0,2400.0,318,2,White,Neighbourcar Group Limited,828000.0
2026/08,2026,8,BYD,SEAL AWD PERFORMANCE,2024,2,12000.0,,530,5,Black,Neighbourcar Group Limited,258000.0
2026/08,2026,8,MASERATI,QUATTROPORTE,2015,11,70000.0,2979.0,275,5,Black,Neighbourcar Group Limited,98000.0
2026/08,2026,8,MERCEDES-BENZ,GLC300 4MATIC,2022,4,39000.0,1999.0,258,5,Black,Neighbourcar Group Limited,418000.0
2026/08,2026,8,BMW,M3 Cabiolet,2011,15,49689.0,3999.0,414,4,White,Extreme Motors Company,248000.0
2026/08,2026,8,BMW,iX1 Xdrive30 X-Line,2023,3,33000.0,115.0,313,5,Silver,Hung Wai Motor Enterprise Limited,298000.0
2026/08,2026,8,BMW,X5 xDrive40iA M Sport,2020,6,73000.0,2998.0,333,7,Grey,Hung Wai Motor Enterprise Limited,348000.0
2026/08,2026,8,TOYOTA,ALPHARD 3.5SC,2019,7,56000.0,3500.0,300,7,White,Yat Chung Car Company,318000.0
2026/08,2026,8,AUDI,Q5 45 TFSI QUATTRO S-LINE,2021,5,8369.0,1984.0,265,5,Blue,Tak Lee Motors (HK) Limited,228000.0
2026/08,2026,8,TESLA,MODEL 3 SR PLUS RWD,2019,7,49000.0,,283,5,Grey,Motor Life Limited,128000.0
2026/08,2026,8,BMW,X4 20IA XLINE,2021,5,14000.0,1998.0,184,5,Red,Celebrity Motors Limited,218000.0
2026/08,2026,8,MERCEDES-BENZ,C200 AMG Facelift,2019,7,26000.0,1497.0,184,5,Black,Hung Wai Motor Enterprise Limited,148000.0
2026/08,2026,8,BMW,X3 20IA LUXURY,2021,5,57000.0,1998.0,184,5,Black,Celebrity Motors Limited,188000.0
2026/08,2026,8,AUDI,Q5 45 TFSI Quattro,2019,7,35000.0,1984.0,252,5,Grey,Luxury Auto (HK) Company Limited,118000.0
2026/08,2026,8,TOYOTA,Vellfire Hybrid HEV,2024,2,28000.0,2500.0,250,7,Black,Deluxe ( China ) Motors Company Limited,658000.0
2026/08,2026,8,BMW,320IA SALOON M SPORT EDITION,2019,7,60000.0,1998.0,184,5,Blue,Neighbourcar Group Limited,148000.0
2026/08,2026,8,TOYOTA,VELLFIRE 2.4 TURBO,2025,1,200.0,2393.0,274,7,White,Neighbourcar Group Limited,828000.0
2026/08,2026,8,AUDI,RS Q3 SPORTBACK QUATTRO,2021,5,28000.0,2480.0,400,5,Grey,Neighbourcar Group Limited,418000.0
2026/08,2026,8,BMW,X4 XDRIVE201A XLINE,2020,6,40000.0,1998.0,184,5,White,Neighbourcar Group Limited,218000.0
2026/08,2026,8,AUDI,RS4 AVANT 4.2 QUATTRO,2013,13,70000.0,4163.0,450,5,Blue,Neighbourcar Group Limited,168000.0
2026/08,2026,8,AUDI,TT RS COUPE QUATTRO,2017,9,40000.0,2480.0,400,4,Grey,Neighbourcar Group Limited,418000.0
2026/08,2026,8,BMW,M850IA XDRIVE GRAN COUPE,2021,5,30000.0,4395.0,530,5,Blue,Neighbourcar Group Limited,808000.0
2026/08,2026,8,MERCEDES-BENZ,E200 AVANTGARDE,2019,7,40000.0,1991.0,184,5,Grey,Neighbourcar Group Limited,168000.0
2026/08,2026,8,LEXUS,UX200,2019,7,58763.0,1987.0,173,5,Grey,Win Point Motors Limited,118000.0
2026/08,2026,8,NISSAN,Skyline GTT R34,2000,26,140000.0,2500.0,280,5,White,Neighbourcar Group Limited,188000.0
2026/08,2026,8,PORSCHE,CAYENNE PLATINUM EDITION,2016,10,20000.0,3598.0,300,5,White,Neighbourcar Group Limited,318000.0
2026/08,2026,8,LAND ROVER,RRS 3.0 P400 7S HSE DYN,2022,4,30000.0,2996.0,400,7,White,Neighbourcar Group Limited,778000.0
2026/08,2026,8,PORSCHE,TAYCAN,2021,5,40000.0,,408,5,Blue,Neighbourcar Group Limited,708000.0
2026/08,2026,8,MERCEDES-BENZ,AMG CLA45 S 4M+ COUPE,2020,6,20000.0,1991.0,421,5,Grey,Neighbourcar Group Limited,538000.0
2026/08,2026,8,BMW,M3 COMPETITIONP PACKAGE S-A,2016,10,49000.0,2979.0,431,5,Black,Neighbourcar Group Limited,408000.0
2026/08,2026,8,MERCEDES-BENZ,GLA200 AMG FACELIFT,2019,7,43000.0,1595.0,170,5,White,Yat Chung Car Company,108000.0
2026/08,2026,8,TOYOTA,NOAH LUXURY FACELIFT,2017,9,76245.0,1987.0,152,7,Black,Tak Lee Motors (HK) Limited,98000.0
2026/08,2026,8,PORSCHE,CAYENNE GTS,2013,13,51076.0,4806.0,420,5,White,"Ritz Automobile Co., Limited",148000.0
2026/08,2026,8,BMW,530IA Luxury,2018,8,89507.0,1998.0,184,5,Brown,"Ritz Automobile Co., Limited",118000.0
2026/08,2026,8,PORSCHE,MACAN,2015,11,58322.0,1984.0,237,5,Grey,"Ritz Automobile Co., Limited",98000.0
2026/08,2026,8,HONDA,STEPWGN HYBRID RP5 EX,2019,7,41263.0,1993.0,185,7,White,"Ritz Automobile Co., Limited",158000.0
2026/08,2026,8,BMW,M3 COMPETITION SALOON,2021,5,20000.0,2993.0,480,5,Grey,Neighbourcar Group Limited,908000.0
2026/08,2026,8,SUBARU,LEVORG 1.6GT-S EYESIGHT AWD,2019,7,29061.0,1600.0,170,5,Grey,"Ritz Automobile Co., Limited",88000.0
2026/08,2026,8,PORSCHE,MACAN GTS,2016,10,40000.0,2997.0,355,5,Blue,Neighbourcar Group Limited,278000.0
2026/08,2026,8,MERCEDES-BENZ,EQA 250,2021,5,60000.0,,190,5,White,Neighbourcar Group Limited,198000.0
2026/08,2026,8,HONDA,FIT e:HEV GR3,2023,3,11462.0,1496.0,106,5,White,"Ritz Automobile Co., Limited",128000.0
2026/08,2026,8,BMW,X1 XDRIVE25IA M SPORT,2016,10,15323.0,1998.0,231,5,Blue,"Ritz Automobile Co., Limited",88000.0
2026/08,2026,8,MINI,Mini Cooper 1.5 (F55),2020,6,59000.0,1499.0,102,5,Orange,HANSEN MOTORS COMPANY LTD,88000.0
2026/08,2026,8,MASERATI,Levante,2019,7,46000.0,2979.0,430,5,Black,Neighbour Star,258000.0
2026/08,2026,8,LEXUS,NX300,2021,5,53000.0,1998.0,238,5,White,Vision Motors (HK) Limited,168000.0
2026/08,2026,8,PORSCHE,718 CAYMAN,2017,9,50000.0,1988.0,300,2,Blue,Neighbourcar Group Limited,428000.0
2026/08,2026,8,PORSCHE,981 GT4,2016,10,34000.0,3800.0,340,2,Red,Neighbourcar Group Limited,848000.0
2026/08,2026,8,HONDA,STEPWGN SPADA 1.5T,2020,6,30000.0,1496.0,150,7,Blue,Vision Motors (HK) Limited,188000.0
2026/08,2026,8,AUDI,RSQ8,2022,4,22000.0,4000.0,600,2,Black,Zhong Hwa Motors Co. Ltd,1580000.0
2026/08,2026,8,MERCEDES-BENZ,GLE450,2019,7,91000.0,2999.0,367,2,White,Zhong Hwa Motors Co. Ltd,438000.0
2026/08,2026,8,MERCEDES-BENZ,E63S AMG W213,2017,9,18000.0,3982.0,612,2,Red,Autopop Limited,498000.0
2026/08,2026,8,FERRARI,FF,2015,11,65000.0,6262.0,660,4,White,Autopop Limited,998000.0
2026/08,2026,8,TESLA,Model 3 Performance,2019,7,173000.0,,450,5,Black,Hung Wai Motor Enterprise Limited,118000.0
2026/08,2026,8,HONDA,CIVIC TYPE R FK8,2021,5,28000.0,1996.0,320,4,Blue,Neighbourcar Group Limited,350000.0
2026/08,2026,8,SUBARU,FORESTER 2.OI-S EYESIGHT HYBRID AWD CVT,2024,2,28000.0,2000.0,150,5,White,A AND S AUTOMOBILE CO. LTD,268000.0
2026/08,2026,8,MINI,JCW CLUBMAN ALL4,2023,3,9000.0,1998.0,306,5,Green,Celebrity Motors Limited,348000.0
2026/08,2026,8,MINI,Cooper S JCW facelift (F56),2021,5,17000.0,1998.0,231,4,Black,Neighbour Star,298000.0
2026/08,2026,8,TESLA,Model Y Standard Range,2021,5,151000.0,100.0,271,5,Red,Hung Wai Motor Enterprise Limited,168000.0
2026/08,2026,8,LAND ROVER,RANGE ROVER SPORT 3.0 P380,2018,8,78000.0,2995.0,340,5,White,Neighbourcar Group Limited,418000.0
2026/08,2026,8,BMW,IX2 EDRIVE20 M SPORT EDITION (U10),2024,2,18000.0,68.0,204,5,White,A AND S AUTOMOBILE CO. LTD,448000.0
2026/08,2026,8,LEXUS,RZ450E,2023,3,40900.0,,313,5,Black,Tak Lee Motors (HK) Limited,358000.0
2026/08,2026,8,NISSAN,Leaf Lux,2019,7,68000.0,,150,5,Grey,Hung Wai Motor Enterprise Limited,58000.0
2026/08,2026,8,BMW,520iA M SPORT (G30),2019,7,27500.0,1998.0,184,5,Black,A AND S AUTOMOBILE CO. LTD,148000.0
2026/08,2026,8,MERCEDES-BENZ,CLA250+ AMG LINE,2025,1,12000.0,,272,5,White,Celebrity Motors Limited,539000.0
2026/08,2026,8,TOYOTA,VELLFIRE 3.5 ZG,2017,9,56000.0,3500.0,280,7,White,Yat Chung Car Company,248000.0
2026/08,2026,8,TOYOTA,ALPHARD 3.5 EXECUTIVE LOUNGE,2022,4,45000.0,3500.0,300,7,White,Yat Chung Car Company,368000.0
2026/08,2026,8,MERCEDES-BENZ,GLB250 4MATIC (X247),2020,6,43000.0,1991.0,224,7,White,Kings Motor Co,198000.0
2026/08,2026,8,MINI,Countryman 1.5,2020,6,52000.0,1499.0,102,5,Grey,HANSEN MOTORS COMPANY LTD,138000.0
2026/08,2026,8,MASERATI,Levante,2019,7,88000.0,3000.0,350,5,Red,Deluxe ( China ) Motors Company Limited,198000.0
2026/08,2026,8,MERCEDES-BENZ,S560 Coupe AMG,2019,7,52000.0,4000.0,469,4,Grey,Deluxe ( China ) Motors Company Limited,688000.0
2026/08,2026,8,BYD,SEAL AWD Performance,2024,2,51000.0,145.0,530,5,White,Vision Motors (HK) Limited,228000.0
2026/08,2026,8,LAMBORGHINI,Huracan LP610-4 6000KmOnly,2016,10,6000.0,5200.0,610,2,Yellow,Deluxe ( China ) Motors Company Limited,1880000.0
2026/08,2026,8,LAND ROVER,Rangerover Sport SVR 碳纖特別版,2021,5,29000.0,5000.0,575,5,White,Deluxe ( China ) Motors Company Limited,1038000.0
2026/08,2026,8,TESLA,Model 3 2024制造,2024,2,37000.0,88.0,245,5,Black,Deluxe ( China ) Motors Company Limited,208000.0
2026/08,2026,8,BENTLEY,Flyingspur 賓利飛馳,2014,12,32000.0,4000.0,510,5,Purple,Deluxe ( China ) Motors Company Limited,488000.0
2026/08,2026,8,BMW,530e 油電混合增程,2018,8,73000.0,2000.0,252,5,Grey,Deluxe ( China ) Motors Company Limited,63000.0
2026/08,2026,8,MITSUBISHI,Outlander 2.4(Black Edition ),2020,6,53000.0,2400.0,169,7,Black,Pak Yu Motors,98000.0
2026/08,2026,8,BMW,X3 XDRIVE20IA LUXURY (G01),2021,5,75000.0,2000.0,184,5,White,A AND S AUTOMOBILE CO. LTD,158000.0
2026/08,2026,8,LAND ROVER,Defender 110 P300 SE,2020,6,48000.0,2000.0,300,7,Blue,Deluxe ( China ) Motors Company Limited,678000.0
2026/08,2026,8,LAND ROVER,Rangerover P525 LWB 頂級加長大攬勝,2019,7,54000.0,5000.0,525,5,Black,Deluxe ( China ) Motors Company Limited,878000.0
2026/08,2026,8,LAND ROVER,Defender 90 P300 75週年特別版,2023,3,34000.0,2000.0,300,5,Green,Deluxe ( China ) Motors Company Limited,778000.0
2026/08,2026,8,PORSCHE,Taycan 4S 0首牌簿,2020,6,44000.0,200.0,490,5,White,Deluxe ( China ) Motors Company Limited,728000.0
2026/08,2026,8,LAND ROVER,Rangerover P530 V8 HSE四輪轉向,2023,3,11000.0,4400.0,530,5,White,Deluxe ( China ) Motors Company Limited,2180000.0
2026/08,2026,8,BENTLEY,Bentayga V8 新款賓利添越,2023,3,15000.0,4000.0,550,5,Others,Deluxe ( China ) Motors Company Limited,2380000.0
2026/08,2026,8,ROLLS-ROYCE,GHOST SERIES II Black Badge,2017,9,11030.0,6592.0,603,5,Grey,"New Method Motors Co., Ltd.",2480000.0
2026/08,2026,8,TOYOTA,Alphard 2.5 Hybird,2024,2,22000.0,2500.0,250,7,Black,Deluxe ( China ) Motors Company Limited,698000.0
2026/08,2026,8,MERCEDES-BENZ,S63 AMG 新款4.0引擎,2018,8,54000.0,4000.0,612,5,Black,Deluxe ( China ) Motors Company Limited,838000.0
2026/08,2026,8,BENTLEY,Bentayga V8 2019,2019,7,29000.0,4000.0,550,5,White,Deluxe ( China ) Motors Company Limited,1298000.0
2026/08,2026,8,TOYOTA,Alphard 2.5 HEV E-Four EL Modellista Bodykit,2023,3,9112.0,2487.0,250,7,Black,"New Method Motors Co., Ltd.",888000.0
2026/08,2026,8,LAND ROVER,Defender 110 P300 SE,2020,6,36000.0,2000.0,300,7,White,Deluxe ( China ) Motors Company Limited,638000.0
2026/08,2026,8,LAND ROVER,Defender 90 XS Dynamic,2023,3,20800.0,2000.0,300,5,Black,Deluxe ( China ) Motors Company Limited,768000.0
2026/08,2026,8,INFINITI,QX80,2014,12,85000.0,5600.0,400,7,White,Deluxe ( China ) Motors Company Limited,128000.0
2026/07,2026,7,TOYOTA,Noah 80 Facelift,2016,10,78000.0,1987.0,152,7,White,Hung Wai Motor Enterprise Limited,88000.0
2026/07,2026,7,BMW,X6 40i M Sport,2020,6,14000.0,2998.0,340,5,Grey,Neighbourcar Group Limited,508000.0
2026/07,2026,7,LAMBORGHINI,HURACAN PERFORMANTE,2017,9,14000.0,5204.0,640,2,White,Neighbourcar Group Limited,2380000.0
2026/07,2026,7,PORSCHE,911 TARGA,2002,24,80000.0,3600.0,320,4,Silver,Neighbour Star,348000.0
2026/07,2026,7,TOYOTA,NOAH,2013,13,76000.0,1987.0,158,7,White,Neighbour Star,65000.0
2026/07,2026,7,NETA,AYA LITE,2024,2,2000.0,,95,5,White,Neighbour Star,128000.0
2026/07,2026,7,TESLA,MODEL X 100 KWH DUAL MOTOR,2019,7,130000.0,,423,6,Black,Neighbour Star,238000.0
2026/07,2026,7,MERCEDES-BENZ,SL500,2015,11,30000.0,4663.0,435,2,White,Neighbour Star,408000.0
2026/07,2026,7,MERCEDES-BENZ,S500 4MATIC,2021,5,10000.0,2999.0,435,5,Blue,Neighbourcar Group Limited,1180000.0
2026/07,2026,7,MINI,Cooper Automatic,2015,11,30866.0,1499.0,136,4,Red,Win Point Motors Limited,48000.0
2026/07,2026,7,BMW,X5 XDRIVE35IA,2018,8,105657.0,2979.0,306,7,Brown,Win Point Motors Limited,118000.0
2026/07,2026,7,MERCEDES-BENZ,CLA250 AMG Facelift,2019,7,66000.0,1991.0,224,5,White,Hung Wai Motor Enterprise Limited,148000.0
2026/07,2026,7,ZEEKR,X,2025,1,30000.0,,428,5,Black,Hung Wai Motor Enterprise Limited,238000.0
2026/07,2026,7,TOYOTA,CAMRY DELUXE,2015,11,89707.0,2494.0,181,5,Black,Star Ray Motors Company Limited,39000.0
2026/07,2026,7,LEXUS,行貨 UX200 豪華版 2.0NA,2019,7,70000.0,1987.0,173,5,Grey,Win Fair Motors Limited,108000.0
2026/07,2026,7,NISSAN,Serena E-Power Highway Star VIP,2022,4,38000.0,1198.0,136,7,White,Hung Wai Motor Enterprise Limited,158000.0
2026/07,2026,7,BMW,M2 G87,2023,3,7300.0,2993.0,600,4,Black,Cube Motors,798000.0
2026/07,2026,7,MERCEDES-BENZ,G63 AMG,2021,5,8229.0,3982.0,585,5,Black,"New Method Motors Co., Ltd.",2280000.0
2026/07,2026,7,MERCEDES-BENZ,G63 AMG,2019,7,22137.0,3982.0,585,5,White,"New Method Motors Co., Ltd.",1780000.0
2026/07,2026,7,MERCEDES-BENZ,EQA350 4MATIC,2023,3,2800.0,,292,5,Red,Kings Motor Co,338000.0
2026/07,2026,7,MERCEDES-BENZ,E200 Coupe,2014,12,84000.0,1991.0,184,2,Black,HANSEN MOTORS COMPANY LTD,48000.0
2026/07,2026,7,BYD,SEALION 7 PERFORMANCE AWD,2025,1,8400.0,145.0,524,5,Black,Royal Horse Motors Company,298000.0
2026/07,2026,7,MERCEDES-BENZ,E200 AMG FACELIFT,2022,4,18000.0,2000.0,197,5,Black,Royal Horse Motors Company,278000.0
2026/07,2026,7,MERCEDES-BENZ,GLB250 4MATIC,2021,5,22000.0,2000.0,224,7,Blue,Royal Horse Motors Company,228000.0
2026/07,2026,7,BMW,M2 Coupe (F87) 高性能棍波,2016,10,50000.0,2979.0,370,4,White,Vision Motors (HK) Limited,238000.0
2026/07,2026,7,BMW,520i M-SPORT,2019,7,55000.0,1998.0,184,5,Black,Royal Horse Motors Company,138000.0
2026/07,2026,7,BENTLEY,FLYING SPUR First Edition W12,2020,6,40000.0,5950.0,680,5,Blue,Vision Motors (HK) Limited,3080000.0
2026/07,2026,7,MINI,COUNTRYMAN ONE F60,2020,6,65279.0,1499.0,102,5,Grey,Tak Lee Motors (HK) Limited,108000.0
2026/07,2026,7,HONDA,VEZEL HYBRID,2015,11,75000.0,1496.0,131,5,Green,HANSEN MOTORS COMPANY LTD,68000.0
2026/07,2026,7,HONDA,CIVIC TYPE R FL5,2025,1,3000.0,1996.0,330,4,Blue,Neighbourcar Group Limited,538000.0
2026/07,2026,7,PORSCHE,Macan,2019,7,20000.0,1984.0,265,5,Black,Neighbourcar Group Limited,308000.0
2026/07,2026,7,TESLA,Model 3 Standard Range Plus,2020,6,151000.0,88.0,204,5,Blue,Hung Wai Motor Enterprise Limited,118000.0
2026/07,2026,7,TOYOTA,ALPHARD,2015,11,89000.0,3456.0,274,7,Black,Cube Motors Limited,188000.0
2026/07,2026,7,TOYOTA,ALPHARD 3.5 SC 8速 Facelift,2022,4,31488.0,3500.0,300,7,Purple,Cube Motors Limited,398000.0
2026/07,2026,7,BMW,X1 SDRIVE18D,2016,10,50000.0,1995.0,150,5,White,Powerful Motors Trading Company,118000.0
2026/07,2026,7,TOYOTA,Sienta,2012,14,93000.0,1500.0,108,7,White,Royal Horse Motors Company,28000.0
2026/07,2026,7,PORSCHE,Macan,2022,4,23500.0,1984.0,265,5,Grey,A AND S AUTOMOBILE CO. LTD,588000.0
2026/07,2026,7,PORSCHE,Macan S,2014,12,90000.0,3000.0,340,5,Black,Yat Chung Car Company,108000.0
2026/07,2026,7,MERCEDES-BENZ,GLC 250 AMG,2018,8,83000.0,1991.0,211,5,Black,HANSEN MOTORS COMPANY LTD,128000.0
2026/07,2026,7,BMW,IX xDrive40,2022,4,46000.0,,326,5,White,Hung Wai Motor Enterprise Limited,468000.0
2026/07,2026,7,TOYOTA,NOAH DELUXE,2016,10,77418.0,1987.0,158,7,White,Star Ray Motors Company Limited,98000.0
2026/07,2026,7,PORSCHE,718 CAYMAN,2018,8,24000.0,1988.0,300,2,Green,Cube Motors,488000.0
2026/07,2026,7,VOLKSWAGEN,TIGUAN ALLSPACE 1.5 TSI HL,2021,5,93000.0,1498.0,150,7,Silver,A AND S AUTOMOBILE CO. LTD,78000.0
2026/07,2026,7,MERCEDES-BENZ,B220,2020,6,91000.0,1991.0,190,5,Grey,Hung Wai Motor Enterprise Limited,88000.0
2026/07,2026,7,TESLA,Model 3 RWD,2025,1,115000.0,,204,5,Black,Hung Wai Motor Enterprise Limited,178000.0
2026/07,2026,7,OTHERS,V23,2026,0,33.0,,130,5,Black,Motor Life Limited,228000.0
2026/07,2026,7,MERCEDES-BENZ,C200 FL (W205),2019,7,42000.0,1497.0,184,5,Grey,Vision Motors (HK) Limited,138000.0
2026/07,2026,7,MERCEDES-BENZ,E200 AVANTGARDE (W213),2019,7,45000.0,1991.0,197,5,Grey,Vision Motors (HK) Limited,148000.0
2026/07,2026,7,LEXUS,LM350 EMPEROR SUITE,2022,4,19000.0,3456.0,296,4,Black,A AND S AUTOMOBILE CO. LTD,798000.0
2026/07,2026,7,PORSCHE,Taycan,2021,5,44913.0,,408,5,White,Neighbourcar Group Limited,638000.0
2026/07,2026,7,LAMBORGHINI,Huracan LP610-4 Coupe,2014,12,36000.0,5204.0,610,2,Red,Neighbourcar Group Limited,1380000.0
2026/07,2026,7,BMW,M3 Competition M XDRIVE SALOON (G80),2022,4,15000.0,2993.0,510,5,Grey,Neighbourcar Group Limited,1080000.0
2026/07,2026,7,BMW,M3 COMPETITION SALOON,2021,5,20000.0,2993.0,510,5,Green,Neighbourcar Group Limited,908000.0
2026/07,2026,7,NISSAN,SERENA E Power,2024,2,12000.0,1433.0,163,7,Blue,HANSEN MOTORS COMPANY LTD,298000.0
2026/07,2026,7,MERCEDES-BENZ,A250 AMG,2014,12,58000.0,1991.0,211,5,Grey,HANSEN MOTORS COMPANY LTD,48000.0
2026/07,2026,7,BMW,X6 XDRIVE30D M SPORT,2015,11,26606.0,2993.0,258,5,Black,Star Ray Motors Company Limited,248000.0
2026/07,2026,7,AUDI,Q2 35 TFSI,2019,7,64000.0,1395.0,150,5,Yellow,Extreme Motors Company,98000.0
2026/07,2026,7,HONDA,行貨JAZZ 1.5 RS FACELIFT,2020,6,73000.0,1496.0,132,5,Grey,Win Fair Motors Limited,83000.0
2026/07,2026,7,MAXUS,Mifa 9 Premium,2023,3,55000.0,,245,7,Blue,Hung Wai Motor Enterprise Limited,338000.0
2026/07,2026,7,PORSCHE,Panamera 4 E-Hybrid,2018,8,58000.0,2894.0,330,4,White,Hung Wai Motor Enterprise Limited,498000.0
2026/07,2026,7,TESLA,Model 3 RWD,2025,1,20000.0,88.0,204,5,Grey,Hung Wai Motor Enterprise Limited,248000.0
2026/07,2026,7,TESLA,MODEL 3 LR,2024,2,32000.0,,498,5,Red,Celebrity Motors Limited,278000.0
2026/07,2026,7,BMW,行貨 520iA Facelift版48V微混能,2021,5,77000.0,1998.0,184,5,White,Win Fair Motors Limited,148000.0
2026/07,2026,7,PORSCHE,MACAN S,2016,10,46000.0,2997.0,340,5,Grey,Celebrity Motors Limited,178000.0
2026/07,2026,7,MERCEDES-BENZ,EQB250,2023,3,66500.0,,190,7,White,Cube Motors,288000.0
2026/07,2026,7,BMW,IX3 M Sport,2022,4,48400.0,,286,5,Black,Autoway Motors Limited,288000.0
2026/07,2026,7,MERCEDES-BENZ,EQB 250,2023,3,26750.0,,190,7,Black,Autoway Motors Limited,318000.0
2026/07,2026,7,XPeng,G6,2024,2,20500.0,,286,5,White,Autoway Motors Limited,248000.0
2026/07,2026,7,LAMBORGHINI,Urus 4.0-5 Seats,2019,7,68000.0,3996.0,650,5,Black,Neighbourcar Group Limited,1880000.0
2026/07,2026,7,MCLAREN,600LT,2019,7,9000.0,3799.0,600,2,Blue,Neighbourcar Group Limited,1980000.0
2026/07,2026,7,LAND ROVER,Defender 90,2021,5,9900.0,2000.0,300,5,White,Neighbourcar Group Limited,648000.0
2026/07,2026,7,PORSCHE,Macan S,2019,7,108000.0,2995.0,354,5,Grey,Cube Motors,358000.0
2026/07,2026,7,BMW,520i M SPORT EDITION,2019,7,66000.0,1998.0,184,5,Blue,Race Art Motors Limited,138000.0
2026/07,2026,7,MERCEDES-BENZ,E200 AMG Facelift,2020,6,71450.0,1991.0,197,5,Black,Autoway Motors Limited,218000.0
2026/07,2026,7,TOYOTA,行貨 Alphard Executive Lounge FL,2021,5,56000.0,3456.0,274,7,Gold,Win Fair Motors Limited,398000.0
2026/07,2026,7,HONDA,Civic Type R FN2,2012,14,84000.0,1998.0,225,4,White,Hung Wai Motor Enterprise Limited,89000.0
2026/07,2026,7,MERCEDES-BENZ,GLC250 COUPE AMG,2018,8,73000.0,1991.0,211,5,Blue,Celebrity Motors Limited,138000.0
2026/07,2026,7,FERRARI,CALIFORNIA T,2015,11,30000.0,3855.0,560,4,Red,A AND S AUTOMOBILE CO. LTD,848000.0
2026/07,2026,7,TOYOTA,CAMRY DELUXE,2018,8,60000.0,2400.0,181,5,Gold,A AND S AUTOMOBILE CO. LTD,88000.0
2026/07,2026,7,TOYOTA,NOAH DELUXE,2017,9,60000.0,1987.0,152,7,Black,A AND S AUTOMOBILE CO. LTD,118000.0
2026/07,2026,7,TOYOTA,NOAH DELUXE,2014,12,110000.0,1987.0,152,7,White,A AND S AUTOMOBILE CO. LTD,78000.0
2026/07,2026,7,MINI,COOPER COUNTRYMAN AUTOMATIC,2019,7,26000.0,1499.0,136,5,Red,A AND S AUTOMOBILE CO. LTD,128000.0
2026/07,2026,7,MERCEDES-BENZ,E250 COUPE FACELIFT (C207),2014,12,102325.0,2000.0,211,4,White,A AND S AUTOMOBILE CO. LTD,68000.0
2026/07,2026,7,SUZUKI,JIMNY,2019,7,43000.0,1462.0,102,4,Green,A AND S AUTOMOBILE CO. LTD,118000.0
2026/07,2026,7,MERCEDES-BENZ,GLA200 (H247),2021,5,35700.0,1332.0,163,5,Grey,A AND S AUTOMOBILE CO. LTD,208000.0
2026/07,2026,7,BMW,218i Grand Tourer,2019,7,75000.0,1499.0,140,7,Grey,A AND S AUTOMOBILE CO. LTD,108000.0
2026/07,2026,7,MERCEDES-BENZ,SLK200,2011,15,84000.0,1796.0,184,2,Blue,Yat Chung Car Company,59000.0
2026/07,2026,7,MERCEDES-BENZ,A250 AMG,2018,8,70000.0,1991.0,224,5,White,Yat Chung Car Company,109000.0
2026/07,2026,7,NISSAN,NOTE E-POWER,2023,3,33000.0,1200.0,114,5,Blue,Yat Chung Car Company,128000.0
2026/07,2026,7,TOYOTA,NOAH DELUXE,2016,10,43000.0,2000.0,154,7,Black,Yat Chung Car Company,108000.0
2026/07,2026,7,SUZUKI,SWIFT SPORT 1.4T 2WD 6MT,2021,5,28000.0,1400.0,130,5,Orange,Yat Chung Car Company,128000.0
2026/07,2026,7,TOYOTA,ALPHARD 350,2022,4,69000.0,3500.0,296,7,White,Yat Chung Car Company,418000.0
2026/07,2026,7,BMW,218IA GRAN COUPE M SPORT EDITION (F44),2020,6,61000.0,1500.0,140,5,Blue,Yat Chung Car Company,128000.0
2026/07,2026,7,SUBARU,XV 2.0 AWD,2020,6,45000.0,1995.0,154,5,Blue,Yat Chung Car Company,98000.0
2026/07,2026,7,TOYOTA,VELLFIRE FACELIFT,2021,5,48000.0,2500.0,182,7,Black,Yat Chung Car Company,328000.0
2026/07,2026,7,TOYOTA,ALPHARD 2.5 HYBRID HEV,2023,3,10000.0,2500.0,200,7,White,Yat Chung Car Company,698000.0
2026/07,2026,7,MERCEDES-BENZ,E200,2017,9,38000.0,1991.0,184,5,Grey,Yat Chung Car Company,128000.0
2026/07,2026,7,TESLA,Model X 90D,2017,9,114000.0,,417,7,Grey,Hung Wai Motor Enterprise Limited,208000.0
2026/07,2026,7,TESLA,Model 3 Long Range,2020,6,114000.0,153.0,252,5,White,Hung Wai Motor Enterprise Limited,148000.0
2026/07,2026,7,BMW,M235I COUPE M SPORT,2014,12,70000.0,2979.0,326,4,Red,Wai To Motors Ltd.,88000.0
2026/07,2026,7,BMW,M235I COUPE M SPORT,2014,12,72000.0,2979.0,326,4,Red,Wai To Motors Ltd.,88000.0
2026/07,2026,7,PORSCHE,Macan,2021,5,31000.0,1984.0,265,5,Blue,Wai To Motors Ltd.,538000.0
2026/07,2026,7,MERCEDES-BENZ,C250 AMG EDITION,2015,11,32000.0,1991.0,211,5,White,Wai To Motors Ltd.,98000.0
2026/07,2026,7,BYD,Dolphin,2023,3,26000.0,65.0,201,5,Purple,Hung Wai Motor Enterprise Limited,138000.0
2026/07,2026,7,NISSAN,Serena E-Power HWS,2025,1,5900.0,1433.0,163,8,Others,Wai To Motors Ltd.,328000.0
2026/07,2026,7,MERCEDES-BENZ,ML400,2014,12,48000.0,2996.0,333,5,White,Wai To Motors Ltd.,108000.0
2026/07,2026,7,BENTLEY,Continental GT 頂級高配,2020,6,36000.0,6000.0,635,4,White,Deluxe ( China ) Motors Company Limited,1680000.0
2026/07,2026,7,MERCEDES-BENZ,Maybach GLS600 4Matic,2022,4,23000.0,3982.0,577,5,White,Wai To Motors Ltd.,2280000.0
2026/07,2026,7,PORSCHE,Taycan,2023,3,57000.0,,408,5,Blue,Wai To Motors Ltd.,798000.0
2026/07,2026,7,PORSCHE,997 Carrera S Cab,2005,21,85000.0,3824.0,360,4,Blue,Wai To Motors Ltd.,168000.0
2026/07,2026,7,TESLA,Model 3 Standard Range Plus,2020,6,79000.0,88.0,204,5,White,Hung Wai Motor Enterprise Limited,138000.0
2026/07,2026,7,AUDI,S5 CABRIOLET QUATTRO,2017,9,78000.0,2995.0,354,4,White,Neighbourcar Group Limited,178000.0
2026/07,2026,7,AUDI,S3 2.0 TFSI (8VS),2014,12,70000.0,1984.0,310,5,Blue,Neighbourcar Group Limited,178000.0
2026/07,2026,7,TESLA,MODEL Y SR,2022,4,88000.0,,239,5,Grey,Powerful Motors Trading Company,218000.0
2026/07,2026,7,MERCEDES-BENZ,CLA45 S 4 MATIC+,2020,6,47000.0,1991.0,421,5,White,Neighbourcar Group Limited,508000.0
2026/07,2026,7,NISSAN,Elgrand 2.5 Highway Star VIP,2014,12,75000.0,2488.0,170,7,Silver,Hung Wai Motor Enterprise Limited,45000.0
2026/07,2026,7,MAZDA,CX5 2.5 IPM R-Grade,2015,11,118000.0,2488.0,192,5,Red,Hung Wai Motor Enterprise Limited,45000.0
2026/07,2026,7,BMW,M340IA XDRIVE SALOON,2019,7,50000.0,2998.0,374,5,Black,Neighbourcar Group Limited,338000.0
2026/07,2026,7,PORSCHE,911 Carrera 4S Coupe,2019,7,20600.0,2981.0,450,4,Green,HANSEN MOTORS COMPANY LTD,1880000.0
2026/07,2026,7,TESLA,Model 3 RWD,2024,2,31000.0,,283,5,Black,Cube Motors,238000.0
2026/07,2026,7,BMW,i4 eDrive40 Gran Coupe,2022,4,38000.0,,340,5,White,Cube Motors,288000.0
2026/07,2026,7,MITSUBISHI,PAJERO 3.0 7座,2015,11,130000.0,2972.0,177,7,White,Vision Motors (HK) Limited,88000.0
2026/07,2026,7,TOYOTA,Noah 7人車,2016,10,210000.0,1987.0,158,7,White,Vision Motors (HK) Limited,49800.0
2026/07,2026,7,MERCEDES-BENZ,CLA35 4MATIC COUPE,2020,6,5423.0,1991.0,306,5,Grey,Win Point Motors Limited,300000.0
2026/07,2026,7,SSANGYONG,STAVIC 2.2d 4WD (無死期）,2017,9,150000.0,2157.0,178,7,Grey,Vision Motors (HK) Limited,69800.0
2026/07,2026,7,SMART,#1 BRABUS,2025,1,21000.0,,428,5,White,Cube Motors,288000.0
2026/07,2026,7,HONDA,N Box,2012,14,97000.0,659.0,58,4,White,Vision Motors (HK) Limited,39800.0
2026/07,2026,7,VOLKSWAGEN,GOLF GTI BMT DSG,2015,11,100000.0,1984.0,220,5,Grey,Vision Motors (HK) Limited,58000.0
2026/07,2026,7,PORSCHE,MACAN S,2019,7,29052.0,2995.0,354,2,Grey,Win Point Motors Limited,378000.0
2026/07,2026,7,TESLA,Model 3 LR,2026,0,2298.0,153.0,153,5,Black,Win Point Motors Limited,358000.0
2026/07,2026,7,BMW,218IA GRAN TOURER,2018,8,33583.0,1499.0,140,5,Blue,Win Point Motors Limited,88000.0
2026/07,2026,7,LEXUS,GS200t F Sport版,2017,9,100000.0,1998.0,245,5,Blue,Vision Motors (HK) Limited,118000.0
2026/07,2026,7,TOYOTA,Noah,2021,5,43488.0,1987.0,150,7,Red,Win Point Motors Limited,178000.0
2026/07,2026,7,VOLVO,XC90 T6 Inscription,2018,8,104359.0,1969.0,320,7,Green,Win Point Motors Limited,178000.0
2026/07,2026,7,MERCEDES-BENZ,EQB 250 (X243) AMG,2023,3,40000.0,111.0,190,7,White,Vision Motors (HK) Limited,358000.0
2026/07,2026,7,TOYOTA,RAV4 2.5 HYBRID,2022,4,62000.0,2487.0,178,5,Grey,Vision Motors (HK) Limited,218000.0
2026/07,2026,7,TOYOTA,RAV4,2019,7,106000.0,1987.0,173,5,Grey,Vision Motors (HK) Limited,98000.0
2026/07,2026,7,KIA,SORENTO 柴油版,2022,4,44000.0,2151.0,202,5,Brown,Vision Motors (HK) Limited,148000.0
2026/07,2026,7,BMW,320IA M SPORT EDITION,2020,6,83000.0,1998.0,184,5,Grey,Kings Motor Co,158000.0
2026/07,2026,7,PORSCHE,BOXSTER SPYDER,2016,10,6000.0,3800.0,375,2,Grey,Kings Motor Co,888000.0
2026/07,2026,7,LAND ROVER,EVOQUE 5DR DYNAMIC,2012,14,85000.0,1999.0,240,5,Black,Kings Motor Co,68000.0
2026/07,2026,7,FERRARI,F12 BERLINETTA,2014,12,25000.0,6262.0,740,2,Red,Kings Motor Co,1480000.0
2026/07,2026,7,LEXUS,RZ450E Luxury,2024,2,16000.0,132.0,312,5,Brown,Vision Motors (HK) Limited,458000.0
2026/07,2026,7,TOYOTA,VOXY,2009,17,120000.0,1986.0,150,8,White,Kings Motor Co,48000.0
2026/07,2026,7,MERCEDES-BENZ,AMG A35 4M,2022,4,4000.0,1991.0,306,5,Black,Kings Motor Co,388000.0
2026/07,2026,7,TOYOTA,ALPHARD 3.5 SC,2020,6,69000.0,3456.0,301,7,Gold,Kings Motor Co,338000.0
2026/07,2026,7,BMW,520IA SALOON (G30),2021,5,77000.0,1998.0,184,5,White,Vision Motors (HK) Limited,178000.0
2026/07,2026,7,VOLKSWAGEN,TIGUAN ALLSPACE7 280 STREET,2018,8,72000.0,1395.0,150,7,White,Kings Motor Co,78000.0
2026/07,2026,7,TOYOTA,VELLFIRE ZG,2016,10,81000.0,3456.0,301,7,Black,Kings Motor Co,228000.0
2026/07,2026,7,PORSCHE,TAYCAN,2021,5,39000.0,,326,5,Black,Kings Motor Co,698000.0
2026/07,2026,7,MERCEDES-BENZ,EQA250 AMG,2021,5,44571.0,,190,5,White,Tak Lee Motors (HK) Limited,198000.0
2026/07,2026,7,MERCEDES-BENZ,GLC 63 AMG 4MATIC,2019,7,30000.0,3982.0,476,5,Black,Neighbourcar Group Limited,378000.0
2026/07,2026,7,MERCEDES-BENZ,E200 AMG COUPE,2018,8,40000.0,1991.0,192,4,White,Neighbourcar Group Limited,178000.0
2026/07,2026,7,TOYOTA,GR86,2024,2,8200.0,2387.0,235,4,Black,Neighbourcar Group Limited,318000.0
2026/07,2026,7,MERCEDES-BENZ,Mercedes-AMG G63,2019,7,26000.0,3982.0,585,5,White,Neighbourcar Group Limited,1880000.0
2026/07,2026,7,PORSCHE,911 992 Targa 4S,2022,4,7800.0,2981.0,450,4,White,Neighbourcar Group Limited,2480000.0
2026/07,2026,7,PORSCHE,911 992 CARRERA 4 GTS,2023,3,7000.0,2981.0,480,2,White,Neighbourcar Group Limited,2580000.0
2026/07,2026,7,LEXUS,ES 250 (2.5),2016,10,35000.0,2500.0,183,5,Black,Pak Yu Motors,88000.0
2026/07,2026,7,MERCEDES-BENZ,G63 AMG,2019,7,21000.0,3982.0,585,5,Black,Neighbourcar Group Limited,1780000.0
2026/07,2026,7,TOYOTA,Rav 4 (Deluxe),2020,6,57000.0,2000.0,173,5,Grey,Pak Yu Motors,148000.0
2026/07,2026,7,MERCEDES-BENZ,280 GE A4,1983,43,190000.0,2746.0,156,7,Black,Neighbourcar Group Limited,128000.0
2026/07,2026,7,MERCEDES-BENZ,GLS 400（7座位）,2016,10,103000.0,3000.0,333,7,Black,Pak Yu Motors,248000.0
2026/07,2026,7,BMW,X5 40 IA (X-Line),2019,7,42000.0,2998.0,340,2,Black,Pak Yu Motors,328000.0
2026/07,2026,7,KIA,SORENTO GT PLATINUM,2022,4,48000.0,2497.0,180,6,Black,PRO-DRIVER,158000.0
2026/07,2026,7,TOYOTA,CH-R HYBRID,2022,4,31000.0,1798.0,122,2,Grey,PRO-DRIVER,138000.0
2026/07,2026,7,MERCEDES-BENZ,C250 AMG,2015,11,32000.0,1991.0,208,5,White,PRO-DRIVER,98000.0
2026/07,2026,7,AUDI,Q3 35 TFSI SPORTBACK,2022,4,10000.0,1498.0,150,5,Red,PRO-DRIVER,198000.0
2026/07,2026,7,MERCEDES-BENZ,GLC250 AMG,2018,8,31780.0,1991.0,211,5,Black,"New Method Motors Co., Ltd.",168000.0
2026/07,2026,7,MINI,Cooper S JCW,2025,1,2000.0,,0,4,Silver,Yat Hei Motors Ltd.,318000.0
2026/07,2026,7,MERCEDES-BENZ,ML400 4MATIC AMG,2014,12,48000.0,2996.0,333,5,White,PRO-DRIVER,118000.0
2026/07,2026,7,MERCEDES-BENZ,E400 Coupe AMG,2017,9,53000.0,2996.0,329,4,Grey,PRO-DRIVER,228000.0
2026/07,2026,7,MERCEDES-BENZ,G63 AMG,2021,5,16000.0,3982.0,585,5,White,Yat Hei Motors Ltd.,2180000.0
2026/07,2026,7,AUDI,TTS ROADSTER QUATTRO,2015,11,63000.0,1984.0,310,2,Grey,PRO-DRIVER,188000.0
2026/07,2026,7,TOYOTA,RAV4 DELUXE,2021,5,52000.0,1987.0,174,5,Grey,PRO-DRIVER,168000.0
2026/07,2026,7,TESLA,2023 Model 3 Performance,2023,3,51000.0,,0,5,Black,Yat Hei Motors Ltd.,208000.0
2026/07,2026,7,MERCEDES-BENZ,2022 GLC300 AMG 4MATIC,2022,4,40000.0,1999.0,258,5,Grey,Yat Hei Motors Ltd.,358000.0
2026/07,2026,7,LEXUS,IS F,2012,14,51000.0,4968.0,416,5,Black,Yat Hei Motors Ltd.,328000.0
2026/07,2026,7,VOLKSWAGEN,Golf 1.4 GT TSI,2013,13,130000.0,1395.0,140,5,Silver,Hung Wai Motor Enterprise Limited,29800.0
2026/07,2026,7,TOYOTA,C-HR,2022,4,31000.0,1798.0,116,5,Grey,Celebrity Motors Limited,138000.0
2026/07,2026,7,BYD,DOLPHIN PREMIUM 大電板,2023,3,5300.0,65.0,204,5,Blue,Royal Horse Motors Company,158000.0
2026/07,2026,7,TOYOTA,Alphard 2.5 (30系）,2017,9,63000.0,2494.0,183,7,White,Royal Horse Motors Company,198000.0
2026/07,2026,7,BMW,X3 XDRIVE30IA XLINE G01,2017,9,52000.0,1998.0,252,5,Grey,Royal Horse Motors Company,148000.0
2026/07,2026,7,BMW,X3 SDRIVE20iA XLINE G01,2018,8,67000.0,1998.0,184,5,Brown,Royal Horse Motors Company,148000.0
2026/07,2026,7,HONDA,STEPWGN 1.5 TURBO SPADA,2019,7,78000.0,1500.0,150,7,Black,Royal Horse Motors Company,138000.0
2026/07,2026,7,MERCEDES-BENZ,EQA 250,2022,4,54000.0,999.0,190,5,Black,Kings Motor Co,208000.0
2026/07,2026,7,PORSCHE,718 BOXSTER GTS 4.0,2022,4,7000.0,3995.0,400,2,Yellow,Autopop Limited,1180000.0
2026/07,2026,7,MERCEDES-BENZ,GLC250 4 MATIC,2016,10,79460.0,1991.0,211,5,Blue,Tak Lee Motors (HK) Limited,88000.0
2026/07,2026,7,AUDI,Q5 45 quattro (S-Line),2021,5,42000.0,2000.0,265,5,Green,Pak Yu Motors,218000.0
2026/07,2026,7,TOYOTA,ALPHARD 3.5 Executive Lounge Modellista,2019,7,50000.0,3456.0,301,7,Black,Powerful Motors Trading Company,388000.0
2026/07,2026,7,TESLA,MODEL 3 PERFORMANCE,2025,1,12000.0,,510,5,Silver,Celebrity Motors Limited,368000.0
2026/07,2026,7,MERCEDES-BENZ,GLA200 AMG Facelift,2019,7,68000.0,1595.0,159,5,Blue,Hung Wai Motor Enterprise Limited,69000.0
2026/07,2026,7,TOYOTA,ALPHARD GF,2018,8,115000.0,3456.0,301,7,White,Celebrity Motors Limited,238000.0
2026/07,2026,7,MAXUS,Mifa 9 Premium,2024,2,7600.0,,245,7,White,Cube Motors,398000.0
2026/07,2026,7,TESLA,Model 3 Standard Range Plus,2020,6,90000.0,88.0,204,5,Blue,Hung Wai Motor Enterprise Limited,138000.0
2026/07,2026,7,TESLA,Model 3 Long Range AWD,2023,3,50000.0,153.0,346,5,Black,Hung Wai Motor Enterprise Limited,248000.0
2026/07,2026,7,BMW,X5 xDrive40i X-line,2021,5,48000.0,2998.0,333,7,Grey,Hung Wai Motor Enterprise Limited,348000.0
2026/07,2026,7,MERCEDES-BENZ,EQB250,2023,3,32000.0,,190,7,Grey,Cube Motors,308000.0
2026/07,2026,7,MAXUS,Mifa 9 Premium,2023,3,56000.0,,245,7,Blue,Cube Motors,348000.0
2026/07,2026,7,TESLA,Model 3 Standard Range Plus,2019,7,85000.0,100.0,204,5,Black,Hung Wai Motor Enterprise Limited,128000.0
2026/07,2026,7,TESLA,Model 3 Standard Range Plus,2020,6,72000.0,88.0,204,5,Blue,Hung Wai Motor Enterprise Limited,138000.0
2026/07,2026,7,MERCEDES-BENZ,EQA250,2022,4,72000.0,,190,5,Blue,Cube Motors,188000.0
2026/07,2026,7,BMW,i4 Edrive35,2024,2,48000.0,80.0,281,5,White,Hung Wai Motor Enterprise Limited,318000.0
2026/07,2026,7,PORSCHE,Taycan,2022,4,63000.0,,408,5,Black,Cube Motors,688000.0
2026/07,2026,7,TESLA,Model 3 Long Range AWD,2024,2,38000.0,153.0,346,5,Grey,Hung Wai Motor Enterprise Limited,278000.0
2026/07,2026,7,TOYOTA,BZ4X,2024,2,5700.0,,203,5,Blue,Cube Motors,288000.0
2026/07,2026,7,BMW,iX1 xDrive30 xLine,2023,3,64000.0,,313,5,White,Cube Motors,288000.0
2026/07,2026,7,TOYOTA,ALPHARD 2.5 SC,2021,5,32000.0,2493.0,182,7,Black,Celebrity Motors Limited,328000.0
2026/07,2026,7,AUDI,TT Coupe 55 TFSI Quattro,2015,11,100000.0,1984.0,230,4,Red,Hung Wai Motor Enterprise Limited,98000.0
2026/07,2026,7,AUDI,Q7 40TFSI QUATTRO,2018,8,57000.0,2000.0,252,7,Grey,Celebrity Motors Limited,179000.0
2026/07,2026,7,MERCEDES-BENZ,A220,2019,7,64000.0,1991.0,190,5,Black,Cube Motors,98000.0
2026/07,2026,7,PORSCHE,Cayman GTS,2018,8,49000.0,2497.0,365,2,Grey,Cube Motors,698000.0
2026/07,2026,7,MERCEDES-BENZ,EQE350 4MATIC,2023,3,36000.0,,292,5,Grey,Cube Motors,578000.0
2026/07,2026,7,MERCEDES-BENZ,GLA200,2021,5,75000.0,1332.0,163,5,Black,Celebrity Motors Limited,158000.0
2026/07,2026,7,VOLVO,XC40 T5 R-DESIGN,2019,7,48000.0,1969.0,251,5,Grey,Celebrity Motors Limited,118000.0
2026/07,2026,7,TOYOTA,ALPHARD GF,2020,6,13000.0,3456.0,301,7,White,Celebrity Motors Limited,398000.0
2026/07,2026,7,TESLA,Model 3 Long Range,2020,6,77000.0,153.0,252,5,Grey,Hung Wai Motor Enterprise Limited,148000.0
2026/07,2026,7,TESLA,Model 3 RWD,2026,0,400.0,88.0,204,5,White,Hung Wai Motor Enterprise Limited,298000.0
2026/07,2026,7,TESLA,Model Y Long Range,2021,5,73000.0,153.0,366,5,Blue,Hung Wai Motor Enterprise Limited,208000.0
2026/07,2026,7,MAZDA,MX5 ROADSTER S,2016,10,70000.0,1496.0,130,2,Black,Autopop Limited,158000.0
2026/07,2026,7,AUDI,RS3 SEDAN QUATTRO,2023,3,5000.0,2480.0,400,2,Grey,Autopop Limited,598000.0
2026/07,2026,7,PORSCHE,PANAMERA GTS,2014,12,90000.0,4806.0,440,4,Grey,Autopop Limited,178000.0
2026/07,2026,7,MERCEDES-BENZ,GLE53 COUPE AMG 4M+,2020,6,40000.0,2999.0,435,5,Black,Autopop Limited,688000.0
2026/07,2026,7,HONDA,CR-V,2015,11,100000.0,2354.0,155,5,Black,Hung Wai Motor Enterprise Limited,58000.0
2026/07,2026,7,BMW,X4 XDRIVE 20XLINE,2018,8,66000.0,1998.0,184,5,White,HANSEN MOTORS COMPANY LTD,168000.0
2026/07,2026,7,MERCEDES-BENZ,C200 1.5 AMG,2019,7,55000.0,1497.0,184,5,Blue,HANSEN MOTORS COMPANY LTD,138000.0
2026/07,2026,7,TESLA,MODEL Y RWD,2024,2,21000.0,,320,5,Grey,HANSEN MOTORS COMPANY LTD,278000.0
2026/07,2026,7,TESLA,Model S 85,2015,11,150000.0,888.0,369,5,White,Race Art Motors Limited,108000.0
2026/07,2026,7,TOYOTA,ALPHARD 40 2.5 Z,2024,2,5000.0,2493.0,182,7,White,Yat Chung Car Company,548000.0
2026/07,2026,7,AUDI,2015 Q5 2.0 TFSI Quattro,2015,11,145000.0,1984.0,225,5,White,Hung Wai Motor Enterprise Limited,28000.0
2026/07,2026,7,TOYOTA,Noah deluxe,2021,5,43000.0,2000.0,170,7,Black,Yat Chung Car Company,168000.0
2026/07,2026,7,AUDI,Q3 45 Quattro (S Line),2020,6,28000.0,2000.0,230,5,Grey,Pak Yu Motors,158000.0
2026/07,2026,7,MERCEDES-BENZ,行貨 CLA250 COUPE AMG C118,2021,5,53000.0,1991.0,224,5,Red,Win Fair Motors Limited,218000.0
2026/07,2026,7,VOLVO,行貨 XC60 2.0-T5 Inscription版,2018,8,42000.0,1969.0,254,5,Grey,Win Fair Motors Limited,98000.0
2026/07,2026,7,BMW,行貨X1 XDRIVE18iA XLINE 尾期,2020,6,90000.0,1499.0,140,5,Grey,Win Fair Motors Limited,98000.0
2026/07,2026,7,SUBARU,行貨 CROSSTREK 2.0 EYESIGHT AWD,2023,3,20000.0,1995.0,156,5,Blue,Win Fair Motors Limited,148000.0
2026/07,2026,7,MINI,行貨 cooper clubman 1.5Turbo,2020,6,44000.0,1499.0,136,5,Grey,Win Fair Motors Limited,108000.0
2026/07,2026,7,TOYOTA,RAV4,2021,5,52000.0,1987.0,173,5,Green,Celebrity Motors Limited,148000.0
2026/07,2026,7,MERCEDES-BENZ,CLA250 COUPE,2020,6,29000.0,1991.0,224,5,Yellow,Celebrity Motors Limited,198000.0
2026/06,2026,6,LEXUS,NX300 F-Sport,2016,10,68000.0,1998.0,235,5,Black,Hung Wai Motor Enterprise Limited,148000.0
2026/06,2026,6,AUDI,TTS 2.0 Qauttro,2022,4,9000.0,1984.0,306,4,White,HANSEN MOTORS COMPANY LTD,398000.0
2026/06,2026,6,TESLA,Model Y RWD,2026,0,47.0,100.0,295,5,White,Hung Wai Motor Enterprise Limited,388000.0
2026/06,2026,6,MERCEDES-BENZ,CLA250 AMG,2013,13,80780.0,1991.0,211,5,Grey,Tak Lee Motors (HK) Limited,59000.0
2026/06,2026,6,TOYOTA,RAV4 DELUXE,2020,6,46151.0,1987.0,173,5,Green,Tak Lee Motors (HK) Limited,118000.0
2026/06,2026,6,TOYOTA,SIENTA GO Facelift,2021,5,78242.0,1496.0,108,5,Silver,Tak Lee Motors (HK) Limited,78000.0
2026/06,2026,6,AUDI,Q3 SPORTBACK 35 TFSI,2022,4,10000.0,1498.0,150,2,Red,Celebrity Motors Limited,198000.0
2026/06,2026,6,BMW,X4 XDRIVE20iA XLINE,2020,6,53000.0,1998.0,184,5,Black,HANSEN MOTORS COMPANY LTD,188000.0
2026/06,2026,6,AUDI,Q2 35 TFSI,2017,9,25812.0,1395.0,150,5,White,Tak Lee Motors (HK) Limited,68000.0
2026/06,2026,6,BENTLEY,CONTINENTAL FLYING SPUR,2017,9,2500.0,5998.0,636,5,Gold,DCH Certified Used Car,1188000.0
2026/06,2026,6,AUDI,E-tron 55 Quottro,2021,5,42000.0,158.0,408,5,White,Hung Wai Motor Enterprise Limited,318000.0
2026/06,2026,6,SUBARU,Crosstrek 2.0IS Eyesight AWD,2017,9,16000.0,1995.0,156,5,Grey,Hung Wai Motor Enterprise Limited,148000.0
2026/06,2026,6,BMW,520iA Facelift (Luxury Line),2020,6,42000.0,2000.0,184,2,Grey,Pak Yu Motors,178000.0
2026/06,2026,6,MERCEDES-BENZ,SLK200,2012,14,88000.0,1796.0,184,2,White,Hung Wai Motor Enterprise Limited,68000.0
2026/06,2026,6,TESLA,Model 3 long range Daul motor,2021,5,100000.0,888.0,450,5,White,Race Art Motors Limited,138000.0
2026/06,2026,6,TESLA,Model S P90D,2015,11,90000.0,888.0,417,5,Red,Race Art Motors Limited,128000.0
2026/06,2026,6,TOYOTA,PRIUS,2014,12,130000.0,1789.0,136,5,Silver,Race Art Motors Limited,58000.0
2026/06,2026,6,TOYOTA,NOAH DELUXE FACELIFT版,2017,9,80000.0,1987.0,152,7,White,Race Art Motors Limited,118000.0
2026/06,2026,6,BMW,218i GRAN COUPE M SPORT,2020,6,56700.0,1499.0,140,5,Blue,Win Point Motors Limited,118000.0
2026/06,2026,6,SUBARU,FORESTER 2.0i-S EYESIGHT AWD,2019,7,47775.0,1995.0,156,5,White,Tak Lee Motors (HK) Limited,88000.0
2026/06,2026,6,FERRARI,Portofino,2019,7,12000.0,3855.0,600,4,Red,Hung Wai Motor Enterprise Limited,1980000.0
2026/06,2026,6,PORSCHE,Macan,2017,9,68000.0,1984.0,252,5,White,Hung Wai Motor Enterprise Limited,88000.0
2026/06,2026,6,TESLA,MODEL 3 RWD,2024,2,29000.0,,283,5,White,Celebrity Motors Limited,228000.0
2026/06,2026,6,TOYOTA,RAV 4,2019,7,106829.0,1987.0,173,5,Grey,"Ritz Automobile Co., Limited",98000.0
2026/06,2026,6,BMW,X2 SDRIVE 181A M SPORT EDITION,2021,5,39992.0,1499.0,136,5,Grey,"Ritz Automobile Co., Limited",158000.0
2026/06,2026,6,BMW,X5 XDRIVE40I M SPORT,2020,6,34687.0,2988.0,340,7,White,Tak Lee Motors (HK) Limited,388000.0
2026/06,2026,6,BMW,X7 xDrive40iA M-Sport,2019,7,59000.0,2998.0,340,6,Grey,Hung Wai Motor Enterprise Limited,548000.0
2026/06,2026,6,BMW,iX3 M Sport Edition,2022,4,14000.0,80.0,286,5,Black,Hung Wai Motor Enterprise Limited,298000.0
2026/06,2026,6,TESLA,Model Y Long Range,2022,4,89000.0,153.0,366,5,Silver,Hung Wai Motor Enterprise Limited,208000.0
2026/06,2026,6,BMW,IX2 eDrive 20,2025,1,45.0,,204,5,White,HANSEN MOTORS COMPANY LTD,568000.0
2026/06,2026,6,TESLA,Model 3 RWD,2024,2,45000.0,88.0,204,5,Black,Hung Wai Motor Enterprise Limited,228000.0
2026/06,2026,6,MERCEDES-BENZ,GLB250 AMG 4 MATIC,2020,6,58525.0,1991.0,224,7,White,Tak Lee Motors (HK) Limited,198000.0
2026/06,2026,6,BMW,X5 XDRIVE40IA XLINE,2018,8,47000.0,3000.0,340,5,Black,Celebrity Motors Limited,269000.0
2026/06,2026,6,TESLA,Model 3 Performance,2021,5,89000.0,155.0,450,5,Grey,Vision Motors (HK) Limited,168000.0
2026/06,2026,6,HONDA,Stepwgn Spada 1.5T,2019,7,86000.0,1997.0,150,7,Grey,Vision Motors (HK) Limited,158000.0
2026/06,2026,6,MERCEDES-BENZ,E200 AMG Facelift,2022,4,24289.0,1991.0,197,5,White,Tak Lee Motors (HK) Limited,288000.0
2026/06,2026,6,MERCEDES-BENZ,EQA250,2022,4,53000.0,,190,5,Grey,Cube Motors,218000.0
2026/06,2026,6,PORSCHE,718 Cayman GT4 RS,2023,3,6300.0,3996.0,500,2,Red,Wai To Motors Ltd.,1980000.0
2026/06,2026,6,TOYOTA,SIENTA HYBRID G,2018,8,48000.0,1500.0,110,7,Green,Chun Fat Motor Company Limited,128000.0
2026/06,2026,6,PORSCHE,MACAN 2.0,2017,9,51000.0,2000.0,252,5,Brown,Celebrity Motors Limited,168000.0
2026/06,2026,6,BENTLEY,Mulsanne,2015,11,70000.0,6752.0,505,5,Black,Neighbourcar Group Limited,538000.0
2026/06,2026,6,AUDI,TT COUPE 55 TSFI QUATTRO,2015,11,120000.0,1984.0,230,4,Black,Cube Motors Limited,128000.0
2026/06,2026,6,LAMBORGHINI,HURACAN LP6104,2015,11,30000.0,5204.0,610,2,Red,Neighbourcar Group Limited,1380000.0
2026/06,2026,6,MERCEDES-BENZ,CLA250 SHOOTING BRAKE FACELIFT,2017,9,70000.0,1991.0,211,5,Black,Neighbourcar Group Limited,108000.0
2026/06,2026,6,LEXUS,UX 200 ULTIMATE,2021,5,60000.0,1987.0,173,5,White,Cube Motors Limited,148000.0
2026/06,2026,6,MASERATI,Levante S Gransport,2017,9,69000.0,2979.0,430,5,White,Cube Motors Limited,328000.0
2026/06,2026,6,BENTLEY,BENTAYGA V8,2021,5,30000.0,3996.0,550,5,Black,Neighbourcar Group Limited,2880000.0
2026/06,2026,6,ROLLS-ROYCE,Ghost black badge,2016,10,50000.0,6592.0,563,4,Black,Neighbourcar Group Limited,4390000.0
2026/06,2026,6,TESLA,MODEL Y SR RWD,2022,4,66000.0,,239,5,Red,Cube Motors Limited,198000.0
2026/06,2026,6,TESLA,Model Y RWD,2023,3,148000.0,100.0,239,5,Grey,Hung Wai Motor Enterprise Limited,158000.0
2026/06,2026,6,TESLA,行貨 MODEL Y長續航 LONG RANGE DUAL MOTOR,2025,1,17000.0,153.0,514,5,Blue,Win Fair Motors Limited,398000.0
2026/06,2026,6,MAZDA,MAZDA 8 LF52RAB,2007,19,120000.0,2260.0,163,8,Gold,Vision Motors (HK) Limited,15800.0
2026/06,2026,6,TOYOTA,NOAH DELUXE,2019,7,14000.0,1987.0,152,7,White,Celebrity Motors Limited,138000.0
2026/06,2026,6,PORSCHE,Taycan,2023,3,30000.0,,408,5,White,Wai To Motors Ltd.,798000.0
2026/06,2026,6,MERCEDES-BENZ,CLA250 COUPE AMG (C118),2021,5,39000.0,1991.0,224,2,Black,Vision Motors (HK) Limited,208000.0
2026/06,2026,6,BMW,X4 XDRIVE30IA M Sport,2019,7,65000.0,1998.0,252,5,Black,Vision Motors (HK) Limited,218000.0
2026/06,2026,6,TESLA,Model Y RWD,2026,0,36.0,100.0,300,5,Grey,Hung Wai Motor Enterprise Limited,388000.0
2026/06,2026,6,TOYOTA,行貨CHR HYBRID 尾期豪華版,2021,5,40000.0,1798.0,122,5,Blue,Win Fair Motors Limited,138000.0
2026/06,2026,6,TOYOTA,行貨 Camry 2.5 DELUXE 豪華版,2018,8,110000.0,2494.0,181,5,Red,Win Fair Motors Limited,68000.0
2026/06,2026,6,LAMBORGHINI,URUS 4.0,2018,8,40000.0,3996.0,650,5,Black,Wai To Motors Ltd.,2080000.0
2026/06,2026,6,VOLKSWAGEN,GOLF GTI Performance,2019,7,81000.0,1984.0,245,6,Black,Wai To Motors Ltd.,138000.0
2026/06,2026,6,PORSCHE,Macan 2.0 Facelift,2018,8,68000.0,1984.0,256,5,Grey,HANSEN MOTORS COMPANY LTD,348000.0
2026/06,2026,6,MERCEDES-BENZ,E200 Avantgarde Facelift,2020,6,48000.0,1991.0,197,5,Black,Hung Wai Motor Enterprise Limited,218000.0
2026/06,2026,6,TESLA,Model Y RWD,2026,0,37.0,100.0,300,5,Black,Hung Wai Motor Enterprise Limited,388000.0
2026/06,2026,6,BMW,iX3 M Sport Edition,2022,4,36000.0,,286,5,White,Cube Motors,288000.0
2026/06,2026,6,MAXUS,Mifa 9 Premium,2024,2,42000.0,90.0,245,7,Black,Hung Wai Motor Enterprise Limited,378000.0
2026/06,2026,6,BMW,iX3 M Sport Edition,2023,3,54000.0,80.0,286,5,White,Hung Wai Motor Enterprise Limited,298000.0
2026/06,2026,6,PORSCHE,718 CAYMAN T,2021,5,14000.0,1988.0,300,2,White,Autopop Limited,768000.0
2026/06,2026,6,LAMBORGHINI,Huracan LP580-2 RWD Coupe,2017,9,7000.0,5204.0,580,2,Orange,Neighbourcar Group Limited,1490000.0
2026/06,2026,6,BMW,E46 M3 COUPE,2001,25,160000.0,3245.0,343,5,Yellow,Autopop Limited,298000.0
2026/06,2026,6,MERCEDES-BENZ,A35 AMG,2022,4,10000.0,1991.0,306,5,White,Autopop Limited,358000.0
2026/06,2026,6,VOLVO,XC40 B4 Momentum,2022,4,51000.0,1969.0,197,5,Black,Hung Wai Motor Enterprise Limited,118000.0
2026/06,2026,6,PORSCHE,MACAN GTS,2022,4,60000.0,2894.0,440,5,White,Autopop Limited,798000.0
2026/06,2026,6,TESLA,Model Y RWD,2026,0,32.0,,296,5,Grey,Autoway Motors Limited,378000.0
2026/06,2026,6,BMW,I4 Edrive35 M Sport,2023,3,15400.0,,286,5,Green,Autoway Motors Limited,378000.0
2026/06,2026,6,AUDI,A3 sportback 40 TFSI Quattro,2019,7,46400.0,1984.0,190,5,White,Autoway Motors Limited,108000.0
2026/06,2026,6,VOLKSWAGEN,Polo Sport,2018,8,104500.0,999.0,115,5,White,Autoway Motors Limited,49000.0
2026/06,2026,6,MERCEDES-BENZ,E300 Cabriolet,2018,8,41000.0,1991.0,245,4,White,Hung Wai Motor Enterprise Limited,278000.0
2026/06,2026,6,LAMBORGHINI,HURACAN LP580-2,2018,8,14000.0,5204.0,580,2,Green,Zhong Hwa Motors Co. Ltd,1680000.0
2026/06,2026,6,MERCEDES-BENZ,E300 Cabriolet,2018,8,41000.0,1991.0,210,4,White,Zhong Hwa Motors Co. Ltd,318000.0
2026/06,2026,6,MERCEDES-BENZ,EQA250 AMG,2022,4,28000.0,80.0,190,5,Grey,Hung Wai Motor Enterprise Limited,228000.0
2026/06,2026,6,MERCEDES-BENZ,G63 Edition One,2019,7,20000.0,3996.0,575,2,Silver,Zhong Hwa Motors Co. Ltd,2080000.0
2026/06,2026,6,PORSCHE,CAYENNE COUPE,2019,7,60000.0,2995.0,340,5,Black,Neighbourcar Group Limited,548000.0
2026/06,2026,6,MERCEDES-BENZ,A220 AMG,2020,6,120000.0,1991.0,190,5,Red,Hung Wai Motor Enterprise Limited,73800.0
2026/06,2026,6,TOYOTA,Alphard 2.4,2014,12,140000.0,2362.0,170,8,Grey,Vision Motors (HK) Limited,59800.0
2026/06,2026,6,LEXUS,NX300H Hybrid,2014,12,82269.0,2494.0,197,5,Grey,Tak Lee Motors (HK) Limited,98000.0
2026/06,2026,6,HONDA,Jazz GK5 RS,2021,5,59000.0,1496.0,132,5,Grey,Hung Wai Motor Enterprise Limited,79000.0
2026/06,2026,6,KIA,Sorento Diesel V,2022,4,45000.0,2151.0,202,5,Brown,Hung Wai Motor Enterprise Limited,138000.0
2026/06,2026,6,NISSAN,SERENA E-POWER HIGHWAY STAR VIP,2021,5,67298.0,1198.0,136,7,White,"Ritz Automobile Co., Limited",148000.0
2026/06,2026,6,MERCEDES-BENZ,A200 AMG,2020,6,37000.0,1332.0,163,2,White,PRO-DRIVER,128000.0
2026/06,2026,6,BMW,X1 S-DRIVE 18IA M-SPORT,2019,7,37000.0,1499.0,140,5,Blue,PRO-DRIVER,118000.0
2026/06,2026,6,MERCEDES-BENZ,S500 FACELIFT,2018,8,21000.0,2999.0,435,5,Brown,PRO-DRIVER,498000.0
2026/06,2026,6,BMW,218IA GRAN COUPE M-SPORT,2021,5,20000.0,1499.0,136,2,Grey,PRO-DRIVER,148000.0
2026/06,2026,6,TESLA,MODEL 3 LONGE RANGE AWD,2024,2,17000.0,153.0,498,2,Grey,Royal Horse Motors Company,288000.0
2026/06,2026,6,PORSCHE,996 CARRERA MT,1998,28,145000.0,3400.0,296,4,Black,PRO-DRIVER,228000.0
2026/06,2026,6,PORSCHE,718 CAYMAN GT4RS,2023,3,6300.0,3996.0,500,2,Red,PRO-DRIVER,1980000.0
2026/06,2026,6,MERCEDES-BENZ,GLB250 4MATIC AMG,2020,6,73000.0,1991.0,221,7,Blue,PRO-DRIVER,228000.0
2026/06,2026,6,BMW,X1 SDRIVE 18IA M SPORT F48,2019,7,79000.0,1500.0,136,5,Blue,Royal Horse Motors Company,108000.0
2026/06,2026,6,MINI,COOPER S,2014,12,57285.0,1998.0,192,5,Black,"Ritz Automobile Co., Limited",58000.0
2026/06,2026,6,HONDA,STEPWGN E:HEV PREMIUM LINE,2023,3,7634.0,1993.0,184,7,White,"Ritz Automobile Co., Limited",288000.0
2026/06,2026,6,LEXUS,UX200 ULTIMATE,2021,5,60000.0,1987.0,173,5,White,PRO-DRIVER,168000.0
2026/06,2026,6,MERCEDES-BENZ,C200 COUPE AMG FACELIFT,2018,8,31000.0,1497.0,184,4,White,PRO-DRIVER,188000.0
2026/06,2026,6,TOYOTA,ALPHARD 3.5,2017,9,61000.0,3500.0,274,7,Silver,Yat Chung Car Company,198000.0
2026/06,2026,6,PORSCHE,992 Targa 4,2021,5,8100.0,2981.0,385,2,White,Neighbourcar Group Limited,2280000.0
2026/06,2026,6,BMW,330CIA Cabrio Sport,2005,21,117000.0,2979.0,225,4,Grey,Vision Motors (HK) Limited,48000.0
2026/06,2026,6,TESLA,Model 3 Long Range AWD,2024,2,6700.0,153.0,346,5,Grey,Hung Wai Motor Enterprise Limited,308000.0
2026/06,2026,6,BYD,Sealion 7 Performance (AWD),2025,1,9890.0,145.0,530,5,Grey,"New Method Motors Co., Ltd.",298000.0
2026/06,2026,6,BMW,X1 XDRIVE25IA M SPORT (F48),2016,10,15000.0,1998.0,231,5,Blue,Vision Motors (HK) Limited,88000.0
2026/06,2026,6,PORSCHE,Cayman GTS,2018,8,25000.0,2497.0,365,2,Grey,Cube Motors,668000.0
2026/06,2026,6,VOLVO,XC60 T5 MOMENTUM,2018,8,81985.0,1969.0,254,5,Black,"New Method Motors Co., Ltd.",98000.0
2026/06,2026,6,AUDI,Q3 45 TFSI QUATTRO S LINE,2020,6,69000.0,1984.0,190,5,White,Vision Motors (HK) Limited,138000.0
2026/06,2026,6,TESLA,MODEL Y LONG RANGE DUAL MOTOR,2021,5,90000.0,153.0,271,5,White,Neighbour Star,168000.0
2026/06,2026,6,JAGUAR,E PACE S P200,2019,7,67000.0,2000.0,200,5,Red,Yat Chung Car Company,118000.0
2026/06,2026,6,TOYOTA,Alphard executive lounge 3.5,2019,7,48000.0,3500.0,300,7,Black,A AND S AUTOMOBILE CO. LTD,338000.0
2026/06,2026,6,MITSUBISHI,OUTLANDER black edition,2019,7,55000.0,2359.0,166,5,Grey,Yat Chung Car Company,88000.0
2026/06,2026,6,MASERATI,GRANCABRIO SPORT,2013,13,60000.0,4691.0,450,4,Black,Neighbourcar Group Limited,148000.0
2026/06,2026,6,MERCEDES-BENZ,C200 FL (W205),2019,7,43000.0,1497.0,184,5,White,Vision Motors (HK) Limited,148000.0
2026/06,2026,6,BENTLEY,Continental GT,2017,9,30000.0,5998.0,635,4,Blue,Neighbourcar Group Limited,708000.0
2026/06,2026,6,HONDA,Freed 1.5 L,2017,9,147000.0,1496.0,131,7,Yellow,Vision Motors (HK) Limited,78000.0
2026/06,2026,6,MITSUBISHI,ECLIPSE CROSS 1.5 CVT,2017,9,104000.0,1499.0,163,5,Red,Kings Motor Co,68000.0
2026/06,2026,6,BMW,X5 xDrive40iA M-Sport,2022,4,54000.0,2998.0,340,7,Grey,Hung Wai Motor Enterprise Limited,398000.0
2026/06,2026,6,MERCEDES-BENZ,C200 AMG 包圍,2020,6,66000.0,1497.0,184,5,White,Vision Motors (HK) Limited,158000.0
2026/06,2026,6,MINI,JCW GP,2020,6,7400.0,1998.0,306,2,Grey,Kings Motor Co,378000.0
2026/06,2026,6,BMW,440IA COUPE-M SPORT EDITION,2016,10,65000.0,2998.0,326,4,Silver,Kings Motor Co,188000.0
2026/06,2026,6,FIAT,FERRARI ABARTH 695 TRIBUTO,2010,16,8700.0,1368.0,180,4,Red,Kings Motor Co,228000.0
2026/06,2026,6,MERCEDES-BENZ,E43 AMG,2017,9,73000.0,2996.0,401,5,Grey,Kings Motor Co,198000.0
2026/06,2026,6,MCLAREN,570S COUPE,2016,10,9500.0,3799.0,570,2,Orange,Kings Motor Co,1380000.0
2026/06,2026,6,BYD,Sealion 7,2025,1,8900.0,,231,5,Grey,Wai To Motors Ltd.,288000.0
2026/06,2026,6,TESLA,Model 3 performance Daul Motor,2021,5,72000.0,888.0,450,5,Grey,Race Art Motors Limited,168000.0
2026/06,2026,6,PORSCHE,Panamera 3.0T,2017,9,74000.0,2995.0,330,4,Black,Wai To Motors Ltd.,468000.0
2026/06,2026,6,TOYOTA,SPADE 1.5 / PORTE,2020,6,4400.0,1496.0,109,5,Brown,Vision Motors (HK) Limited,83000.0
2026/06,2026,6,PORSCHE,718 BOXSTER S,2016,10,40000.0,2497.0,350,2,White,Neighbourcar Group Limited,498000.0
2026/06,2026,6,NISSAN,NOTE DIG-S Green,2018,8,26000.0,1198.0,98,5,Blue,Vision Motors (HK) Limited,49800.0
2026/06,2026,6,FERRARI,California,2012,14,13000.0,4297.0,490,4,Black,Neighbourcar Group Limited,678000.0
2026/05,2026,5,AUDI,A3 Sportback 35TFSI S-Line,2018,8,120000.0,1395.0,150,5,Grey,Hung Wai Motor Enterprise Limited,49000.0
2026/05,2026,5,TESLA,Model 3 RWD,2024,2,38000.0,88.0,204,5,Grey,Hung Wai Motor Enterprise Limited,238000.0
2026/05,2026,5,TOYOTA,Sienta,2008,18,70000.0,1496.0,110,7,White,Hung Wai Motor Enterprise Limited,28000.0
2026/05,2026,5,TESLA,Model 3 Long Range,2021,5,81000.0,153.0,252,5,White,Hung Wai Motor Enterprise Limited,158000.0
2026/05,2026,5,TESLA,Model 3 SR Plus,2021,5,84000.0,100.0,204,5,White,Hung Wai Motor Enterprise Limited,148000.0
2026/05,2026,5,SMART,#1 Brabus,2024,2,38000.0,,428,5,Black,Cube Motors,268000.0
2026/05,2026,5,TESLA,Model 3 RWD,2024,2,18000.0,88.0,204,5,Green,Hung Wai Motor Enterprise Limited,248000.0
2026/05,2026,5,BMW,I4 eDrive 40 Gran Coupe M Sport Edition (G26),2023,3,53100.0,250.0,340,5,Blue,A AND S AUTOMOBILE CO. LTD,398000.0
2026/05,2026,5,MERCEDES-BENZ,GLC 300 (AMG),2021,5,55000.0,2000.0,245,5,Grey,Pak Yu Motors,278000.0
2026/05,2026,5,PORSCHE,911 991.2 CARRERA COUPE,2017,9,33000.0,2981.0,450,2,Yellow,Neighbourcar Group Limited,1008000.0
2026/05,2026,5,TOYOTA,NOAH,2021,5,110000.0,1987.0,152,7,White,Vision Motors (HK) Limited,133000.0
2026/05,2026,5,TESLA,Model Y Lond Range,2022,4,230000.0,,366,5,White,Hung Wai Motor Enterprise Limited,139800.0
2026/05,2026,5,LAND ROVER,EVOQUE HSE DYN 2.0,2016,10,99800.0,1999.0,150,5,Blue,Vision Motors (HK) Limited,78000.0
2026/05,2026,5,ROVER,RR EVOQUE P250 R-DYN HSE,2019,7,55000.0,1997.0,249,5,White,A AND S AUTOMOBILE CO. LTD,288000.0
2026/05,2026,5,MINI,Clubman,2018,8,54000.0,1499.0,136,5,Brown,Hung Wai Motor Enterprise Limited,68000.0
2026/05,2026,5,AUDI,E-Tron 55 Quattro,2020,6,74000.0,158.0,355,5,Black,Hung Wai Motor Enterprise Limited,288000.0
2026/05,2026,5,TESLA,Model 3 SR Plus,2020,6,130000.0,100.0,204,5,White,Hung Wai Motor Enterprise Limited,119000.0
2026/05,2026,5,MINI,COUNTRYMAN 1.5 Facelift,2021,5,32000.0,1499.0,136,5,Grey,HANSEN MOTORS COMPANY LTD,178000.0
2026/05,2026,5,PORSCHE,Boxster GTS,2015,11,63000.0,3436.0,330,2,White,Hung Wai Motor Enterprise Limited,438000.0
2026/05,2026,5,AUDI,Q5 45 TFSI QUATTRO SLINE,2022,4,42800.0,1984.0,261,5,Grey,A AND S AUTOMOBILE CO. LTD,258000.0
2026/05,2026,5,BMW,120iA M Sport Edition (F20),2019,7,32300.0,1998.0,184,5,Blue,A AND S AUTOMOBILE CO. LTD,108000.0
2026/05,2026,5,KIA,CARNIVAL DIESEL LUXURY,2022,4,19500.0,2151.0,202,5,Blue,Vision Motors (HK) Limited,168000.0
2026/05,2026,5,MERCEDES-BENZ,CLA250 COUPE,2021,5,9400.0,1991.0,224,5,Grey,A AND S AUTOMOBILE CO. LTD,268000.0
2026/05,2026,5,SUBARU,Solterra,2025,1,10000.0,,217,5,Grey,Cube Motors,258000.0
2026/05,2026,5,PORSCHE,Taycan 4S,2020,6,22000.0,,562,5,Silver,Neighbour Star,808000.0
2026/05,2026,5,MERCEDES-BENZ,CLA200 AMG,2016,10,51000.0,1595.0,156,5,Grey,Hung Wai Motor Enterprise Limited,63800.0
2026/05,2026,5,TOYOTA,Vellfire 250,2021,5,83110.0,2494.0,182,7,Black,"New Method Motors Co., Ltd.",298000.0
2026/05,2026,5,BENTLEY,Continental Flying Spur,2005,21,70898.0,5998.0,552,5,Black,"New Method Motors Co., Ltd.",128000.0
2026/05,2026,5,LEXUS,ES 250,2019,7,57000.0,2487.0,207,5,Black,Race Art Motors Limited,138000.0
2026/05,2026,5,BMW,I4 M50 GRAN COUPE,2023,3,65000.0,,544,5,Grey,Neighbourcar Group Limited,438000.0
2026/05,2026,5,BMW,X3 XDRIVE20IA LUXURY (G01),2021,5,76000.0,1998.0,184,5,Grey,Vision Motors (HK) Limited,158000.0
2026/05,2026,5,BMW,IX XDRIVE40,2024,2,8300.0,,326,5,Grey,Celebrity Motors Limited,588000.0
2026/05,2026,5,BMW,X1 Sdive18iA X-Line,2020,6,70000.0,1499.0,136,5,Black,Hung Wai Motor Enterprise Limited,103000.0
2026/05,2026,5,VOLVO,XC60 T5 Inscription,2018,8,89000.0,1969.0,254,5,Blue,Hung Wai Motor Enterprise Limited,89000.0
2026/05,2026,5,MERCEDES-BENZ,GLE450 4MATIC,2021,5,61000.0,2999.0,367,7,Black,Cube Motors,448000.0
2026/05,2026,5,TESLA,Model Y RWD,2025,1,12208.0,,295,5,Grey,Tak Lee Motors (HK) Limited,318000.0
2026/05,2026,5,PORSCHE,CAYENNE COUPE,2021,5,18000.0,2995.0,340,5,White,HANSEN MOTORS COMPANY LTD,868000.0
2026/05,2026,5,MERCEDES-BENZ,EQA250 AMG,2021,5,51000.0,80.0,190,5,Grey,Hung Wai Motor Enterprise Limited,188000.0
2026/05,2026,5,TOYOTA,CHR Hybrid,2020,6,73000.0,1798.0,122,5,Grey,Hung Wai Motor Enterprise Limited,118000.0
2026/05,2026,5,TESLA,Model Y Performance,2022,4,52000.0,155.0,462,5,White,Hung Wai Motor Enterprise Limited,248000.0
2026/05,2026,5,MERCEDES-BENZ,EQC 400 AMG,2021,5,90000.0,,408,5,White,Celebrity Motors Limited,318000.0
2026/05,2026,5,HONDA,JAZZ eHEV,2022,4,66000.0,1498.0,120,5,Red,HANSEN MOTORS COMPANY LTD,118000.0
2026/05,2026,5,TESLA,Model 3 performance Dual Motor All Wheel Drive,2021,5,40000.0,,450,5,Grey,Neighbourcar Group Limited,198000.0
2026/05,2026,5,FERRARI,FF,2012,14,59000.0,6262.0,651,4,Black,Neighbourcar Group Limited,778000.0
2026/05,2026,5,TOYOTA,NOAH DELUXE,2014,12,77000.0,1987.0,152,7,White,Celebrity Motors Limited,88000.0
2026/05,2026,5,MERCEDES-BENZ,GLC300 COUPE FACELIFT,2021,5,38000.0,1991.0,258,5,Grey,Celebrity Motors Limited,298000.0
2026/05,2026,5,TOYOTA,VELLFIRE,2020,6,34000.0,3456.0,301,7,White,Celebrity Motors Limited,378000.0
2026/05,2026,5,HONDA,Stepwgn Spada HYBRID GEX,2018,8,34000.0,2000.0,214,7,White,Celebrity Motors Limited,168000.0
2026/05,2026,5,PORSCHE,718 Cayman GT4 RS,2023,3,1000.0,3996.0,500,2,Yellow,HANSEN MOTORS COMPANY LTD,2480000.0
2026/05,2026,5,BMW,520D SALOON -SPORT,2017,9,100387.0,1995.0,190,5,Black,Win Point Motors Limited,168000.0
2026/05,2026,5,BMW,520IA SALOON M SPORT,2019,7,49272.0,1998.0,184,5,White,Win Point Motors Limited,148000.0
2026/05,2026,5,HONDA,Stepwgn 1.5Turbo Spada RP3,2018,8,140000.0,1496.0,150,7,Grey,Hung Wai Motor Enterprise Limited,85000.0
2026/05,2026,5,BMW,X2 SDRIVE18IA M Sport Edition,2021,5,45912.0,1499.0,140,5,White,Win Point Motors Limited,158000.0
2026/05,2026,5,PORSCHE,911 CARRERA S COUPE,2013,13,38000.0,3800.0,400,2,Grey,Neighbourcar Group Limited,688000.0
2026/05,2026,5,TOYOTA,ALPHARD 2.5,2018,8,56000.0,2493.0,182,7,Black,Neighbourcar Group Limited,260000.0
2026/05,2026,5,TOYOTA,Alphard 3.5 Facelift,2019,7,75000.0,3456.0,300,7,Black,Hung Wai Motor Enterprise Limited,288000.0
2026/05,2026,5,MERCEDES-BENZ,GLB250 AMG 4MATIC,2020,6,48000.0,1991.0,224,7,Grey,Cube Motors,228000.0
2026/05,2026,5,BMW,IX1 xDrive30 M Sport Edition,2023,3,34120.0,115.0,313,5,Grey,"New Method Motors Co., Ltd.",398000.0
2026/05,2026,5,AUDI,RS6 AVANT QUATTRO,2020,6,30000.0,3996.0,600,5,Grey,Neighbourcar Group Limited,1180000.0
2026/05,2026,5,FERRARI,CALIFORNIA T,2015,11,10000.0,3855.0,560,4,Black,Neighbourcar Group Limited,978000.0
2026/05,2026,5,MCLAREN,720S COUPE,2017,9,14000.0,3994.0,720,2,Orange,Neighbourcar Group Limited,1980000.0
2026/05,2026,5,MERCEDES-BENZ,AMG G63 4M FL,2019,7,30000.0,3982.0,585,5,White,Neighbourcar Group Limited,1880000.0
2026/05,2026,5,PORSCHE,BOXSTER S,2014,12,11000.0,3456.0,315,2,Yellow,Neighbourcar Group Limited,358000.0
2026/05,2026,5,BMW,M3 COMPETITION M XDRIVE SALOON,2022,4,19000.0,2993.0,510,5,White,Neighbourcar Group Limited,1008000.0
2026/05,2026,5,PORSCHE,TAYCAN,2021,5,30000.0,,408,5,Pink,Neighbourcar Group Limited,758000.0
2026/05,2026,5,MERCEDES-BENZ,C250 CABRIOLET,2016,10,58000.0,1991.0,211,4,Silver,Neighbourcar Group Limited,168000.0
2026/05,2026,5,BMW,M3 COMPETITION SALOON,2021,5,90000.0,2993.0,510,5,Black,Neighbourcar Group Limited,678000.0
2026/05,2026,5,MCLAREN,720S COUPE,2018,8,4000.0,3994.0,720,2,White,Neighbourcar Group Limited,2580000.0
2026/05,2026,5,MCLAREN,720S COUPE,2017,9,4900.0,3994.0,720,2,White,Neighbourcar Group Limited,2280000.0
2026/05,2026,5,BMW,M3 SALOON F80,2016,10,65000.0,2979.0,425,5,Blue,Autopop Limited,328000.0
2026/05,2026,5,PORSCHE,718 CAYMAN GTS,2018,8,30000.0,2497.0,365,2,Black,Autopop Limited,788000.0
2026/05,2026,5,PORSCHE,CAYMAN S 987.2,2010,16,48000.0,3436.0,320,2,Black,HANSEN MOTORS COMPANY LTD,178000.0
2026/05,2026,5,VOLVO,行貨 XC60 2.0-T5 Inscription版,2018,8,89000.0,1969.0,254,5,Grey,Win Fair Motors Limited,98000.0
2026/05,2026,5,PORSCHE,991.2 Carrera GTS Coupe,2017,9,23000.0,2981.0,450,4,Red,Wai To Motors Ltd.,1380000.0
2026/05,2026,5,MERCEDES-BENZ,S63 AMG Facelift,2018,8,42000.0,3982.0,612,5,White,Wai To Motors Ltd.,898000.0
2026/05,2026,5,MERCEDES-BENZ,S500 Facelift,2018,8,21000.0,2999.0,435,5,Black,Wai To Motors Ltd.,498000.0
2026/05,2026,5,TESLA,Model Y SR RWD,2022,4,69000.0,,320,5,White,HANSEN MOTORS COMPANY LTD,218000.0
2026/05,2026,5,SUBARU,行貨新款BRZ-6AT版EyeSight,2025,1,8000.0,2387.0,234,4,Grey,Win Fair Motors Limited,268000.0
2026/05,2026,5,MERCEDES-BENZ,S500L,2014,12,49359.0,4663.0,455,5,Silver,"New Method Motors Co., Ltd.",298000.0
2026/05,2026,5,SUZUKI,Jimny 1.5 A/T,2020,6,14000.0,1462.0,102,4,Grey,HANSEN MOTORS COMPANY LTD,148000.0
2026/05,2026,5,TESLA,Model X 100D,2017,9,35877.0,,483,6,Blue,Tak Lee Motors (HK) Limited,298000.0
2026/05,2026,5,PORSCHE,Macan S,2016,10,30000.0,2997.0,340,5,Black,Neighbourcar Group Limited,188000.0
2026/05,2026,5,MAXUS,Mifa 9 Luxury,2024,2,51000.0,90.0,245,7,Purple,Hung Wai Motor Enterprise Limited,368000.0
2026/05,2026,5,TESLA,Model 3 RWD,2026,0,200.0,88.0,283,5,Grey,Hung Wai Motor Enterprise Limited,308000.0
2026/05,2026,5,BMW,iX2 xDrive30 M Sport,2024,2,13000.0,,313,5,Grey,Cube Motors,458000.0
2026/05,2026,5,PORSCHE,Taycan 4S,2020,6,63000.0,,563,5,White,Wai To Motors Ltd.,748000.0
2026/05,2026,5,MERCEDES-BENZ,GLC250 4Matic AMG,2017,9,68000.0,1991.0,211,5,Blue,Hung Wai Motor Enterprise Limited,118000.0
2026/05,2026,5,MERCEDES-BENZ,EQA250 AMG,2022,4,39000.0,111.0,190,5,Blue,Hung Wai Motor Enterprise Limited,228000.0
2026/05,2026,5,AUDI,A6 55 TFSI Quattro,2019,7,38000.0,2995.0,340,5,White,Hung Wai Motor Enterprise Limited,168000.0
2026/05,2026,5,NISSAN,Serena Highway Star VIP,2018,8,99000.0,1997.0,150,8,White,Hung Wai Motor Enterprise Limited,103000.0
2026/05,2026,5,MERCEDES-BENZ,S63 AMG CABRIOLET,2016,10,22905.0,5461.0,585,4,White,"New Method Motors Co., Ltd.",1880000.0
2026/05,2026,5,MERCEDES-BENZ,GLE53 Coupe AMG,2021,5,57000.0,2999.0,435,5,Blue,Hung Wai Motor Enterprise Limited,668000.0
2026/05,2026,5,TESLA,MODEL 3 Performance,2020,6,87000.0,,462,5,White,HANSEN MOTORS COMPANY LTD,168000.0
2026/05,2026,5,TESLA,Model S Long Range,2020,6,68000.0,,417,5,White,Wai To Motors Ltd.,248000.0
2026/05,2026,5,TESLA,Model X 90D,2017,9,77884.0,,311,7,White,Win Point Motors Limited,278000.0
2026/05,2026,5,TOYOTA,Alphard 3.5 (行貨）,2019,7,67000.0,3500.0,301,7,White,Pak Yu Motors,318000.0
2026/05,2026,5,TOYOTA,ALPHARD GF,2017,9,47000.0,3456.0,275,7,White,Celebrity Motors Limited,238000.0
2026/05,2026,5,SMART,#1 Barbus,2024,2,18000.0,,422,5,Black,Neighbour Star,278000.0
2026/05,2026,5,TESLA,Tesla Model S 90D,2017,9,73000.0,158.0,670,5,Black,Vision Motors (HK) Limited,178000.0
2026/05,2026,5,MERCEDES-BENZ,GLE 450,2020,6,43000.0,2999.0,367,7,Blue,Celebrity Motors Limited,448000.0
2026/05,2026,5,PORSCHE,MACAN 2.0 FACELIFT,2019,7,32000.0,1984.0,252,5,Blue,Celebrity Motors Limited,298000.0
2026/05,2026,5,BMW,i4 EDRIVE40 M SPORT,2023,3,41000.0,84.0,340,5,Black,Royal Horse Motors Company,358000.0
2026/05,2026,5,PORSCHE,Boxster,2007,19,49000.0,2687.0,245,2,Red,Wai To Motors Ltd.,138000.0
2026/05,2026,5,BMW,X1 SDRIVE201A （F48),2019,7,50000.0,1998.0,192,5,Orange,Vision Motors (HK) Limited,108000.0
2026/05,2026,5,TOYOTA,Alphard 250 Facelift,2018,8,89836.0,2494.0,182,7,Gold,Tak Lee Motors (HK) Limited,228000.0
2026/05,2026,5,MERCEDES-BENZ,A200 AMG,2020,6,37000.0,1332.0,163,5,White,Celebrity Motors Limited,128000.0
2026/05,2026,5,TESLA,Model 3 SR Plus,2019,7,31000.0,100.0,204,5,Grey,Hung Wai Motor Enterprise Limited,128000.0
2026/05,2026,5,BMW,IX1 xDrive30 xLine,2023,3,52000.0,,313,5,Silver,Cube Motors,328000.0
2026/05,2026,5,LEXUS,NX200T F SPORT,2015,11,83159.0,1998.0,238,5,White,Tak Lee Motors (HK) Limited,130000.0
2026/05,2026,5,VOLVO,XC60 T5 Inscription,2018,8,34000.0,1969.0,254,5,Blue,Hung Wai Motor Enterprise Limited,98000.0
2026/05,2026,5,MERCEDES-BENZ,C200 AMG,2020,6,55858.0,1500.0,184,5,White,Cube Motors,148000.0
2026/05,2026,5,PORSCHE,911 992 GT3 RS,2023,3,3000.0,3996.0,525,2,Purple,Autopop Limited,4680000.0
2026/05,2026,5,PORSCHE,718 BOXSTER S,2018,8,23000.0,2497.0,350,2,Yellow,Autopop Limited,598000.0
2026/05,2026,5,FERRARI,458 SPIDER,2012,14,40000.0,4497.0,570,2,Red,Autopop Limited,1430000.0
2026/05,2026,5,ALFA ROMEO,GIULIA QUADRIFOGLiO,2024,2,2500.0,2891.0,510,5,Green,Autopop Limited,968000.0
2026/05,2026,5,BENTLEY,CONTINENTAL GTC W12,2007,19,53000.0,5998.0,552,4,White,Autopop Limited,198000.0
2026/05,2026,5,TESLA,Model Y RWD,2023,3,38000.0,88.0,239,5,Black,Hung Wai Motor Enterprise Limited,218000.0
2026/05,2026,5,BMW,X2 SDRIVE20IA - M SPORT (F39),2018,8,75000.0,1998.0,192,2,Orange,Vision Motors (HK) Limited,78000.0
2026/05,2026,5,VOLVO,XC60 T5 Inscription,2018,8,73000.0,1969.0,254,5,Black,Hung Wai Motor Enterprise Limited,79000.0
2026/05,2026,5,PORSCHE,MACAN GTS,2024,2,4000.0,2894.0,440,5,Grey,Wai To Motors Ltd.,1098000.0
2026/05,2026,5,BMW,X3 xDrive30iA M-Sport,2018,8,110000.0,1998.0,252,5,Grey,Hung Wai Motor Enterprise Limited,118000.0
2026/05,2026,5,TOYOTA,Alphard Executive Lounge,2016,10,71144.0,3456.0,272,7,White,Win Point Motors Limited,238000.0
2026/05,2026,5,TESLA,Model 3 RWD,2026,0,40.0,88.0,283,5,Grey,Hung Wai Motor Enterprise Limited,298000.0
2026/05,2026,5,MERCEDES-BENZ,E250,2018,8,70000.0,1991.0,211,5,Black,Neighbourcar Group Limited,148000.0
2026/05,2026,5,PORSCHE,911 GT3 RS,2019,7,3900.0,3996.0,520,2,Grey,Neighbourcar Group Limited,2880000.0
2026/05,2026,5,LEXUS,NX300,2021,5,60690.0,1998.0,238,5,Orange,Win Point Motors Limited,188000.0
2026/05,2026,5,AUDI,RS6 AVANT QUATTRO,2020,6,8000.0,3996.0,600,5,Grey,Neighbourcar Group Limited,1380000.0
2026/05,2026,5,AUDI,RS6 AVANT 4.0 TFSI QUATTRO,2013,13,40000.0,3993.0,180,5,Grey,Neighbourcar Group Limited,438000.0
2026/05,2026,5,MERCEDES-BENZ,AMG CLA 35 4MATIC,2021,5,40000.0,1991.0,306,5,White,HANSEN MOTORS COMPANY LTD,308000.0
2026/05,2026,5,TOYOTA,NOAH DELUXE,2013,13,120000.0,1987.0,158,7,White,Race Art Motors Limited,58000.0
2026/05,2026,5,MERCEDES-BENZ,SLC200,2016,10,52577.0,1991.0,184,2,Silver,"New Method Motors Co., Ltd.",138000.0
2026/05,2026,5,MERCEDES-BENZ,GLC300 AMG,2017,9,56000.0,1991.0,245,5,White,Race Art Motors Limited,138000.0
2026/05,2026,5,AUDI,A3 Sportback 35 TFSI S Line,2022,4,39000.0,1498.0,150,5,Grey,Cube Motors,148000.0
2026/05,2026,5,NISSAN,LEAF,2019,7,64275.0,99.0,150,5,White,"New Method Motors Co., Ltd.",98000.0
2026/05,2026,5,BMW,M3 COMPETITION SALOON (G80),2020,6,67000.0,2993.0,510,5,Red,HANSEN MOTORS COMPANY LTD,768000.0
2026/05,2026,5,ASTON MARTIN,Vantage AMR,2020,6,5000.0,3982.0,510,2,Blue,Neighbourcar Group Limited,1380000.0
2026/05,2026,5,TOYOTA,Alphard 3.5,2008,18,130000.0,3456.0,275,7,Black,Hung Wai Motor Enterprise Limited,33800.0
2026/05,2026,5,AUDI,Q3 45TFSI Quattro Sportback,2021,5,45000.0,1984.0,230,5,Orange,Hung Wai Motor Enterprise Limited,168000.0
2026/05,2026,5,HYUNDAI,Ioniq Electric,2020,6,57000.0,24.0,136,5,Blue,Hung Wai Motor Enterprise Limited,98000.0
2026/05,2026,5,PORSCHE,Macan S,2017,9,100000.0,2997.0,340,5,White,Hung Wai Motor Enterprise Limited,138000.0
2026/05,2026,5,PORSCHE,911 CARRERA 4S COUPE,2017,9,78000.0,2981.0,420,4,Red,Neighbour Star,1080000.0
2026/05,2026,5,MERCEDES-BENZ,EQB250 AMG,2022,4,69000.0,,190,7,Grey,Cube Motors,268000.0
2026/05,2026,5,BMW,i4 eDrive40 M Sport,2023,3,24000.0,,340,5,White,Cube Motors,338000.0
2026/05,2026,5,MERCEDES-BENZ,AMG CLA35 4MATIC COUPE,2021,5,28000.0,1991.0,306,5,Red,Neighbourcar Group Limited,308000.0
2026/05,2026,5,MERCEDES-BENZ,CLS450 4MATIC,2018,8,45000.0,2999.0,367,5,Black,Neighbourcar Group Limited,248000.0
2026/05,2026,5,MERCEDES-BENZ,GLC300 4 MATIC COUPE FL AMG (C253),2021,5,28000.0,1991.0,258,5,Silver,Vision Motors (HK) Limited,348000.0
2026/05,2026,5,LAND ROVER,RANGE ROVER SPORT 3.0,2014,12,36611.0,3000.0,340,5,Black,"New Method Motors Co., Ltd.",298000.0
2026/05,2026,5,BMW,X5 XDRIVE35i,2018,8,16659.0,2979.0,306,7,Black,Tak Lee Motors (HK) Limited,158000.0
2026/05,2026,5,TESLA,MODEL 3 STANDARD RANGE,2021,5,41000.0,100.0,271,5,Black,Vision Motors (HK) Limited,138000.0
2026/05,2026,5,MERCEDES-BENZ,GLC250 4Matic,2016,10,68000.0,1991.0,211,5,Black,Hung Wai Motor Enterprise Limited,99000.0
2026/05,2026,5,BMW,320GT,2017,9,82000.0,1997.0,184,5,Grey,Hung Wai Motor Enterprise Limited,59000.0
2026/05,2026,5,TESLA,Model Y Long Range,2022,4,45000.0,,425,5,White,Pak Yu Motors,238000.0
2026/05,2026,5,OTHERS,MG 4 ELECTRIC,2023,3,57000.0,152.0,204,5,Orange,Vision Motors (HK) Limited,178000.0
2026/05,2026,5,HONDA,CRV 1.5(7座）,2019,7,75000.0,1500.0,193,7,White,Pak Yu Motors,138000.0
2026/05,2026,5,TOYOTA,Land Cruiser 250 (全新車）,2024,2,90.0,2700.0,163,7,Others,Pak Yu Motors,688000.0
2026/05,2026,5,PORSCHE,Macan EV,2025,1,15000.0,120.0,340,5,White,Hung Wai Motor Enterprise Limited,838000.0
2026/05,2026,5,MINI,Cooper Countryman Automatic,2019,7,31000.0,1499.0,136,5,Blue,Vision Motors (HK) Limited,128000.0
2026/05,2026,5,LAMBORGHINI,Gallardo 560-4 Coupe,2012,14,17000.0,5204.0,560,2,Black,Vision Motors (HK) Limited,498000.0
2026/05,2026,5,TOYOTA,NOAH 80 DELUXE,2016,10,58000.0,2000.0,152,7,Purple,Yat Chung Car Company,98000.0
2026/05,2026,5,LEXUS,NX300H,2014,12,78000.0,2500.0,197,5,Black,Yat Chung Car Company,118000.0
2026/05,2026,5,TOYOTA,ALPHARD 2.5 SC,2017,9,68000.0,2500.0,178,7,White,Yat Chung Car Company,228000.0
2026/05,2026,5,TOYOTA,ALPHARD 3.5 GF,2018,8,73000.0,3500.0,320,7,White,Yat Chung Car Company,298000.0
2026/05,2026,5,PORSCHE,Macan S,2015,11,58000.0,3000.0,340,5,Grey,Yat Chung Car Company,138000.0
2026/05,2026,5,HONDA,STEPWGN SPADA FACELIFT,2018,8,59000.0,1500.0,150,7,Grey,Yat Chung Car Company,138000.0
2026/05,2026,5,BMW,218i Active Tourer,2017,9,100000.0,1499.0,136,5,Grey,HANSEN MOTORS COMPANY LTD,58000.0
2026/05,2026,5,PORSCHE,TAYCAN 4 CROSS TURISMO,2023,3,13000.0,,429,5,Black,Autopop Limited,998000.0
2026/05,2026,5,PORSCHE,911 992 CARRERA GTS,2023,3,1100.0,2981.0,480,4,Yellow,Autopop Limited,2680000.0
2026/05,2026,5,PORSCHE,911 997.1 GT3 RS,2006,20,30000.0,3600.0,415,2,Black,Autopop Limited,1880000.0
2026/05,2026,5,MINI,ACEMAN SE,2024,2,2300.0,,218,5,Silver,Celebrity Motors Limited,268000.0
2026/05,2026,5,PORSCHE,CAYENNE S E-HYBRID,2015,11,65000.0,2995.0,416,5,Brown,Celebrity Motors Limited,218000.0
2026/05,2026,5,MERCEDES-BENZ,GLB250 4MATIC,2022,4,59000.0,1991.0,224,7,Blue,Cube Motors,248000.0
2026/05,2026,5,KIA,CARNIVAL PREMIUM,2021,5,76000.0,3470.0,272,7,Grey,Celebrity Motors Limited,178000.0
2026/04,2026,4,MERCEDES-BENZ,E200 Avantgarde,2019,7,46100.0,1991.0,197,5,Grey,Autoway Motors Limited,148000.0
2026/04,2026,4,NISSAN,Elgrand 2.5,2013,13,120750.0,2488.0,170,7,Purple,Autoway Motors Limited,48000.0
2026/04,2026,4,TESLA,MODEL Y RWD,2023,3,53000.0,,320,5,Grey,Great Motors Limited,238000.0
2026/04,2026,4,GEELY,Farizon SV,2025,1,50.0,,228,7,White,Autoway Motors Limited,298000.0
2026/04,2026,4,MERCEDES-BENZ,C43 COUPE AMG,2017,9,74780.0,2996.0,367,4,White,"New Method Motors Co., Ltd.",298000.0
2026/04,2026,4,MERCEDES-BENZ,AMG A45S 4MATIC＋,2020,6,25600.0,1991.0,421,5,White,"New Method Motors Co., Ltd.",498000.0
2026/04,2026,4,FERRARI,California,2010,16,54000.0,4297.0,453,4,Red,Wai To Motors Ltd.,568000.0
2026/04,2026,4,PORSCHE,Macan EV,2025,1,8000.0,120.0,340,5,Others,Neighbourcar Group Limited,808000.0
2026/04,2026,4,BMW,X1 sDrive18iA xLine,2020,6,42000.0,1498.0,140,5,Grey,Cube Motors,128000.0
2026/04,2026,4,MINI,COOPER S COUNTRYMAN,2019,7,86900.0,1998.0,192,5,White,Chun Sang Motors Development Company Limited,118000.0
2026/04,2026,4,NISSAN,NOTE E-POWER,2022,4,57000.0,1198.0,116,5,Blue,Vision Motors (HK) Limited,98000.0
2026/04,2026,4,LAMBORGHINI,HURACAN STO,2024,2,800.0,5208.0,640,2,Grey,Neighbourcar Group Limited,2480000.0
2026/04,2026,4,MERCEDES-BENZ,S550 Cabriolet AMG,2017,9,12876.0,4663.0,449,4,Grey,"New Method Motors Co., Ltd.",898000.0
2026/04,2026,4,MERCEDES-BENZ,GLE450 4MATIC,2019,7,42000.0,2999.0,367,7,Grey,Chun Sang Motors Development Company Limited,408000.0
2026/04,2026,4,MINI,Cooper S Auto Exclusive Package,2008,18,84000.0,1598.0,175,4,White,Vision Motors (HK) Limited,29800.0
2026/04,2026,4,BENTLEY,MULSANNE SPEED V8 AUTO,2017,9,56520.0,6752.0,530,5,White,"New Method Motors Co., Ltd.",1780000.0
2026/04,2026,4,TOYOTA,Alphard 2.5 Z,2026,0,33.0,2493.0,182,7,White,"New Method Motors Co., Ltd.",698000.0
2026/04,2026,4,MERCEDES-BENZ,EQB250 AMG,2022,4,43000.0,,190,7,White,Cube Motors,288000.0
2026/04,2026,4,PORSCHE,Taycan 4S,2020,6,41245.0,200.0,435,5,Grey,"New Method Motors Co., Ltd.",798000.0
2026/04,2026,4,BMW,X4 XDRIVE20iA XLINE,2019,7,43000.0,1998.0,184,5,Black,HANSEN MOTORS COMPANY LTD,178000.0
2026/04,2026,4,MASERATI,LEVANTE,2018,8,51000.0,1987.0,349,5,White,Neighbourcar Group Limited,268000.0
2026/04,2026,4,TOYOTA,Crown Hybrid,2019,7,46600.0,2487.0,226,5,Black,A AND S AUTOMOBILE CO. LTD,248000.0
2026/04,2026,4,NISSAN,GT-R,2008,18,80000.0,3799.0,480,4,White,Neighbourcar Group Limited,368000.0
2026/04,2026,4,TESLA,MODEL 3 RWD,2024,2,28000.0,88.0,283,5,White,Celebrity Motors Limited,238000.0
2026/04,2026,4,KIA,SORENTO 2.4 AWD GT,2016,10,50000.0,2359.0,188,7,Gold,Royal Horse Motors Company,88000.0
2026/04,2026,4,LEXUS,行貨 IS300 F SPORT版 2.0Turbo,2018,8,88000.0,1998.0,245,5,Grey,Win Fair Motors Limited,128000.0
2026/04,2026,4,VOLKSWAGEN,TIGUAN ALLSPACE 1.5 TSI,2021,5,47000.0,1498.0,150,7,Silver,Celebrity Motors Limited,138000.0
2026/04,2026,4,BENTLEY,CONTINENTAL GT,2018,8,40000.0,5950.0,635,4,Silver,Neighbourcar Group Limited,1880000.0
2026/04,2026,4,VOLKSWAGEN,TIGUAN ALLSPACE 7 Seat 1.5,2021,5,43537.0,1498.0,150,7,Grey,Tak Lee Motors (HK) Limited,128000.0
2026/04,2026,4,HONDA,Freed Hybrid GB7,2020,6,38586.0,1496.0,136,7,White,Asmoday Motors Limited,148000.0
2026/04,2026,4,TOYOTA,Voxy 1.8 Hybrid ZS 煌II,2017,9,64961.0,1797.0,136,7,Grey,Asmoday Motors Limited,148000.0
2026/04,2026,4,TOYOTA,Alphard 2.5 Hybrid SRC Modellista,2021,5,28059.0,2493.0,197,7,White,Asmoday Motors Limited,418000.0
2026/04,2026,4,TOYOTA,Voxy 1.8 Hybrid SZ,2023,3,22287.0,1797.0,192,7,White,Asmoday Motors Limited,338000.0
2026/04,2026,4,HONDA,Stewgn Hybrid RP5 EX cool,2018,8,57391.0,1993.0,183,7,Grey,Asmoday Motors Limited,178000.0
2026/04,2026,4,HONDA,Stepwgn e:HEV EX Black Style,2021,5,33294.0,1993.0,184,7,Black,Asmoday Motors Limited,228000.0
2026/04,2026,4,HONDA,Jazz 1.5 Crosstar,2021,5,44341.0,1498.0,121,5,Blue,Asmoday Motors Limited,118000.0
2026/04,2026,4,TOYOTA,Noah 80 Deluxe,2019,7,110000.0,1987.0,152,7,White,Hung Wai Motor Enterprise Limited,118000.0
2026/04,2026,4,HONDA,Freed Hybrid GB7,2021,5,27582.0,1496.0,136,6,Grey,Asmoday Motors Limited,168000.0
2026/04,2026,4,HONDA,Stepwgn Hybrid EX cool,2019,7,42417.0,1993.0,183,7,Black,Asmoday Motors Limited,188000.0
2026/04,2026,4,HONDA,Odyssey E:HEV Absolute EX,2021,5,24035.0,1993.0,184,7,Black,Asmoday Motors Limited,268000.0
2026/04,2026,4,HONDA,Freed Hybrid EX GB7,2019,7,43889.0,1496.0,137,6,White,Asmoday Motors Limited,128000.0
2026/04,2026,4,HONDA,Stepwgn e:HEV Ex Black Style,2021,5,27412.0,1993.0,184,7,White,Asmoday Motors Limited,228000.0
2026/04,2026,4,TOYOTA,Vellfire 2.5 ZG Modellista,2020,6,36052.0,2493.0,183,7,White,Asmoday Motors Limited,328000.0
2026/04,2026,4,HONDA,Stepwgn Hybrid EX Cool Mugen,2019,7,40504.0,1993.0,183,7,White,Asmoday Motors Limited,198000.0
2026/04,2026,4,TOYOTA,Alphard 2.5 SC Modellista,2019,7,44874.0,2493.0,183,7,White,Asmoday Motors Limited,318000.0
2026/04,2026,4,HONDA,Freed Hybrid GB7 Modulo,2020,6,34140.0,1496.0,136,6,Green,Asmoday Motors Limited,158000.0
2026/04,2026,4,TOYOTA,Alphard 2.5 Hybrid GF,2020,6,31667.0,2493.0,197,7,Black,Asmoday Motors Limited,408000.0
2026/04,2026,4,TOYOTA,Alphard 2.5 Hybrid SRC,2020,6,36182.0,2493.0,197,7,White,Asmoday Motors Limited,398000.0
2026/04,2026,4,TOYOTA,Voxy Hybrid ZS 煌III Modellista,2021,5,31137.0,1797.0,136,7,Black,Asmoday Motors Limited,228000.0
2026/04,2026,4,TOYOTA,Corolla Sport Hybrid G'Z Modellista,2019,7,45666.0,1797.0,122,5,White,Asmoday Motors Limited,158000.0
2026/04,2026,4,HONDA,FREED HYBRID GB7,2017,9,64851.0,1496.0,136,6,Blue,Asmoday Motors Limited,118000.0
2026/04,2026,4,HONDA,Stepwgn Hybrid EX Cool Mugen,2017,9,62285.0,1993.0,184,7,White,Asmoday Motors Limited,178000.0
2026/04,2026,4,HONDA,Stepwgn EHEV EX Cool,2020,6,33072.0,1993.0,184,7,Black,Asmoday Motors Limited,218000.0
2026/04,2026,4,HONDA,Freed Hybrid GB7,2020,6,33708.0,1496.0,136,6,Green,Asmoday Motors Limited,158000.0
2026/04,2026,4,TOYOTA,Alphard 2.5 SC Modellista,2019,7,45125.0,2493.0,182,7,Black,Asmoday Motors Limited,308000.0
2026/04,2026,4,TOYOTA,Alphard 2.5 Hybrid SRC Modellista,2020,6,32201.0,2493.0,197,7,White,Asmoday Motors Limited,408000.0
2026/04,2026,4,HONDA,Stepwgn e:hev ex cool,2021,5,32302.0,1993.0,184,7,White,Asmoday Motors Limited,228000.0
2026/04,2026,4,TOYOTA,Voxy ZS hybrid 煌II,2016,10,64871.0,1797.0,136,7,Grey,Asmoday Motors Limited,158000.0
2026/04,2026,4,HONDA,Stepwgn hybrid EX cool,2020,6,42284.0,1993.0,184,7,White,Asmoday Motors Limited,218000.0
2026/04,2026,4,TOYOTA,Voxy ZS Hybrid TRD 煌II,2017,9,59156.0,1797.0,136,7,White,Asmoday Motors Limited,188000.0
2026/04,2026,4,TOYOTA,Voxy ZS Hybrid 煌II,2017,9,62077.0,1797.0,136,7,White,Asmoday Motors Limited,168000.0
2026/04,2026,4,TOYOTA,Voxy ZS Hybrid 煌III,2020,6,38147.0,1797.0,136,7,White,Asmoday Motors Limited,228000.0
2026/04,2026,4,TOYOTA,Alphard 2.5 SC Modellista,2020,6,32451.0,2493.0,183,7,White,Asmoday Motors Limited,338000.0
2026/04,2026,4,TOYOTA,Vellfire 2.5 ZG Modellista,2019,7,45379.0,2493.0,183,7,Black,Asmoday Motors Limited,358000.0
2026/04,2026,4,AUDI,Q3 45 TFSI Quattro S line,2020,6,32000.0,1984.0,230,5,Grey,Cube Motors,178000.0
2026/04,2026,4,MERCEDES-BENZ,EQA250 AMG,2021,5,100000.0,80.0,190,5,Grey,Hung Wai Motor Enterprise Limited,168000.0
2026/04,2026,4,NISSAN,行貨 ELGRAND 2.5 Highway Star豪華版,2021,5,8000.0,2488.0,170,7,White,Win Fair Motors Limited,198000.0
2026/04,2026,4,TOYOTA,PRIUS Hybrid 1.8,2015,11,136000.0,1797.0,99,5,White,Vision Motors (HK) Limited,49800.0
2026/04,2026,4,MAXUS,Mifa 9 Premium,2023,3,48000.0,90.0,245,7,White,Hung Wai Motor Enterprise Limited,368000.0
2026/04,2026,4,BMW,IX1 XDRIVE30 M SPORT EDITION (U11),2023,3,13800.0,65.0,313,5,Green,Vision Motors (HK) Limited,328000.0
2026/04,2026,4,MERCEDES-BENZ,CLA250 COUPE AMG (C118),2021,5,28800.0,1991.0,224,5,Grey,Vision Motors (HK) Limited,228000.0
2026/04,2026,4,LAND ROVER,RangeroverP525LWB大路虎加長,2019,7,54000.0,5000.0,525,5,Black,Deluxe ( China ) Motors Company Limited,898000.0
2026/04,2026,4,MERCEDES-BENZ,EQA250 AMG,2021,5,74000.0,,190,5,Black,Cube Motors,178000.0
2026/04,2026,4,LEXUS,RX450HL,2019,7,96000.0,3456.0,313,7,White,Celebrity Motors Limited,318000.0
2026/04,2026,4,MERCEDES-BENZ,CLA250 AMG FaceLift版,2018,8,85000.0,1991.0,211,5,Grey,Race Art Motors Limited,108000.0
2026/04,2026,4,TESLA,Model Y Lond Range,2023,3,35000.0,153.0,366,5,Grey,Hung Wai Motor Enterprise Limited,238000.0
2026/04,2026,4,MERCEDES-BENZ,GLC300 4Matic Facelift,2022,4,43000.0,1991.0,245,5,White,Hung Wai Motor Enterprise Limited,198000.0
2026/04,2026,4,LEXUS,NX300 F sport,2020,6,51000.0,2000.0,238,5,Blue,Great Motors Limited,188000.0
2026/04,2026,4,TOYOTA,Prius 1.8 Hybrid S,2016,10,90000.0,1798.0,122,5,White,Hung Wai Motor Enterprise Limited,88000.0
2026/04,2026,4,BMW,行貨X3 XDRIVE20iA XLINE,2020,6,97000.0,1998.0,184,5,White,Win Fair Motors Limited,128000.0
2026/04,2026,4,BMW,iX3 M Sport Edition,2022,4,64000.0,80.0,286,5,Black,Hung Wai Motor Enterprise Limited,268000.0
2026/04,2026,4,LAND ROVER,Defender 110 SE,2020,6,50000.0,2000.0,300,7,Green,Deluxe ( China ) Motors Company Limited,678000.0
2026/04,2026,4,TESLA,MODEL S 90 KWH PERFORMANCE,2016,10,140000.0,,417,5,Grey,Neighbour Star,188000.0
2026/04,2026,4,TOYOTA,ALPHARD HYBRID,2021,5,68000.0,2494.0,204,7,White,Neighbourcar Group Limited,418000.0
2026/04,2026,4,MERCEDES-BENZ,A220,2019,7,49000.0,1991.0,190,5,White,Neighbourcar Group Limited,118000.0
2026/04,2026,4,TESLA,Model 3 Lond Range,2020,6,100000.0,153.0,252,5,Blue,Hung Wai Motor Enterprise Limited,128000.0
2026/04,2026,4,ROLLS-ROYCE,Cullinan 4-seater,2023,3,190.0,6749.0,563,4,Black,A AND S AUTOMOBILE CO. LTD,6880000.0
2026/04,2026,4,MERCEDES-BENZ,CLA250 AMG,2021,5,29000.0,1991.0,224,5,Blue,Cube Motors,228000.0
2026/04,2026,4,MERCEDES-BENZ,E200 AVANTGARDE,2016,10,86000.0,1991.0,184,5,Blue,Yat Chung Car Company,88000.0
2026/04,2026,4,PORSCHE,718 Cayman S,2017,9,38000.0,2497.0,350,2,Blue,Wai To Motors Ltd.,568000.0
2026/04,2026,4,MERCEDES-BENZ,E200,2019,7,75000.0,2000.0,184,5,Black,Pak Yu Motors,148000.0
2026/04,2026,4,TOYOTA,Alphard GF,2019,7,48284.0,3456.0,274,7,Black,Win Point Motors Limited,318000.0
2026/04,2026,4,MITSUBISHI,Delica AWD,2017,9,160000.0,2359.0,170,8,White,Vision Motors (HK) Limited,79800.0
2026/04,2026,4,TOYOTA,Vellfrive 2.5 ZG,2015,11,82000.0,2493.0,180,2,Black,Vision Motors (HK) Limited,258000.0
2026/04,2026,4,BMW,Z4 SDRIVE20IA SPORT Edition (G29),2019,7,42000.0,1998.0,197,2,Red,Vision Motors (HK) Limited,288000.0
2026/04,2026,4,SUBARU,XV 2.0I -S EYESIGHT AWD CVT,2022,4,64000.0,1995.0,156,5,Silver,Vision Motors (HK) Limited,118000.0
2026/04,2026,4,VOLVO,XC90 T6 RD VOR,2017,9,73000.0,1969.0,320,7,Blue,Vision Motors (HK) Limited,178000.0
2026/04,2026,4,BMW,430iA Coupe M Sport,2016,10,55000.0,1998.0,258,4,White,HANSEN MOTORS COMPANY LTD,128000.0
2026/04,2026,4,MERCEDES-BENZ,S500,2014,12,88000.0,4663.0,455,5,White,Celebrity Motors Limited,188000.0
2026/04,2026,4,BMW,630i GT,2017,9,62000.0,1998.0,258,5,Grey,Cube Motors,148000.0
2026/04,2026,4,TOYOTA,ESQUIRE HYBRID Facelift,2017,9,63297.0,1797.0,136,7,Black,Tak Lee Motors (HK) Limited,138000.0
2026/04,2026,4,MERCEDES-BENZ,AMG C43 Coupe 4MATIC,2017,9,51899.0,2996.0,367,4,Black,Tak Lee Motors (HK) Limited,238000.0
2026/04,2026,4,TOYOTA,VELLFIRE 2.4 Turbo,2024,2,8068.0,2393.0,279,7,White,Tak Lee Motors (HK) Limited,718000.0
2026/04,2026,4,TESLA,Model Y Standard Range,2021,5,34000.0,153.0,239,5,Blue,Hung Wai Motor Enterprise Limited,168000.0
2026/04,2026,4,FERRARI,488 PISTA,2019,7,8000.0,3902.0,720,2,Red,Neighbourcar Group Limited,1600000.0
2026/04,2026,4,NISSAN,Qashqai Plus,2015,11,120000.0,1997.0,144,5,White,Hung Wai Motor Enterprise Limited,43800.0
2026/04,2026,4,LAND ROVER,Rangerover Sport SVR Carbon,2022,4,6000.0,5000.0,575,5,Black,Deluxe ( China ) Motors Company Limited,1188000.0
2026/04,2026,4,FERRARI,Portofino,2018,8,27000.0,3855.0,600,4,Red,Zhong Hwa Motors Co. Ltd,1780000.0
2026/04,2026,4,LAMBORGHINI,URUS,2018,8,72000.0,3996.0,650,5,Black,Wai To Motors Ltd.,2080000.0
2026/04,2026,4,MAXUS,MIFA 9 PREMIUM,2023,3,25000.0,,244,7,Grey,Autopop Limited,368000.0
2026/04,2026,4,AUDI,R8 V10 PLUS QUATTRO,2016,10,20000.0,5204.0,610,2,Black,Autopop Limited,998000.0
2026/04,2026,4,HONDA,CIVIC TYPE R FL5,2024,2,3000.0,1995.0,330,4,Grey,Autopop Limited,548000.0
2026/04,2026,4,LAND ROVER,RANGE ROVER SPORT 3.0 P400 7S HSE DYN,2020,6,95000.0,2996.0,400,7,Black,Autopop Limited,558000.0
2026/04,2026,4,MERCEDES-BENZ,C200 AMG FACELIFT,2018,8,43000.0,1500.0,184,5,Grey,Yat Chung Car Company,138000.0
2026/04,2026,4,TOYOTA,RAV4,2021,5,58000.0,1987.0,173,5,Grey,A AND S AUTOMOBILE CO. LTD,168000.0
2026/04,2026,4,BMW,X3 xDrive20iA xLine,2019,7,45000.0,1998.0,184,5,White,Cube Motors,148000.0
2026/04,2026,4,TESLA,Model Y Long Range Dual Motor All Wheel Drive,2022,4,22300.0,153.0,425,5,Black,A AND S AUTOMOBILE CO. LTD,268000.0
2026/04,2026,4,TOYOTA,Alphard 2.4 Hybrid,2012,14,88000.0,2362.0,167,7,Silver,Hung Wai Motor Enterprise Limited,85000.0
2026/04,2026,4,TOYOTA,Alphard 3.5 Executive Lounge,2018,8,65000.0,3456.0,300,7,White,Hung Wai Motor Enterprise Limited,298000.0
2026/04,2026,4,TOYOTA,Vellfire 2.5 Hybrid,2019,7,50000.0,2493.0,197,7,Grey,Hung Wai Motor Enterprise Limited,318000.0
2026/04,2026,4,MAXUS,MIFA 9 PREMIUM,2023,3,40000.0,,245,7,Grey,HANSEN MOTORS COMPANY LTD,368000.0
2026/04,2026,4,TOYOTA,CAMRY 2.5 DELUXE,2018,8,60000.0,2494.0,181,5,White,Celebrity Motors Limited,98000.0
2026/04,2026,4,LEXUS,LS 500 Version,2019,7,28000.0,3500.0,421,5,Blue,Deluxe ( China ) Motors Company Limited,458000.0
2026/04,2026,4,TOYOTA,SPADE 1.5,2019,7,48149.0,1496.0,109,5,Brown,Tak Lee Motors (HK) Limited,78000.0
2026/04,2026,4,AION,HYPTEC HT ELITE PLUS,2025,1,50.0,,340,2,Purple,Great Motors Limited,298000.0
2026/04,2026,4,TESLA,MODEL 3 RWD,2025,1,20000.0,,283,5,Green,Neighbourcar Group Limited,238000.0
2026/04,2026,4,BMW,X3 XDRIVE20IA XLINE,2018,8,46000.0,2000.0,184,5,Brown,Great Motors Limited,148000.0
2026/04,2026,4,MERCEDES-BENZ,CLA250 COUPE,2019,7,39000.0,2000.0,224,5,White,Great Motors Limited,178000.0
2026/04,2026,4,MERCEDES-BENZ,EQA250 AMG,2022,4,52000.0,,190,5,Black,Hung Wai Motor Enterprise Limited,208000.0
2026/04,2026,4,BMW,520i M Sport,2019,7,36000.0,1998.0,184,5,Grey,HANSEN MOTORS COMPANY LTD,138000.0
2026/04,2026,4,MERCEDES-BENZ,GLA250 AMG Facelift,2018,8,55000.0,1991.0,211,5,Black,Hung Wai Motor Enterprise Limited,88000.0
2026/04,2026,4,TOYOTA,CAMRY 2.5 DELUXE,2018,8,79000.0,2494.0,181,5,White,PRO-DRIVER,138000.0
2026/04,2026,4,MINI,Cooper S,2018,8,54000.0,1998.0,196,5,Blue,HANSEN MOTORS COMPANY LTD,118000.0
2026/04,2026,4,BMW,318i Sport,2021,5,57000.0,1998.0,156,5,Blue,HANSEN MOTORS COMPANY LTD,148000.0
2026/04,2026,4,LAND ROVER,Defender 110 P300,2022,4,21000.0,2000.0,300,7,White,Deluxe ( China ) Motors Company Limited,678000.0
2026/04,2026,4,MASERATI,Levante,2018,8,77000.0,2979.0,350,5,Blue,Cube Motors,268000.0
2026/04,2026,4,TOYOTA,Alphard 3.5 Exl-S,2020,6,33000.0,3500.0,301,7,White,Deluxe ( China ) Motors Company Limited,418000.0
2026/04,2026,4,LAND ROVER,Discovery Sport SE 7S,2018,8,57132.0,1997.0,240,7,Grey,Tak Lee Motors (HK) Limited,108000.0
2026/04,2026,4,MERCEDES-BENZ,行貨C200 AMG1.5T-48V微混能,2018,8,50000.0,1497.0,184,5,Grey,Win Fair Motors Limited,128000.0
2026/04,2026,4,MERCEDES-BENZ,GLC250 4Matic,2017,9,100000.0,1991.0,211,5,White,Hung Wai Motor Enterprise Limited,118000.0
2026/04,2026,4,LAND ROVER,Rangerover Sport P400 R-DYN,2021,5,33000.0,3000.0,400,2,Silver,Deluxe ( China ) Motors Company Limited,678000.0
2026/04,2026,4,BMW,420iA Coupe M Sport,2021,5,45000.0,1998.0,184,4,Grey,Hung Wai Motor Enterprise Limited,258000.0
2026/04,2026,4,MERCEDES-BENZ,GLC250 AMG,2018,8,54000.0,1991.0,211,5,White,Celebrity Motors Limited,138000.0
2026/04,2026,4,TOYOTA,RAV 4 Luxury,2013,13,91000.0,1984.0,150,5,White,Hung Wai Motor Enterprise Limited,49000.0
2026/04,2026,4,TOYOTA,Vellfire 2.5 Hybrid ExL 頂級按摩座椅,2024,2,11000.0,2500.0,250,7,White,Deluxe ( China ) Motors Company Limited,788000.0
2026/04,2026,4,PORSCHE,Cayenne,2018,8,66000.0,2995.0,340,5,White,Hung Wai Motor Enterprise Limited,418000.0
2026/04,2026,4,LEXUS,NX300H,2014,12,83000.0,2500.0,197,5,Red,Yat Chung Car Company,98000.0
2026/04,2026,4,PORSCHE,911 CARRERA COUPE,2013,13,45000.0,3436.0,350,4,Grey,Neighbourcar Group Limited,608000.0
2026/04,2026,4,LAND ROVER,RR EVOQUE P250 R-DYN HSE,2019,7,30000.0,1997.0,246,5,Black,Neighbourcar Group Limited,278000.0
2026/04,2026,4,MERCEDES-BENZ,CLS450 4MATIC,2018,8,45000.0,2999.0,367,5,Black,Neighbour Star,268000.0
2026/04,2026,4,MERCEDES-BENZ,GLC250 4MATIC COUPE AMG,2018,8,81000.0,1991.0,211,5,White,Chun Sang Motors Development Company Limited,168000.0
2026/04,2026,4,ASTON MARTIN,DB9,2013,13,16000.0,5935.0,517,4,Brown,Chun Sang Motors Development Company Limited,438000.0
2026/04,2026,4,MERCEDES-BENZ,S450 FACELIFT,2019,7,29000.0,2999.0,367,5,Silver,Chun Sang Motors Development Company Limited,498000.0
2026/04,2026,4,MERCEDES-BENZ,SL350,2012,14,15000.0,3498.0,306,2,White,Chun Sang Motors Development Company Limited,248000.0
2026/04,2026,4,VOLKSWAGEN,T-ROC 1.5 TSI HL,2020,6,14000.0,1498.0,150,5,Others,Chun Sang Motors Development Company Limited,98000.0
2026/04,2026,4,TOYOTA,VELLFIRE 250,2022,4,62000.0,2494.0,182,7,White,Chun Sang Motors Development Company Limited,318000.0
2026/04,2026,4,MERCEDES-BENZ,GLE450 4MATIC 7 SEATS,2019,7,40000.0,2999.0,367,7,White,Chun Sang Motors Development Company Limited,428000.0
2026/04,2026,4,BMW,740LIA,2020,6,22000.0,2998.0,326,5,Grey,Chun Sang Motors Development Company Limited,398000.0
2026/04,2026,4,MERCEDES-BENZ,E200 AMG FACELIFT,2021,5,54000.0,1991.0,197,5,Blue,Chun Sang Motors Development Company Limited,278000.0
2026/04,2026,4,PORSCHE,CAYENNE,2018,8,44000.0,2995.0,340,5,Black,Chun Sang Motors Development Company Limited,528000.0
2026/04,2026,4,PORSCHE,MACAN S,2017,9,68000.0,2997.0,340,5,Grey,Chun Sang Motors Development Company Limited,228000.0
2026/04,2026,4,MERCEDES-BENZ,GLC300 4MATIC AMG FACELIFT,2022,4,10000.0,1991.0,245,5,Grey,Chun Sang Motors Development Company Limited,398000.0
2026/04,2026,4,MERCEDES-BENZ,S500 FACELIFT,2018,8,55000.0,2999.0,435,5,Silver,Chun Sang Motors Development Company Limited,438000.0
2026/04,2026,4,MERCEDES-BENZ,GLC250 4MATIC AMG,2018,8,62000.0,1991.0,211,5,White,Chun Sang Motors Development Company Limited,168000.0
2026/04,2026,4,MERCEDES-BENZ,S500 4MATIC,2021,5,84000.0,2999.0,435,5,Black,Chun Sang Motors Development Company Limited,848000.0
2026/04,2026,4,MERCEDES-BENZ,E200 COUPE AMG,2019,7,3000.0,1991.0,184,4,Grey,Chun Sang Motors Development Company Limited,288000.0
2026/04,2026,4,TOYOTA,ALPHARD 3.5 SC FACELIFT,2020,6,67000.0,3456.0,300,7,Black,Chun Sang Motors Development Company Limited,428000.0
2026/04,2026,4,MERCEDES-BENZ,MAYBACH S560 FACELIFT,2018,8,61000.0,3982.0,469,5,Silver,Chun Sang Motors Development Company Limited,798000.0
2026/04,2026,4,XPeng,G6 580 PRO RWD,2025,1,8000.0,,250,5,White,Wai To Motors Ltd.,258000.0
2026/04,2026,4,PORSCHE,Panamera,2017,9,60000.0,2995.0,330,5,Blue,Wai To Motors Ltd.,498000.0
2026/04,2026,4,TOYOTA,GR YARIS RC,2021,5,6800.0,1618.0,261,4,White,Wai To Motors Ltd.,338000.0
2026/04,2026,4,MERCEDES-BENZ,C200 Coupe AMG Facelift,2018,8,31000.0,1497.0,184,4,White,Wai To Motors Ltd.,168000.0
2026/04,2026,4,NISSAN,Serena E Power,2020,6,80000.0,1198.0,162,7,Red,HANSEN MOTORS COMPANY LTD,148000.0
2026/04,2026,4,BMW,118iA M Sport Edition (F40),2020,6,30800.0,1499.0,140,5,Grey,A AND S AUTOMOBILE CO. LTD,148000.0
2026/04,2026,4,TOYOTA,NOAH DELUXE,2022,4,50000.0,1987.0,170,7,Silver,Yat Chung Car Company,228000.0
2026/04,2026,4,MERCEDES-BENZ,GLC 300 4MATIC FACELIFT,2021,5,17000.0,1991.0,258,5,Grey,Celebrity Motors Limited,308000.0
2026/04,2026,4,TOYOTA,RAV4 Deluxe,2019,7,45000.0,1987.0,173,5,Black,Cube Motors,148000.0
2026/04,2026,4,MERCEDES-BENZ,CLA 250 AMG,2019,7,50000.0,1998.0,224,5,Black,HANSEN MOTORS COMPANY LTD,188000.0
2026/04,2026,4,BMW,120i M Sport,2018,8,50000.0,1998.0,184,5,Orange,HANSEN MOTORS COMPANY LTD,78000.0
2026/04,2026,4,TOYOTA,行貨 Vellfire 3.5-V6,2017,9,25000.0,3456.0,274,7,Black,Win Fair Motors Limited,218000.0
2026/04,2026,4,LAND ROVER,Discovery Sport SE 7S,2015,11,50241.0,1999.0,240,7,Green,Tak Lee Motors (HK) Limited,68000.0
2026/04,2026,4,TOYOTA,行貨 NOAH DELUXE FACELIFT包圍豪華版,2021,5,50000.0,1987.0,150,7,Black,Win Fair Motors Limited,198000.0
2026/04,2026,4,TOYOTA,Alphard 3.5 D4S Exl-S,2020,6,34000.0,3500.0,301,7,White,Deluxe ( China ) Motors Company Limited,368000.0
2026/04,2026,4,TOYOTA,RAV4 Deluxe,2021,5,65000.0,1987.0,173,5,Grey,Hung Wai Motor Enterprise Limited,148000.0
2026/04,2026,4,MERCEDES-BENZ,EQA250 AMG,2023,3,29000.0,,190,5,White,Hung Wai Motor Enterprise Limited,218000.0
2026/04,2026,4,TOYOTA,Vellfire 2.5,2020,6,73407.0,2494.0,182,7,White,Win Point Motors Limited,298000.0
2026/04,2026,4,SUBARU,XV 2.0I AWD CVT,2020,6,79361.0,1995.0,156,5,Blue,Win Point Motors Limited,98000.0
2026/04,2026,4,MERCEDES-BENZ,S63 AMG CABRIOLET,2016,10,13670.0,5461.0,585,4,White,"New Method Motors Co., Ltd.",1980000.0
2026/04,2026,4,BMW,X4 XDRIVE30IA M SPORT G02,2018,8,46000.0,1998.0,252,5,Grey,Yat Chung Car Company,189000.0
2026/04,2026,4,MERCEDES-BENZ,116 CDI,2020,6,81000.0,2143.0,163,2,Grey,Hung Wai Motor Enterprise Limited,168000.0
2026/04,2026,4,BMW,X3 XDrive20iA (G01),2021,5,27600.0,1998.0,184,5,Black,A AND S AUTOMOBILE CO. LTD,208000.0
2026/04,2026,4,TOYOTA,Vellfire 2.5 Z Hybrid,2024,2,10000.0,2500.0,250,7,White,Deluxe ( China ) Motors Company Limited,678000.0
2026/04,2026,4,BMW,750i M-Sport,2018,8,39900.0,4400.0,450,5,Black,Deluxe ( China ) Motors Company Limited,358000.0
2026/04,2026,4,BMW,218iA Active Tourer,2016,10,38000.0,1499.0,136,5,Brown,Hung Wai Motor Enterprise Limited,49000.0
2026/03,2026,3,MERCEDES-BENZ,新款GLE450 4MATIC 7座版行貨,2019,7,42000.0,2999.0,367,7,Grey,Win Fair Motors Limited,398000.0
2026/03,2026,3,TOYOTA,ALPHARD 2.5 Hybrid SRC,2020,6,78000.0,2493.0,250,7,Black,HANSEN MOTORS COMPANY LTD,388000.0
2026/03,2026,3,MERCEDES-BENZ,E220D,2014,12,82000.0,2143.0,170,5,Silver,HANSEN MOTORS COMPANY LTD,128000.0
2026/03,2026,3,MERCEDES-BENZ,EQA250 AMG,2022,4,38000.0,,190,5,Black,Cube Motors,198000.0
2026/03,2026,3,TESLA,Model Y,2023,3,34000.0,170.0,256,5,Red,Vision Motors (HK) Limited,208000.0
2026/03,2026,3,HONDA,FREED,2018,8,57000.0,1496.0,131,7,Yellow,Celebrity Motors Limited,78000.0
2026/03,2026,3,TESLA,MODEL 3 LONG RANGE DUAL MOTOR,2021,5,46000.0,1.0,441,5,Blue,A AND S AUTOMOBILE CO. LTD,188000.0
2026/03,2026,3,NISSAN,QASHQAI PLUS,2017,9,61900.0,1997.0,144,5,Grey,A AND S AUTOMOBILE CO. LTD,98000.0
2026/03,2026,3,MAXUS,MIFA9 LUXURY,2024,2,39000.0,90.0,252,7,Grey,A AND S AUTOMOBILE CO. LTD,398000.0
2026/03,2026,3,LAND ROVER,Discovery Spt SE,2015,11,130000.0,1999.0,240,5,Black,Wai To Motors Ltd.,68000.0
2026/03,2026,3,KIA,EV6 Deluxe,2022,4,68000.0,,229,5,Grey,Wai To Motors Ltd.,228000.0
2026/03,2026,3,PORSCHE,GT4,2015,11,25000.0,3800.0,385,2,Others,Wai To Motors Ltd.,828000.0
2026/03,2026,3,PORSCHE,MACAN S,2015,11,74000.0,2997.0,340,5,Black,Celebrity Motors Limited,138000.0
2026/03,2026,3,TOYOTA,RAV 4 (Deluxe),2020,6,40000.0,2000.0,173,5,Blue,Pak Yu Motors,148000.0
2026/03,2026,3,MERCEDES-BENZ,A200 (AMG),2016,10,25000.0,1595.0,156,2,White,Pak Yu Motors,68000.0
2026/03,2026,3,BMW,520IA M SPORT,2021,5,59000.0,1998.0,195,5,Blue,Celebrity Motors Limited,208000.0
2026/03,2026,3,PORSCHE,Macan facelift,2018,8,16000.0,1984.0,252,5,Blue,Cube Motors,368000.0
2026/03,2026,3,PORSCHE,MANAN S,2015,11,74000.0,2997.0,340,5,Black,PRO-DRIVER,158000.0
2026/03,2026,3,BMW,M2 COUPE (G87）,2023,3,48000.0,2993.0,460,4,Black,A AND S AUTOMOBILE CO. LTD,798000.0
2026/03,2026,3,BMW,F20 120IA M-SPORT EDITION,2015,11,89000.0,1598.0,177,5,Black,PRO-DRIVER,48000.0
2026/03,2026,3,MERCEDES-BENZ,EQA250 AMG,2022,4,39000.0,,190,5,Blue,PRO-DRIVER,228000.0
2026/03,2026,3,MERCEDES-BENZ,CLA250 AMG,2014,12,90000.0,1991.0,208,5,White,PRO-DRIVER,68000.0
2026/03,2026,3,TOYOTA,ALPHARD 2.5Z,2024,2,8000.0,2493.0,182,7,White,PRO-DRIVER,588000.0
2026/03,2026,3,BMW,Z4 S-DRIVE 35IA,2009,17,120000.0,2979.0,306,2,White,PRO-DRIVER,88000.0
2026/03,2026,3,FERRARI,CALIFORNIA,2010,16,54000.0,4297.0,460,4,White,PRO-DRIVER,478000.0
2026/03,2026,3,MERCEDES-BENZ,GLE43 AMG （W166）,2018,8,65009.0,2996.0,367,5,Black,A AND S AUTOMOBILE CO. LTD,288000.0
2026/03,2026,3,TOYOTA,SIENTA,2018,8,56000.0,1496.0,109,7,White,PRO-DRIVER,108000.0
2026/03,2026,3,LAND ROVER,Discovery Sport SE 7S P240,2019,7,97000.0,1997.0,240,7,Grey,Hung Wai Motor Enterprise Limited,89000.0
2026/03,2026,3,ORA,FUNKY CAT 300,2023,3,32000.0,,169,5,Pink,PRO-DRIVER,128000.0
2026/03,2026,3,VOLVO,XC90 T6 R-DESIGN,2018,8,80000.0,1969.0,316,7,Grey,PRO-DRIVER,178000.0
2026/03,2026,3,TOYOTA,行貨VELLFIRE 2.5 FACELIFT 包圍版,2022,4,46000.0,2494.0,182,7,White,Win Fair Motors Limited,378000.0
2026/03,2026,3,TOYOTA,Alphard 2.5 HEV E-Four EL,2023,3,12245.0,2487.0,250,7,White,"New Method Motors Co., Ltd.",868000.0
2026/03,2026,3,TOYOTA,Alphard 2.4,2014,12,73734.0,2362.0,170,8,Silver,"New Method Motors Co., Ltd.",98000.0
2026/03,2026,3,BENTLEY,Bentayga EWB V8 BLACK EDITION,2023,3,7266.0,3996.0,550,5,White,"New Method Motors Co., Ltd.",3880000.0
2026/03,2026,3,PORSCHE,CAYENNE,2018,8,47903.0,2995.0,340,5,Blue,"New Method Motors Co., Ltd.",498000.0
2026/03,2026,3,PORSCHE,Taycan 4S,2020,6,16093.0,79.0,435,5,Black,"New Method Motors Co., Ltd.",868000.0
2026/03,2026,3,LEXUS,LM500H,2025,1,20.0,2393.0,371,6,White,"New Method Motors Co., Ltd.",1980000.0
2026/03,2026,3,TOYOTA,Vellfire 2.4 Turbo,2025,1,52.0,2393.0,274,7,Black,"New Method Motors Co., Ltd.",798000.0
2026/03,2026,3,BMW,630IA GRAN TURISMO LUXURY,2018,8,57000.0,1998.0,258,2,Black,Celebrity Motors Limited,148000.0
2026/03,2026,3,TOYOTA,VOXY HYBRID SZ,2022,4,49981.0,1797.0,170,7,White,"Ritz Automobile Co., Limited",338000.0
2026/03,2026,3,BENTLEY,CONTINENTAL GT 100周年黑武士,2020,6,25000.0,6000.0,635,4,Black,Deluxe ( China ) Motors Company Limited,2188000.0
2026/03,2026,3,PORSCHE,CAYENNE,2018,8,61000.0,2995.0,340,5,Grey,Chun Sang Motors Development Company Limited,498000.0
2026/03,2026,3,MERCEDES-BENZ,EQB250 AMG,2023,3,19000.0,,190,7,White,Cube Motors,318000.0
2026/03,2026,3,LAMBORGHINI,Huracan LP610-4 Coupe,2015,11,38000.0,5204.0,610,2,Red,Wai To Motors Ltd.,1280000.0
2026/03,2026,3,MERCEDES-BENZ,EQB250 AMG,2023,3,39089.0,,190,7,Grey,Cube Motors,318000.0
2026/03,2026,3,TOYOTA,Alphard 3.5 SC,2020,6,35150.0,3456.0,301,7,White,"New Method Motors Co., Ltd.",398000.0
2026/03,2026,3,TOYOTA,Alphard 2.5 SC,2020,6,28536.0,2493.0,182,7,White,"New Method Motors Co., Ltd.",368000.0
2026/03,2026,3,MINI,行貨MINI Cooper COUNTRYMAN S,2019,7,86000.0,1998.0,192,5,White,Win Fair Motors Limited,118000.0
2026/03,2026,3,MERCEDES-BENZ,C200 Coupe AMG Facelift,2019,7,61000.0,1497.0,184,4,White,Wai To Motors Ltd.,178000.0
2026/03,2026,3,BMW,X5 XDRIVE 40iA,2019,7,46000.0,3000.0,340,7,White,Great Motors Limited,338000.0
2026/03,2026,3,VOLKSWAGEN,Golf 1.4 GT TSI,2014,12,83000.0,1395.0,140,5,Silver,Hung Wai Motor Enterprise Limited,39000.0
2026/03,2026,3,MERCEDES-BENZ,C200 FL,2020,6,38284.0,1497.0,184,5,Black,Win Point Motors Limited,168000.0
2026/03,2026,3,MERCEDES-BENZ,S560 Maybach,2020,6,32000.0,4000.0,467,5,Black,Deluxe ( China ) Motors Company Limited,798000.0
2026/03,2026,3,BMW,M4 Coupe,2015,11,33000.0,2979.0,431,4,Black,Yat Hei Motors Ltd.,268000.0
2026/03,2026,3,MINI,JCW Countryman All4,2021,5,26000.0,1998.0,306,5,Green,Yat Hei Motors Ltd.,278000.0
2026/03,2026,3,MERCEDES-BENZ,CLA250 Coupe,2019,7,70000.0,1991.0,211,5,Grey,Yat Hei Motors Ltd.,178000.0
2026/03,2026,3,MERCEDES-BENZ,C43 Coupe,2018,8,60000.0,2996.0,367,4,White,Yat Hei Motors Ltd.,268000.0
2026/03,2026,3,AUDI,E-Tron 50 Quattro,2022,4,50000.0,,308,5,Grey,Yat Hei Motors Ltd.,408000.0
2026/03,2026,3,MITSUBISHI,Pajero Wide VR,1994,32,45000.0,2972.0,208,4,Blue,Yat Hei Motors Ltd.,148000.0
2026/03,2026,3,SUBARU,Forester STI 2 Type M,2001,25,56000.0,1994.0,253,5,Silver,Yat Hei Motors Ltd.,228000.0
2026/03,2026,3,PORSCHE,911 CARRERA S,2016,10,30000.0,2980.0,414,4,White,Neighbourcar Group Limited,1008000.0
2026/03,2026,3,MERCEDES-BENZ,GLE450 4M,2019,7,61000.0,2999.0,367,7,Silver,Wai To Motors Ltd.,398000.0
2026/03,2026,3,BMW,X3 SDRIVE20iA XLine G01,2019,7,38000.0,1998.0,184,5,Black,Royal Horse Motors Company,168000.0
2026/03,2026,3,AUDI,A6 55 TFSI Quattro,2019,7,37000.0,2995.0,340,5,Blue,Hung Wai Motor Enterprise Limited,168000.0
2026/03,2026,3,HONDA,Vezel,2016,10,100000.0,1496.0,131,5,Green,Hung Wai Motor Enterprise Limited,69000.0
2026/03,2026,3,MERCEDES-BENZ,GLC250 4Matic,2016,10,81000.0,1991.0,211,5,Grey,Hung Wai Motor Enterprise Limited,99000.0
2026/03,2026,3,BMW,Z4 M401A,2020,6,3000.0,2998.0,340,2,Grey,Neighbourcar Group Limited,498000.0
2026/03,2026,3,PORSCHE,911 GT3 RS,2019,7,3900.0,3996.0,520,2,Grey,Neighbourcar Group Limited,2880000.0
2026/03,2026,3,BMW,120iA M-Sport Edition,2015,11,51000.0,1598.0,184,5,Grey,Hung Wai Motor Enterprise Limited,49800.0
2026/03,2026,3,BMW,M3,2021,5,6000.0,2996.0,475,5,Green,Zhong Hwa Motors Co. Ltd,728000.0
2026/03,2026,3,VOLVO,XC90 T6 R-DESIGN,2018,8,89000.0,1969.0,320,7,Grey,Celebrity Motors Limited,188000.0
2026/03,2026,3,TOYOTA,Vellfire Hybrid,2016,10,100000.0,2493.0,197,7,White,HANSEN MOTORS COMPANY LTD,228000.0
2026/03,2026,3,BMW,320i,2014,12,61858.0,1598.0,170,5,Grey,Tak Lee Motors (HK) Limited,48000.0
2026/03,2026,3,BMW,I4 M50 GRAN COUPE,2022,4,61000.0,,544,5,Black,Celebrity Motors Limited,388000.0
2026/03,2026,3,MERCEDES-BENZ,GLC250 4Matic AMG,2019,7,60000.0,1991.0,211,5,Black,Hung Wai Motor Enterprise Limited,138000.0
2026/03,2026,3,TOYOTA,PREVIA AERAS,2013,13,77000.0,2362.0,170,7,Grey,HANSEN MOTORS COMPANY LTD,68000.0
2026/03,2026,3,MERCEDES-BENZ,GLE450 AMG 4Matic,2020,6,23000.0,2999.0,367,7,Grey,Hung Wai Motor Enterprise Limited,438000.0
2026/03,2026,3,FIAT,500 1.4 Lounge,2012,14,24000.0,1368.0,101,4,White,Vision Motors (HK) Limited,29800.0
2026/03,2026,3,AUDI,Q3 35TFSI,2021,5,76000.0,1498.0,150,5,Grey,Hung Wai Motor Enterprise Limited,148000.0
2026/03,2026,3,OTHERS,MG ZS EV,2025,1,6200.0,,173,5,White,Hung Wai Motor Enterprise Limited,168000.0
2026/03,2026,3,MAXUS,Mifa 9 Premium,2024,2,40000.0,,244,7,White,Hung Wai Motor Enterprise Limited,368000.0
2026/03,2026,3,NISSAN,Serena Highway Stay VIP S-Hybrid,2019,7,100000.0,1998.0,150,7,White,Hung Wai Motor Enterprise Limited,118000.0
2026/03,2026,3,TOYOTA,PORTE,2015,11,53000.0,1496.0,109,5,Yellow,Vision Motors (HK) Limited,68000.0
2026/03,2026,3,MERCEDES-BENZ,SLC43 AMG,2016,10,57000.0,2996.0,367,2,Black,Vision Motors (HK) Limited,288000.0
2026/03,2026,3,SUBARU,XV 2.0I AWD CVT,2022,4,22500.0,1995.0,156,5,White,Vision Motors (HK) Limited,108000.0
2026/03,2026,3,NISSAN,ELGRAND E-POWER HWS,2024,2,15773.0,1433.0,163,8,Silver,Tak Lee Motors (HK) Limited,289000.0
2026/03,2026,3,TOYOTA,Alphard 3.5 SC,2021,5,39500.0,3500.0,301,7,White,Deluxe ( China ) Motors Company Limited,398000.0
2026/03,2026,3,BYD,Seal,2025,1,4093.0,,197,5,White,Autoway Motors Limited,268000.0
2026/03,2026,3,BENTLEY,BentaygaEWB Azure雅度添越加長,2024,2,200.0,4000.0,550,5,Black,Deluxe ( China ) Motors Company Limited,3788000.0
2026/03,2026,3,LEXUS,行貨CT200h HYBRID,2014,12,137000.0,1798.0,122,5,Grey,Win Fair Motors Limited,58000.0
2026/03,2026,3,MERCEDES-BENZ,S560 AMG-Line,2018,8,46000.0,4000.0,489,5,Blue,Deluxe ( China ) Motors Company Limited,458000.0
2026/03,2026,3,MERCEDES-BENZ,E200 AMG FACELIFT,2021,5,59000.0,1991.0,197,5,White,Royal Horse Motors Company,248000.0
2026/03,2026,3,PORSCHE,Macan GTS,2018,8,32000.0,2997.0,360,5,Black,HANSEN MOTORS COMPANY LTD,358000.0
2026/03,2026,3,BMW,330IA SALOON M SPORT EDITION,2019,7,100000.0,1998.0,258,5,Blue,Neighbourcar Group Limited,138000.0
2026/03,2026,3,SUBARU,Forester 2.0i S Eyesight Hybird,2021,5,25000.0,1995.0,156,5,Grey,Race Art Motors Limited,158000.0
2026/03,2026,3,PORSCHE,CAYENNE S,2015,11,70000.0,3604.0,420,5,Blue,Neighbourcar Group Limited,228000.0
2026/03,2026,3,FERRARI,CALIFORNIA,2009,17,50000.0,4297.0,460,4,Red,Neighbourcar Group Limited,438000.0
2026/03,2026,3,PORSCHE,CAYENNE PLATINUM EDITION (LUXURY PACKAGE),2016,10,20000.0,3598.0,300,5,White,Neighbourcar Group Limited,318000.0
2026/03,2026,3,MERCEDES-BENZ,EQA250 AMG,2023,3,56000.0,,190,5,Black,Hung Wai Motor Trend Limited,198000.0
2026/03,2026,3,OTHERS,MG ZS EV,2022,4,72000.0,,173,5,Silver,Hung Wai Motor Trend Limited,118000.0
2026/03,2026,3,TOYOTA,SIENTA,2023,3,28000.0,1490.0,109,7,Grey,Cube Motors Limited,188000.0
2026/03,2026,3,BMW,IX3 M SPORT EDITION G08,2022,4,33000.0,80.0,286,5,Black,Royal Horse Motors Company,318000.0
2026/03,2026,3,LEXUS,RZ450E,2023,3,44000.0,,313,5,Grey,Cube Motors Limited,368000.0
2026/03,2026,3,TOYOTA,VELLFIRE 2.4 ZG,2016,10,64000.0,2500.0,178,7,Black,Yat Chung Car Company,208000.0
2026/03,2026,3,BMW,X3,2021,5,31000.0,1998.0,252,5,Grey,HANSEN MOTORS COMPANY LTD,198000.0
2026/03,2026,3,BMW,X3 XDRIVE20IA,2021,5,27000.0,2000.0,184,5,Blue,Great Motors Limited,198000.0
2026/03,2026,3,BMW,X1 Sdrive18iA X-Line,2020,6,52000.0,1499.0,136,5,Blue,Hung Wai Motor Trend Limited,128000.0
2026/03,2026,3,TOYOTA,C-HR Hybrid,2021,5,21000.0,1798.0,122,5,White,Hung Wai Motor Trend Limited,128000.0
2026/03,2026,3,BMW,520iA M-Sport,2019,7,83000.0,1998.0,187,5,Grey,Hung Wai Motor Trend Limited,108000.0
2026/03,2026,3,BMW,X7 xDrive40iA Pure Excellence,2020,6,66000.0,2998.0,333,7,Brown,Hung Wai Motor Trend Limited,578000.0
2026/03,2026,3,TOYOTA,Vellfire 3.5,2012,14,120000.0,3456.0,274,7,White,Hung Wai Motor Trend Limited,59800.0
2026/03,2026,3,TESLA,Model S 90D,2016,10,119426.0,,417,5,Blue,Tak Lee Motors (HK) Limited,138000.0
2026/03,2026,3,MERCEDES-BENZ,SL400 AMG -Line,2018,8,41000.0,3000.0,367,2,White,Deluxe ( China ) Motors Company Limited,468000.0
2026/03,2026,3,BMW,BMW X3 (X-Line),2020,6,38000.0,2000.0,184,5,Grey,Pak Yu Motors,178000.0
2026/03,2026,3,KIA,EV6 GT-LINE DELUXE,2022,4,30000.0,,325,5,Black,Neighbourcar Group Limited,208000.0
2026/03,2026,3,LAND ROVER,Rangerover 5.0 Autobiography,2015,11,81000.0,5000.0,510,5,Black,Deluxe ( China ) Motors Company Limited,438000.0
2026/03,2026,3,ROLLS-ROYCE,PHANTOM EXTENDED SERIES II,2022,4,3586.0,6749.0,571,4,Green,"New Method Motors Co., Ltd.",8680000.0
2026/03,2026,3,TOYOTA,Alphard 2.5. Z,2024,2,2500.0,2500.0,185,7,White,Deluxe ( China ) Motors Company Limited,568000.0
2026/03,2026,3,LEXUS,NX300 (Ultimate),2019,7,47000.0,2000.0,238,5,Grey,Pak Yu Motors,178000.0
2026/03,2026,3,PORSCHE,718 CAYMAN S,2018,8,17000.0,2497.0,350,2,White,Cube Motors,598000.0
2026/03,2026,3,FORD,Mustang 5.0,2017,9,59000.0,4951.0,421,4,Black,Hung Wai Motor Trend Limited,188000.0
2026/03,2026,3,LAND ROVER,Rangerover P530 LWB,2024,2,1888.0,4400.0,530,5,Black,Deluxe ( China ) Motors Company Limited,2380000.0
2026/03,2026,3,AUDI,Q5 sportback 45 S-Line,2021,5,34000.0,2000.0,265,5,Blue,Deluxe ( China ) Motors Company Limited,308000.0
2026/03,2026,3,TESLA,Model x 90D,2017,9,70000.0,111.0,417,6,Blue,Yat Chung Car Company,258000.0
2026/03,2026,3,MERCEDES-BENZ,C200 AMG,2019,7,51000.0,1497.0,184,5,White,Cube Motors,138000.0
2026/03,2026,3,MAZDA,BIANTE HIGHER VERSION,2017,9,48000.0,1998.0,151,8,White,A AND S AUTOMOBILE CO. LTD,78000.0
2026/03,2026,3,TOYOTA,C-HR,2021,5,47000.0,1800.0,122,5,Grey,Great Motors Limited,128000.0
2026/03,2026,3,MERCEDES-BENZ,GLA200 AMG,2020,6,46000.0,1332.0,163,5,Grey,Cube Motors,188000.0
2026/03,2026,3,BMW,318i Sport,2021,5,62000.0,1998.0,156,5,Grey,Cube Motors,158000.0
2026/03,2026,3,TOYOTA,ALPHARD,2019,7,110000.0,3500.0,300,7,Gold,Great Motors Limited,288000.0
2026/03,2026,3,BMW,X7 xDrive40iA M Sport,2020,6,50000.0,2998.0,340,7,Grey,Cube Motors,578000.0
2026/03,2026,3,AUDI,S3 Sportback Quattro,2021,5,57000.0,1984.0,310,5,Yellow,Cube Motors,228000.0
2026/03,2026,3,MERCEDES-BENZ,GLB250 AMG 4MATIC,2021,5,54000.0,1991.0,224,7,Grey,Cube Motors,258000.0
2026/03,2026,3,SUBARU,CROSSTREK 2.0I-S EYESIGHT,2024,2,8500.0,2000.0,156,5,Grey,Great Motors Limited,188000.0
2026/03,2026,3,BMW,118i M Sport,2020,6,37000.0,1499.0,140,5,White,Cube Motors,128000.0
2026/03,2026,3,BMW,X3 xDrive20iA xLine,2021,5,23000.0,1998.0,184,5,White,Cube Motors,198000.0
2026/03,2026,3,BMW,X3 xDrive20iA xLine,2020,6,31000.0,1998.0,184,5,Brown,Cube Motors,188000.0
2026/03,2026,3,TOYOTA,ALPHARD 3.5 EXECUTIVE LOUNGE,2015,11,67000.0,3500.0,300,7,Black,Great Motors Limited,208000.0
2026/03,2026,3,MERCEDES-BENZ,GLA200 AMG FACELIFT,2019,7,39000.0,1595.0,156,5,Black,Cube Motors,128000.0
2026/03,2026,3,BMW,X1 sDrive20iA xLine,2018,8,43000.0,1998.0,192,5,White,Cube Motors,108000.0
2026/03,2026,3,MERCEDES-BENZ,GLC250 4MATIC AMG,2018,8,45000.0,1991.0,211,5,Black,Cube Motors,158000.0
2026/03,2026,3,TOYOTA,RAV4 Deluxe,2020,6,39000.0,1987.0,173,5,Green,Cube Motors,158000.0
2026/03,2026,3,MERCEDES-BENZ,G63 AMG,2018,8,39000.0,3982.0,585,5,Grey,Superior Motors Company Limited,1780000.0
2026/03,2026,3,MERCEDES-BENZ,EQA250 AMG,2022,4,49000.0,80.0,190,5,Grey,Yat Chung Car Company,228000.0
2026/03,2026,3,TOYOTA,ALPHARD 3.5 EXECUTIVE LOUNGE,2017,9,95000.0,3500.0,300,7,Black,Yat Chung Car Company,238000.0
2026/03,2026,3,SUBARU,XV 2.0I AWD CVT,2020,6,30354.0,1995.0,156,5,Grey,Win Point Motors Limited,98000.0
2026/03,2026,3,TOYOTA,Previa,2017,9,59549.0,2362.0,170,7,Silver,Win Point Motors Limited,128000.0
2026/03,2026,3,AUDI,Q3 35 TFSI,2021,5,19000.0,1498.0,150,5,Black,Cube Motors,168000.0
2026/03,2026,3,BMW,218IA Gran Coupe Sport,2021,5,42211.0,1499.0,140,5,White,Win Point Motors Limited,128000.0
2026/03,2026,3,TOYOTA,ALPHARD HV,2018,8,51000.0,2494.0,197,7,Black,Celebrity Motors Limited,308000.0
2026/03,2026,3,LEXUS,NX300,2018,8,66000.0,1998.0,238,5,White,Cube Motors,158000.0
2026/03,2026,3,TOYOTA,Noah Luxury,2023,3,16910.0,1987.0,170,7,Black,Win Point Motors Limited,285000.0
2026/03,2026,3,LAND ROVER,Discovery Sport SE 7S,2017,9,68000.0,1999.0,240,7,Black,Cube Motors,88000.0
2026/03,2026,3,KIA,Sorento GT,2018,8,48000.0,2359.0,188,7,Blue,Cube Motors,88000.0
2026/03,2026,3,MERCEDES-BENZ,C200,2018,8,84388.0,1991.0,184,5,Grey,Win Point Motors Limited,98888.0
2026/03,2026,3,BENTLEY,CONTINENTAL GTC V8S,2015,11,20000.0,4000.0,528,4,Yellow,Superior Motors Company Limited,1280000.0
2026/03,2026,3,MCLAREN,MP4 12C COUPE,2012,14,17000.0,3798.0,625,2,Orange,Autopop Limited,628000.0
2026/03,2026,3,BMW,I4 EDRIVE35 M SPORT,2022,4,20000.0,,281,5,Black,Autopop Limited,348000.0
2026/03,2026,3,BMW,M3 COMPETITION M XDRIVE TOURING,2023,3,7000.0,2993.0,510,5,Green,Autopop Limited,1280000.0
2026/03,2026,3,MERCEDES-BENZ,C63 BLACK SERIES,2012,14,39000.0,6208.0,517,4,Black,Autopop Limited,1380000.0
2026/03,2026,3,MCLAREN,570S COUPE,2016,10,20000.0,3799.0,570,2,Orange,Neighbourcar Group Limited,1280000.0
2026/03,2026,3,TOYOTA,VELLFIRE 2.5 FACELIFT,2019,7,38000.0,2494.0,180,7,White,Autopop Limited,288000.0
2026/03,2026,3,BMW,M2 COUPE MANUAL,2023,3,4000.0,2993.0,460,4,Grey,Neighbourcar Group Limited,808000.0
2026/03,2026,3,AUDI,RS3 SEDAN QUATTRO,2018,8,30000.0,2480.0,400,5,Grey,Neighbourcar Group Limited,288000.0
2026/03,2026,3,MERCEDES-BENZ,AMG A35,2019,7,56000.0,1991.0,306,5,Grey,Kings Motor Co,198000.0
2026/03,2026,3,TOYOTA,SIENTA,2021,5,60000.0,1496.0,140,5,Silver,Neighbourcar Group Limited,128000.0
2026/03,2026,3,ALFA ROMEO,STELVIO QUADRIFOGLIO,2018,8,2000.0,2891.0,510,5,White,Kings Motor Co,648000.0
2026/03,2026,3,BMW,120i M Sport,2018,8,107081.0,1998.0,184,5,Black,Tak Lee Motors (HK) Limited,79000.0
2026/03,2026,3,PORSCHE,MACAN 2 0 Facelift,2020,6,23226.0,1984.0,252,5,Silver,Tak Lee Motors (HK) Limited,398000.0
2026/03,2026,3,BENTLEY,Bentayga 賓利添越新款,2022,4,23000.0,4000.0,550,5,Black,Deluxe ( China ) Motors Company Limited,2480000.0
2026/03,2026,3,MERCEDES-BENZ,EQA250 AMG,2022,4,39000.0,,190,5,Blue,Wai To Motors Ltd.,228000.0
2026/03,2026,3,TOYOTA,Alphard 3.5 ExL S,2018,8,46000.0,3500.0,301,7,White,Deluxe ( China ) Motors Company Limited,328000.0
2026/03,2026,3,BMW,X5 xDrive40iA X-Line,2020,6,120000.0,2998.0,340,7,White,Hung Wai Motor Trend Limited,238000.0
2026/03,2026,3,LAND ROVER,Rangerover P525 V8,2020,6,29000.0,5000.0,525,5,Grey,Deluxe ( China ) Motors Company Limited,778000.0
2026/03,2026,3,PORSCHE,CAYMAN T,2019,7,150.0,1998.0,300,2,White,Neighbour Star,968000.0
2026/03,2026,3,TOYOTA,Alphard 2.5 Z,2023,3,4600.0,2500.0,185,7,Black,Deluxe ( China ) Motors Company Limited,528000.0
2026/03,2026,3,BMW,520iA M SPORT,2019,7,72000.0,1998.0,184,5,Grey,A AND S AUTOMOBILE CO. LTD,118000.0
2026/03,2026,3,MERCEDES-BENZ,GLC250 AMG,2018,8,54000.0,1991.0,211,5,White,Celebrity Motors Limited,138000.0
2026/03,2026,3,NISSAN,Serena C26,2013,13,150000.0,1997.0,147,8,Purple,Hung Wai Motor Trend Limited,42800.0
2026/03,2026,3,TESLA,Model Y Lond Range,2022,4,39000.0,,366,5,Grey,Hung Wai Motor Trend Limited,209000.0
2026/03,2026,3,MERCEDES-BENZ,GLA200 AMG,2019,7,56000.0,1595.0,156,5,Black,Hung Wai Motor Trend Limited,99000.0
2026/03,2026,3,PORSCHE,MACAN 2.0 FACELIFT,2020,6,29000.0,1984.0,248,5,Blue,Royal Horse Motors Company,418000.0
2026/03,2026,3,MERCEDES-BENZ,EQE350 PLUS AMG (V295),2022,4,55000.0,109.0,292,5,Black,Royal Horse Motors Company,388000.0
2026/03,2026,3,MERCEDES-BENZ,GLC300 4Matic Facelift,2022,4,43000.0,1991.0,258,5,Gold,Hung Wai Motor Trend Limited,238000.0
2026/03,2026,3,MERCEDES-BENZ,GLA 250,2018,8,34000.0,1991.0,211,5,Grey,A AND S AUTOMOBILE CO. LTD,138000.0
2026/03,2026,3,LEXUS,行貨 UX200 F SPORT版 2.0NA,2019,7,100000.0,1987.0,173,5,White,Win Fair Motors Limited,118000.0
2026/03,2026,3,PORSCHE,行貨Cayenne S V6+Turbo,2016,10,47000.0,3604.0,420,5,White,Win Fair Motors Limited,288000.0
2026/03,2026,3,MERCEDES-BENZ,C200,2018,8,61000.0,1497.0,184,5,Blue,HANSEN MOTORS COMPANY LTD,138000.0
2026/03,2026,3,LEXUS,ES250,2022,4,48000.0,2487.0,207,5,Black,Celebrity Motors Limited,238000.0
2026/03,2026,3,PORSCHE,Macan S,2019,7,42800.0,2995.0,340,5,Blue,A AND S AUTOMOBILE CO. LTD,458000.0
2026/03,2026,3,BMW,iX3 M Sport Edition G08,2023,3,58000.0,80.0,286,5,Blue,A AND S AUTOMOBILE CO. LTD,348000.0
2026/03,2026,3,BMW,520 i M SPORT,2019,7,54000.0,1998.0,184,5,Black,Race Art Motors Limited,148000.0
2026/03,2026,3,TOYOTA,NOAH,2022,4,25000.0,1987.0,170,8,White,Race Art Motors Limited,198000.0
2026/03,2026,3,BMW,318iA SALOON SPORT版行貨,2020,6,69000.0,1998.0,156,5,Green,Win Fair Motors Limited,128000.0
2026/03,2026,3,TOYOTA,行貨CHR HYBRID MODELLISTA包圍,2021,5,77000.0,1798.0,122,5,Red,Win Fair Motors Limited,148000.0
2026/03,2026,3,TESLA,MODEL S 90D,2017,9,150000.0,111.0,423,5,Grey,Yat Chung Car Company,118000.0
2026/03,2026,3,MERCEDES-BENZ,EQB 250 AMG,2023,3,59000.0,111.0,190,7,Grey,Yat Chung Car Company,298000.0
2026/03,2026,3,MERCEDES-BENZ,C200 AMG 1.5,2018,8,78000.0,1498.0,184,5,Black,HANSEN MOTORS COMPANY LTD,138000.0
2026/03,2026,3,MERCEDES-BENZ,E200 AVANTGARDE FACELIFT,2019,7,54000.0,1991.0,184,5,Blue,Yat Chung Car Company,158000.0
2026/03,2026,3,BMW,X6 40M Sport,2021,5,23000.0,2998.0,333,5,Black,HANSEN MOTORS COMPANY LTD,558000.0
2026/03,2026,3,MERCEDES-BENZ,CLA250 AMG,2020,6,44000.0,1998.0,224,5,Blue,HANSEN MOTORS COMPANY LTD,198000.0
2026/03,2026,3,LEXUS,LX460,2013,13,109980.0,4608.0,301,8,Black,Tak Lee Motors (HK) Limited,368000.0
2026/03,2026,3,BMW,420iA Coupe M Sport,2021,5,44000.0,1998.0,184,4,Grey,Hung Wai Motor Trend Limited,258000.0
2026/03,2026,3,PORSCHE,Macan S,2016,10,87000.0,3000.0,340,5,Black,Pak Yu Motors,188000.0
2026/03,2026,3,HONDA,Stepwgn 1.5 (Spada),2017,9,27000.0,1496.0,150,7,Grey,Pak Yu Motors,148000.0
2026/03,2026,3,MAZDA,Mazda 6 Wagon (2.5),2021,5,45000.0,2488.0,194,5,Grey,Pak Yu Motors,128000.0
2026/03,2026,3,MERCEDES-BENZ,EQA250,2022,4,35600.0,,190,5,Grey,Autoway Motors Limited,228000.0
2026/03,2026,3,AUDI,Q3 35 (TFSI),2022,4,39000.0,1498.0,150,5,Grey,Pak Yu Motors,188000.0
2026/03,2026,3,PORSCHE,Cayenne S,2016,10,47000.0,3604.0,420,5,White,Hung Wai Motor Trend Limited,268000.0
2026/03,2026,3,AUDI,Q5 2.0 Quattro Tip,2016,10,111370.0,1984.0,230,5,Grey,Autoway Motors Limited,68000.0
2026/03,2026,3,MERCEDES-BENZ,A250 AMG,2019,7,34000.0,1991.0,224,5,Blue,Yat Chung Car Company,138000.0
2026/03,2026,3,PORSCHE,Boxster GTS 981,2014,12,45000.0,3456.0,340,2,White,Deluxe ( China ) Motors Company Limited,398000.0
2026/03,2026,3,LEXUS,ES250,2019,7,160000.0,2487.0,207,5,Blue,Vision Motors (HK) Limited,88000.0
2026/03,2026,3,LAND ROVER,DISCOVERY SPT P200 S,2020,6,58000.0,1997.0,200,7,Grey,Celebrity Motors Limited,178000.0
2026/03,2026,3,TOYOTA,Alphard 3.5 GF,2021,5,31000.0,3456.0,300,7,Brown,Vision Motors (HK) Limited,388000.0
2026/03,2026,3,PORSCHE,CAYMAN S,2014,12,40000.0,3436.0,325,2,Brown,Yat Chung Car Company,328000.0
2026/03,2026,3,AUDI,行貨Q5 45 TFSI QUATTRO SLINE,2019,7,51000.0,1984.0,252,5,White,Win Fair Motors Limited,138000.0
2026/03,2026,3,BMW,740 Li,2015,11,72568.0,2998.0,326,5,Black,"New Method Motors Co., Ltd.",168000.0
2026/03,2026,3,PORSCHE,CAYENNE,2019,7,31996.0,2995.0,340,5,Black,Tak Lee Motors (HK) Limited,528000.0
2026/03,2026,3,BMW,M340IA XDRIVE,2020,6,28573.0,2998.0,374,5,Blue,"New Method Motors Co., Ltd.",368000.0
2026/03,2026,3,BMW,120iA M-Sport Edition,2015,11,68000.0,1598.0,184,5,White,Hung Wai Motor Trend Limited,49800.0
2026/03,2026,3,TOYOTA,Alphard 3.5 SC,2017,9,60000.0,3500.0,280,7,White,Deluxe ( China ) Motors Company Limited,298000.0
2026/03,2026,3,MERCEDES-BENZ,GLE450 4M,2019,7,50000.0,2999.0,367,7,Black,Neighbourcar Group Limited,398000.0
2026/03,2026,3,PORSCHE,Macan,2015,11,38536.0,1984.0,252,5,Blue,Win Point Motors Limited,138000.0
2026/03,2026,3,TOYOTA,CHR HYBRID,2021,5,48000.0,1798.0,122,5,Silver,Wai To Motors Ltd.,138000.0
2026/03,2026,3,TOYOTA,SIENTA,2021,5,80000.0,1496.0,107,5,Black,Neighbour Star,98000.0
2026/03,2026,3,AUDI,Q8 55TFSI,2021,5,41000.0,3000.0,340,5,Beige,Deluxe ( China ) Motors Company Limited,398000.0
2026/03,2026,3,AUDI,A5 Sportback 1.8 TFSI Multitronic,2014,12,44000.0,1798.0,170,5,Grey,Hung Wai Motor Trend Limited,48000.0
2026/03,2026,3,BMW,330IA SALOON M SPORT EDITION,2019,7,8000.0,1998.0,258,5,Blue,Neighbourcar Group Limited,218000.0
2026/03,2026,3,BMW,IX3 M SPORT EDITION G08,2023,3,41000.0,80.0,286,5,White,Royal Horse Motors Company,298000.0
2026/03,2026,3,BMW,520IA M Sport,2019,7,82730.0,1998.0,184,5,Grey,Win Point Motors Limited,118000.0
2026/03,2026,3,BMW,I4 M50 GRAN COUPE G26,2022,4,43000.0,84.0,544,5,Blue,Royal Horse Motors Company,398000.0
2026/03,2026,3,BMW,X7 XDRIVE40IA EXCELLENCE G07,2019,7,54000.0,2994.0,340,7,Black,Royal Horse Motors Company,598000.0
2026/03,2026,3,BMW,118IA M SPORT EDITION,2020,6,56237.0,1499.0,140,5,Red,Win Point Motors Limited,113000.0
2026/03,2026,3,TOYOTA,Alphard 2.5 Z,2023,3,8100.0,2500.0,185,7,Black,Deluxe ( China ) Motors Company Limited,598000.0
2026/03,2026,3,TOYOTA,ALPHARD 2.5 HYBRID,2018,8,71000.0,2398.0,197,7,White,Win Point Motors Limited,328000.0
2026/03,2026,3,MERCEDES-BENZ,G55 AMG,2005,21,78000.0,5439.0,469,5,Black,Yat Chung Car Company,798000.0
2026/03,2026,3,BMW,320I M Sport,2018,8,19676.0,1998.0,184,5,Blue,"Ritz Automobile Co., Limited",108000.0
2026/03,2026,3,HONDA,STEPWGN HYBRID RP5 EX,2019,7,53000.0,2000.0,184,7,White,Yat Chung Car Company,178000.0
2026/03,2026,3,BMW,X4 20iA XLINE G02,2019,7,78000.0,1998.0,184,5,White,HANSEN MOTORS COMPANY LTD,178000.0
2026/03,2026,3,BMW,320i M Sport,2018,8,19000.0,1998.0,184,5,Blue,Vision Motors (HK) Limited,108000.0
2026/03,2026,3,TESLA,MODEL Y SR,2024,2,25000.0,,299,5,Black,Celebrity Motors Limited,258000.0
2026/03,2026,3,BMW,IX XDRIVE40 (I20),2022,4,36000.0,145.0,326,5,Grey,Royal Horse Motors Company,488000.0
2026/03,2026,3,BENTLEY,Flying Spur,2017,9,18000.0,5998.0,605,2,White,Zhong Hwa Motors Co. Ltd,898000.0
2026/02,2026,2,LEXUS,ES300H,2020,6,37000.0,2487.0,218,5,Grey,Celebrity Motors Limited,208000.0
2026/02,2026,2,MERCEDES-BENZ,EQA 250 AMG,2022,4,8480.0,80.0,190,5,White,"New Method Motors Co., Ltd.",248000.0
2026/02,2026,2,MERCEDES-BENZ,G63 AMG,2019,7,22000.0,3982.0,585,5,Black,"New Method Motors Co., Ltd.",1880000.0
2026/02,2026,2,TOYOTA,ALPHARD 3.5 FACELIFTED,2019,7,110000.0,3456.0,300,7,Beige,A AND S AUTOMOBILE CO. LTD,308000.0
2026/02,2026,2,TOYOTA,ALPHARD 350 2.4 Turbo,2024,2,3008.0,2393.0,274,7,White,"New Method Motors Co., Ltd.",898000.0
2026/02,2026,2,PORSCHE,Panamera Turbo,2013,13,36751.0,4806.0,500,4,Green,"New Method Motors Co., Ltd.",298000.0
2026/02,2026,2,TOYOTA,ALPHARD 350,2019,7,32050.0,3456.0,300,7,Gold,"New Method Motors Co., Ltd.",398000.0
2026/02,2026,2,AUDI,TTS Coupe Quattro,2015,11,14764.0,1984.0,310,4,Blue,"New Method Motors Co., Ltd.",248000.0
2026/02,2026,2,MERCEDES-BENZ,EQE350 AMG,2023,3,8100.0,999.0,292,5,Black,"New Method Motors Co., Ltd.",498000.0
2026/02,2026,2,MERCEDES-BENZ,E300 Coupe AMG,2019,7,13950.0,1991.0,245,4,Grey,"New Method Motors Co., Ltd.",398000.0
2026/02,2026,2,BENTLEY,Mulsanne,2020,6,2870.0,6800.0,512,5,Silver,"New Method Motors Co., Ltd.",2980000.0
2026/02,2026,2,BMW,740Li,2016,10,60864.0,2998.0,326,5,Grey,"New Method Motors Co., Ltd.",298000.0
2026/02,2026,2,MASERATI,Granturismo,2010,16,44520.0,4244.0,405,4,Grey,"New Method Motors Co., Ltd.",99000.0
2026/02,2026,2,LAND ROVER,Defender 110 P300,2021,5,29000.0,2000.0,300,7,Black,Deluxe ( China ) Motors Company Limited,668000.0
2026/02,2026,2,TOYOTA,Alphard 2.5 Z,2023,3,8103.0,2500.0,182,7,Black,Deluxe ( China ) Motors Company Limited,528000.0
2026/02,2026,2,TOYOTA,Alphard 3.5 Exl-S,2018,8,38000.0,3500.0,301,7,Black,Deluxe ( China ) Motors Company Limited,328000.0
2026/02,2026,2,LAND ROVER,Defender 90 P300 SE,2022,4,24000.0,2000.0,300,5,Black,Deluxe ( China ) Motors Company Limited,708000.0
2026/02,2026,2,OTHERS,行貨MG ZS EV 純電動車,2024,2,6000.0,75.0,204,5,White,Win Fair Motors Limited,168000.0
2026/02,2026,2,MINI,CLUBMAN 1.5 Turbo,2020,6,45000.0,1499.0,136,4,Red,A AND S AUTOMOBILE CO. LTD,128000.0
2026/02,2026,2,TESLA,Model 3 Long Range AWD,2024,2,70000.0,,346,5,Black,Hung Wai Motor Trend Limited,198000.0
2026/02,2026,2,TOYOTA,ALPHARD 3.5,2015,11,55000.0,3500.0,300,7,Silver,Yat Chung Car Company,228000.0
2026/02,2026,2,KIA,Sportage X-Line,2023,3,25000.0,1999.0,180,5,Grey,Hung Wai Motor Trend Limited,138000.0
2026/02,2026,2,BMW,X1 SDRIVE18IA,2020,6,28000.0,1499.0,228,5,Grey,Yat Chung Car Company,138000.0
2026/02,2026,2,TOYOTA,SIENTA HYBRID G FACELIFT,2020,6,32259.0,1496.0,100,7,White,"Ritz Automobile Co., Limited",148000.0
2026/02,2026,2,HONDA,FREED HYBRID GB7 FACELIFT 7座,2021,5,35975.0,1500.0,139,7,White,"Ritz Automobile Co., Limited",158000.0
2026/02,2026,2,PORSCHE,PANAMERA,2017,9,30000.0,2995.0,550,4,White,Neighbourcar Group Limited,508000.0
2026/02,2026,2,TOYOTA,VOXY HYBRID ZS FACELIFT,2019,7,41603.0,1797.0,136,7,Black,"Ritz Automobile Co., Limited",198000.0
2026/02,2026,2,HONDA,STEPWGN SPADA e:HEV RP5,2021,5,22310.0,1993.0,245,7,White,"Ritz Automobile Co., Limited",218000.0
2026/02,2026,2,HONDA,STEPWGN GEX e:HEV,2020,6,26571.0,1993.0,245,7,White,"Ritz Automobile Co., Limited",208000.0
2026/02,2026,2,MERCEDES-BENZ,C200 AMG EDITION,2022,4,26000.0,1500.0,204,5,Blue,Yat Chung Car Company,288000.0
2026/02,2026,2,TOYOTA,ALPHARD Z 250,2025,1,27.0,2493.0,182,7,White,"Ritz Automobile Co., Limited",668000.0
2026/02,2026,2,TOYOTA,CAMRY 2.5 DELUXE,2018,8,63000.0,2494.0,181,5,Silver,Yat Chung Car Company,108000.0
2026/02,2026,2,VOLKSWAGEN,行貨GOLF GTI MK7,2014,12,120000.0,1984.0,220,5,White,Win Fair Motors Limited,58000.0
2026/02,2026,2,MERCEDES-BENZ,C300 AMG,2016,10,67000.0,1991.0,245,2,Grey,Celebrity Motors Limited,98000.0
2026/02,2026,2,VOLVO,XC40 P8 RECHARGE PRO,2022,4,70000.0,,408,5,Green,Neighbourcar Group Limited,148000.0
2026/02,2026,2,PORSCHE,718 Cayman S,2017,9,33000.0,2497.0,350,2,Red,Wai To Motors Ltd.,518000.0
2026/02,2026,2,PORSCHE,Cayenne Coupe,2019,7,50000.0,2995.0,340,5,Blue,Wai To Motors Ltd.,698000.0
2026/02,2026,2,MERCEDES-BENZ,EQA 250,2022,4,40000.0,,190,5,White,Neighbourcar Group Limited,188000.0
2026/02,2026,2,MERCEDES-BENZ,S500 4MATIC,2021,5,20000.0,2999.0,435,5,Blue,Neighbourcar Group Limited,1130000.0
2026/02,2026,2,SUBARU,IMPREZA 5D 2.5 STI AWD 5AT,2010,16,80000.0,2457.0,300,5,White,Neighbourcar Group Limited,88000.0
2026/02,2026,2,TESLA,MODEL 3 PERFORMANCE DUAL MOTOR,2019,7,70000.0,,219,5,Black,Neighbourcar Group Limited,158000.0
2026/02,2026,2,LAND ROVER,RR VELAR R-DYN SE P380,2017,9,40000.0,2995.0,380,5,Silver,Neighbourcar Group Limited,338000.0
2026/02,2026,2,BMW,318IA SALOON SPORT,2020,6,50000.0,1998.0,156,5,White,Neighbourcar Group Limited,138000.0
2026/02,2026,2,PORSCHE,MACAN S FACELIFT,2018,8,59000.0,2995.0,340,5,Black,Neighbourcar Group Limited,368000.0
2026/02,2026,2,LAND ROVER,DISCOVERY SPT SE 7S,2018,8,64000.0,1997.0,240,7,Grey,Celebrity Motors Limited,98000.0
2026/02,2026,2,BMW,128TIA,2022,4,39000.0,1998.0,265,5,White,Neighbourcar Group Limited,158000.0
2026/02,2026,2,MERCEDES-BENZ,CLS450 4MATIC,2018,8,40000.0,2999.0,367,5,Black,Neighbourcar Group Limited,328000.0
2026/02,2026,2,BMW,520i M SPORT (G30),2019,7,55214.0,1998.0,184,5,Black,Tak Lee Motors (HK) Limited,148000.0
2026/02,2026,2,TESLA,MODEL S 85 KWH DUAL MOTOR,2016,10,50000.0,,518,5,Brown,Kings Motor Co,168000.0
2026/02,2026,2,BMW,X5 xDrive30D,2013,13,120000.0,2993.0,258,7,Black,Hung Wai Motor Trend Limited,133800.0
2026/02,2026,2,AUDI,E-TRON GT,2021,5,45000.0,,476,5,Grey,Kings Motor Co,638000.0
2026/02,2026,2,TOYOTA,Estima Aeras V6,2015,11,75000.0,3456.0,280,7,Black,Hung Wai Motor Trend Limited,64000.0
2026/02,2026,2,TOYOTA,Wish Deluxe 1.8,2010,16,140000.0,1798.0,143,7,Red,Hung Wai Motor Trend Limited,33000.0
2026/02,2026,2,TOYOTA,VELLFIRE 250,2020,6,63000.0,2494.0,182,7,White,A AND S AUTOMOBILE CO. LTD,288000.0
2026/02,2026,2,TOYOTA,Alphard 2.5 Facelift,2020,6,55000.0,2494.0,274,7,White,Hung Wai Motor Trend Limited,268000.0
2026/02,2026,2,TOYOTA,C-HR,2021,5,31000.0,1798.0,122,5,Blue,Celebrity Motors Limited,138000.0
2026/02,2026,2,MERCEDES-BENZ,CLA250 COUPE AMG (C118),2020,6,46000.0,1991.0,224,5,White,Vision Motors (HK) Limited,178000.0
2026/02,2026,2,MERCEDES-BENZ,EQB 250 AMG (X243),2022,4,22000.0,80.0,190,7,Grey,Vision Motors (HK) Limited,298000.0
2026/02,2026,2,MERCEDES-BENZ,GLB250 4MATIC (X247),2021,5,30000.0,1991.0,224,7,White,Vision Motors (HK) Limited,268000.0
2026/02,2026,2,MERCEDES-BENZ,A250 SPORT AMG,2013,13,83000.0,1991.0,211,5,Grey,PRO-DRIVER,58000.0
2026/02,2026,2,LEXUS,NX300,2019,7,40000.0,1998.0,235,5,Black,PRO-DRIVER,198000.0
2026/02,2026,2,MERCEDES-BENZ,C200 COUPE AMG,2019,7,61000.0,1497.0,184,5,White,PRO-DRIVER,218000.0
2026/02,2026,2,TESLA,MODEL S 70D,2016,10,220000.0,,328,5,Blue,PRO-DRIVER,128000.0
2026/02,2026,2,LEXUS,IS300H ULTIMATE,2016,10,25989.0,2494.0,223,5,Black,Tak Lee Motors (HK) Limited,118000.0
2026/02,2026,2,LAND ROVER,Defender 110,2015,11,66911.0,2198.0,120,5,Green,"New Method Motors Co., Ltd.",268000.0
2026/02,2026,2,AUDI,TTRS COUPE QUATTRO,2023,3,6000.0,2480.0,400,2,Grey,Celebrity Motors Limited,598000.0
2026/02,2026,2,PORSCHE,718 CAYMAN,2019,7,37000.0,1988.0,300,2,Blue,Autopop Limited,528000.0
2026/02,2026,2,MINI,COUNTRYMAN JCW ALL 4,2021,5,28000.0,1998.0,306,2,Green,Autopop Limited,278000.0
2026/02,2026,2,LAND ROVER,DEFENDER 90 P300,2023,3,3000.0,2997.0,300,4,Silver,Autopop Limited,738000.0
2026/02,2026,2,FERRARI,430 SCUDERIA,2008,18,25000.0,4308.0,510,2,Red,Autopop Limited,1980000.0
2026/02,2026,2,FERRARI,360 CHALLENGE STRADALE,2004,22,60000.0,3586.0,425,3,Black,Autopop Limited,2180000.0
2026/02,2026,2,MERCEDES-BENZ,E53 COUPE AMG 4MATIC+,2021,5,19000.0,2999.0,429,4,White,Autopop Limited,738000.0
2026/02,2026,2,MCLAREN,ARTURA COUPE,2022,4,11000.0,2993.0,680,2,Orange,Autopop Limited,2380000.0
2026/02,2026,2,AUDI,TTRS COUPE QUATTRO,2023,3,11000.0,2480.0,400,4,White,Autopop Limited,598000.0
2026/02,2026,2,BMW,M3 COMPETITION XDRIVE G80,2021,5,50000.0,2993.0,510,5,Yellow,Autopop Limited,798000.0
2026/02,2026,2,BENTLEY,CONTINENTAL SUPERSPORTS,2010,16,27000.0,5998.0,630,2,Black,Autopop Limited,498000.0
2026/02,2026,2,FERRARI,F355 BERLINETTA,1997,29,19000.0,3496.0,380,2,Red,Autopop Limited,1080000.0
2026/02,2026,2,BMW,Z4 M COUPE,2008,18,70000.0,3246.0,330,5,Black,Autopop Limited,498000.0
2026/02,2026,2,LAND ROVER,Rangerover Sport Autobiography,2019,7,25000.0,3000.0,400,5,Black,Deluxe ( China ) Motors Company Limited,598000.0
2026/02,2026,2,MCLAREN,720 Performance,2019,7,3500.0,3994.0,720,2,Grey,Zhong Hwa Motors Co. Ltd,2480000.0
2026/02,2026,2,FERRARI,FF,2012,14,25000.0,6262.0,651,4,Black,Zhong Hwa Motors Co. Ltd,980000.0
2026/02,2026,2,MERCEDES-BENZ,Maybach S650 V12,2018,8,32000.0,5980.0,630,2,Black,Zhong Hwa Motors Co. Ltd,1380000.0
2026/02,2026,2,MAXUS,Mifa 7 Elite,2025,1,70.0,90.0,244,7,Black,"New Method Motors Co., Ltd.",338000.0
2026/02,2026,2,MERCEDES-BENZ,A250 Sport,2013,13,130000.0,1991.0,211,5,Black,Hung Wai Motor Trend Limited,48000.0
2026/02,2026,2,MERCEDES-BENZ,B220,2020,6,86000.0,1991.0,190,5,Grey,Hung Wai Motor Trend Limited,108000.0
2026/02,2026,2,BENTLEY,Bentagya V8 Black,2021,5,21000.0,3996.0,550,2,Black,Zhong Hwa Motors Co. Ltd,2480000.0
2026/02,2026,2,HONDA,Freed GB5,2018,8,55000.0,1496.0,131,7,Yellow,Hung Wai Motor Trend Limited,89800.0
2026/02,2026,2,TOYOTA,Corolla Cross Hybrid,2025,1,2300.0,1987.0,198,5,Silver,Hung Wai Motor Trend Limited,188000.0
2026/02,2026,2,LOTUS,Evora S,2011,15,21000.0,3456.0,350,4,White,Hung Wai Motor Trend Limited,378000.0
2026/02,2026,2,MERCEDES-BENZ,GLA200 FACELIFT (X156),2019,7,12000.0,1595.0,170,4,Grey,Yat Chung Car Company,128000.0
2026/02,2026,2,BMW,M2 COUPE (F87),2017,9,36000.0,2979.0,370,4,White,A AND S AUTOMOBILE CO. LTD,258000.0
2026/02,2026,2,MINI,Mini cooper CLUBMAN 1.5 F54,2021,5,61000.0,1500.0,140,5,Others,A AND S AUTOMOBILE CO. LTD,158000.0
2026/02,2026,2,BMW,730LD,2015,11,98000.0,2993.0,258,5,Grey,HANSEN MOTORS COMPANY LTD,138000.0
2026/02,2026,2,VOLVO,行貨 XC90 2.0T6 RDESIGN 7座,2018,8,106000.0,1969.0,316,7,White,Win Fair Motors Limited,168000.0
2026/02,2026,2,MERCEDES-BENZ,AMG GTS,2015,11,34000.0,3982.0,510,2,Red,Wai To Motors Ltd.,598000.0
2026/02,2026,2,MAXUS,MIFA 9 LUXURY,2024,2,28000.0,,252,7,Grey,Wai To Motors Ltd.,378000.0
2026/02,2026,2,TESLA,MODEL Y RWD,2023,3,40000.0,,320,5,White,Great Motors Limited,238000.0
2026/02,2026,2,MERCEDES-BENZ,EQA250 AMG,2022,4,35000.0,,190,5,White,Great Motors Limited,238000.0
2026/02,2026,2,PORSCHE,718 Cayman,2018,8,41000.0,1988.0,300,2,Silver,Wai To Motors Ltd.,468000.0
2026/02,2026,2,HONDA,行貨 FREED 7座 豪華版,2018,8,54000.0,1496.0,131,7,Yellow,Win Fair Motors Limited,88000.0
2026/02,2026,2,VOLVO,XC 40 B4,2021,5,30000.0,1969.0,197,5,Blue,Vision Motors (HK) Limited,208000.0
2026/02,2026,2,TOYOTA,COROLLA TOURING HYBRID WXB,2020,6,35008.0,1797.0,170,5,Purple,"Ritz Automobile Co., Limited",158000.0
2026/02,2026,2,PORSCHE,Panamera 4S,2017,9,41000.0,2894.0,440,4,Brown,Wai To Motors Ltd.,568000.0
2026/02,2026,2,BMW,X1 SDRIVE18D,2017,9,84575.0,1995.0,150,5,White,Win Point Motors Limited,118000.0
2026/02,2026,2,MERCEDES-BENZ,GLC250 4Matic AMG,2016,10,58000.0,1991.0,211,5,Grey,Hung Wai Motor Trend Limited,118000.0
2026/02,2026,2,BMW,iX3 M Sport Edition,2022,4,67000.0,,286,5,Blue,Hung Wai Motor Trend Limited,268000.0
2026/02,2026,2,TESLA,Model Y SR,2023,3,70000.0,,299,2,Grey,Wai To Motors Ltd.,228000.0
2026/02,2026,2,TOYOTA,C-HR Hybrid,2021,5,74798.0,1798.0,122,5,White,Win Point Motors Limited,148000.0
2026/02,2026,2,AUDI,A3 35 TFSI S Line,2021,5,21000.0,1500.0,170,5,Black,A AND S AUTOMOBILE CO. LTD,178000.0
2026/02,2026,2,TOYOTA,ALPHARD 250 Z,2025,1,58.0,2493.0,182,7,Black,"Ritz Automobile Co., Limited",658000.0
2026/02,2026,2,MINI,COUNTRYMAN S,2021,5,38964.0,1998.0,178,5,Grey,Tak Lee Motors (HK) Limited,188000.0
2026/02,2026,2,TESLA,Model 3 Long Range 四驅,2021,5,55000.0,153.0,153,5,Black,Vision Motors (HK) Limited,178000.0
2026/02,2026,2,NISSAN,Serena Highway Stay VIP S-Hybrid,2019,7,43000.0,1997.0,150,8,Red,Hung Wai Motor Trend Limited,128000.0
2026/02,2026,2,MERCEDES-BENZ,EQA 250 AMG (H243),2022,4,32000.0,80.0,190,5,White,Vision Motors (HK) Limited,208000.0
2026/02,2026,2,HONDA,Freed GB5,2017,9,76000.0,1496.0,131,7,Yellow,Hung Wai Motor Trend Limited,73800.0
2026/02,2026,2,MERCEDES-BENZ,MAYBACH S500,2016,10,83317.0,4663.0,455,5,Grey,Tak Lee Motors (HK) Limited,468000.0
2026/02,2026,2,AION,HYPTBC HT ELITE,2025,1,17000.0,,245,5,Blue,Celebrity Motors Limited,188000.0
2026/02,2026,2,BMW,218IA ACTIVE TOURER,2019,7,43000.0,1499.0,140,5,Black,Yat Chung Car Company,128000.0
2026/02,2026,2,MERCEDES-BENZ,E200 COUPE AMG,2019,7,50000.0,1991.0,184,4,White,PRO-DRIVER,258000.0
2026/02,2026,2,TOYOTA,RAV 4 (Deluxe),2021,5,50000.0,1987.0,173,5,White,Pak Yu Motors,168000.0
2026/02,2026,2,SUZUKI,JIMNY 1.5 4WD 5MT,2021,5,30000.0,1462.0,103,4,Black,A AND S AUTOMOBILE CO. LTD,238000.0
2026/02,2026,2,TOYOTA,ALPHARD 3.5,2020,6,49000.0,3500.0,300,7,Black,A AND S AUTOMOBILE CO. LTD,418000.0
2026/02,2026,2,TOYOTA,VELLFIRE,2018,8,38000.0,3500.0,310,7,Black,A AND S AUTOMOBILE CO. LTD,328000.0
2026/02,2026,2,MAZDA,MAZDA 6 2.0,2022,4,5300.0,2000.0,180,5,Grey,A AND S AUTOMOBILE CO. LTD,158000.0
2026/02,2026,2,BMW,I4 E40 M Sport,2023,3,13000.0,,340,5,Others,A AND S AUTOMOBILE CO. LTD,448000.0
2026/02,2026,2,MAXUS,Mifa7 Premium,2024,2,10.0,,0,2,Black,A AND S AUTOMOBILE CO. LTD,399000.0
2026/02,2026,2,MAXUS,Mifa7 Premium,2024,2,10.0,,245,7,White,A AND S AUTOMOBILE CO. LTD,399000.0
2026/02,2026,2,MAXUS,Mifa9 Premium,2024,2,10.0,,252,7,White,A AND S AUTOMOBILE CO. LTD,558000.0
2026/02,2026,2,MINI,Mini Cooper S R56,2013,13,47000.0,1600.0,250,4,Black,A AND S AUTOMOBILE CO. LTD,88000.0
2026/02,2026,2,MASERATI,LEVANTE DIESEL,2017,9,60000.0,3000.0,323,5,Black,A AND S AUTOMOBILE CO. LTD,398000.0
2026/02,2026,2,LEXUS,LM 350,2022,4,5000.0,3500.0,300,4,Black,A AND S AUTOMOBILE CO. LTD,1388000.0
2026/02,2026,2,TOYOTA,VELLFIRE 3.5ZG,2017,9,67000.0,3500.0,290,7,Black,Yat Chung Car Company,248000.0
2026/02,2026,2,LEXUS,NX200T,2017,9,40000.0,2000.0,235,5,Black,Yat Chung Car Company,138000.0
2026/02,2026,2,BMW,328iA Sport,2012,14,130000.0,1997.0,245,5,White,Hung Wai Motor Trend Limited,48000.0
2026/02,2026,2,NISSAN,SERENA E POWER,2021,5,36000.0,1200.0,136,7,Blue,Race Art Motors Limited,178000.0
2026/02,2026,2,LEXUS,RZ450E,2023,3,44000.0,,313,5,Grey,Wai To Motors Ltd.,368000.0
2026/02,2026,2,MERCEDES-BENZ,EQE350+ AMG,2022,4,38000.0,,292,5,Grey,Wai To Motors Ltd.,388000.0
2026/02,2026,2,PORSCHE,CAYENNE,2019,7,35000.0,2995.0,340,5,Blue,A AND S AUTOMOBILE CO. LTD,568000.0
2026/02,2026,2,HONDA,Civic Type R FK2,2016,10,48000.0,1995.0,310,4,White,Wai To Motors Ltd.,268000.0
2026/02,2026,2,BMW,520iA M sport Edition,2019,7,50000.0,1998.0,184,5,Grey,A AND S AUTOMOBILE CO. LTD,148000.0
2026/02,2026,2,MERCEDES-BENZ,C250 Coupe AMG,2018,8,48450.0,1991.0,211,4,Blue,"New Method Motors Co., Ltd.",168000.0
2026/02,2026,2,MERCEDES-BENZ,CLA200 AMG,2015,11,69000.0,1595.0,156,5,Black,"New Method Motors Co., Ltd.",78000.0
2026/02,2026,2,PORSCHE,TAYCAN,2022,4,35000.0,,408,5,Others,A AND S AUTOMOBILE CO. LTD,798000.0
2026/02,2026,2,TESLA,MODEL X 60D,2017,9,144000.0,,330,7,Black,HANSEN MOTORS COMPANY LTD,178000.0
2026/02,2026,2,PORSCHE,Boxster,2008,18,91997.0,2687.0,245,2,Silver,Win Point Motors Limited,58000.0
2026/02,2026,2,MAXUS,Mifa 7 Elite,2025,1,70.0,90.0,244,7,White,"New Method Motors Co., Ltd.",338000.0
2026/02,2026,2,TOYOTA,NOAH HYBRID,2018,8,57134.0,1797.0,140,7,Black,Tak Lee Motors (HK) Limited,128000.0
2026/02,2026,2,TESLA,Model Y Lond Range,2022,4,44000.0,,366,5,White,Hung Wai Motor Trend Limited,208000.0
2026/02,2026,2,MINI,COUNTRYMAN,2020,6,27000.0,1499.0,136,5,Grey,Celebrity Motors Limited,158000.0
2026/02,2026,2,MERCEDES-BENZ,GLE320,2016,10,31466.0,2996.0,272,5,Black,Win Point Motors Limited,178000.0
2026/02,2026,2,SUBARU,Forester 2.0i S Eyesight Hybird,2021,5,16600.0,1995.0,156,5,Blue,Race Art Motors Limited,158000.0
2026/02,2026,2,TOYOTA,VELLFIRE 3.5,2016,10,58000.0,3456.0,274,7,Grey,Celebrity Motors Limited,218000.0
2026/02,2026,2,NISSAN,ELGRAND 250HWS AVM,2018,8,59852.0,2488.0,280,7,Black,Win Point Motors Limited,128000.0
2026/02,2026,2,HYUNDAI,IONIQ Electric,2019,7,62667.0,,120,5,White,Win Point Motors Limited,68800.0
2026/02,2026,2,MINI,Mini Cooper S D,2015,11,110000.0,1998.0,170,4,Grey,HANSEN MOTORS COMPANY LTD,118000.0
2026/02,2026,2,TESLA,Model 3 Lond Range,2021,5,160000.0,,252,5,White,Hung Wai Motor Trend Limited,118000.0
2026/02,2026,2,BMW,X5 XDRIVE30D,2014,12,130000.0,2993.0,258,5,Black,Neighbourcar Group Limited,148000.0
2026/02,2026,2,BMW,120IA M SPORT EDITION,2021,5,30000.0,1998.0,178,5,Blue,Neighbourcar Group Limited,158000.0
2026/02,2026,2,TOYOTA,ALPHARD 3.5 GF,2021,5,43000.0,3500.0,294,7,White,Yat Chung Car Company,408000.0
2026/02,2026,2,MINI,5 DOOR COOPER S AUTOMATIC,2017,9,19000.0,1998.0,192,5,White,Neighbour Star,118000.0
2026/02,2026,2,TESLA,Model 3 long range DM,2024,2,90000.0,888.0,498,5,Black,Race Art Motors Limited,175000.0
2026/02,2026,2,MERCEDES-BENZ,GLC250 COUPE AMG,2017,9,86000.0,1991.0,211,5,Grey,Yat Chung Car Company,168000.0
2026/02,2026,2,HONDA,JAZZ GK5 RS,2018,8,45000.0,1496.0,132,5,Blue,Yat Chung Car Company,98000.0
2026/02,2026,2,LAND ROVER,RR VELAR R-DYN S P250,2018,8,52000.0,1997.0,250,5,Grey,Celebrity Motors Limited,238000.0
2026/02,2026,2,MERCEDES-BENZ,C200 CAB,2017,9,85000.0,1991.0,200,4,White,Yat Chung Car Company,168000.0
2026/02,2026,2,TOYOTA,NOAH 90,2022,4,38000.0,2000.0,174,7,White,Yat Chung Car Company,238000.0
2026/02,2026,2,SUBARU,Forester 2.0I - S Eyesight Hybrid AWD CVT,2019,7,63000.0,1995.0,156,5,Blue,Vision Motors (HK) Limited,108000.0
2026/02,2026,2,LAND ROVER,Ranger Rover Wvoque,2017,9,38000.0,1999.0,240,5,Black,Vision Motors (HK) Limited,118000.0
2026/02,2026,2,HONDA,STEPWGN SPADA HYBRID e:HEV,2023,3,9000.0,1993.0,184,7,Black,Yat Chung Car Company,289000.0
2026/02,2026,2,PORSCHE,Macan S,2016,10,36000.0,2967.0,2967,5,Brown,Vision Motors (HK) Limited,208000.0
2026/02,2026,2,AUDI,Q5 2.0T,2012,14,80000.0,1984.0,211,5,Grey,Vision Motors (HK) Limited,39800.0
2026/02,2026,2,MERCEDES-BENZ,S400 （V222),2014,12,75000.0,2996.0,333,5,Silver,Vision Motors (HK) Limited,178000.0
2026/02,2026,2,BMW,318i,2020,6,52000.0,1998.0,156,5,Black,Vision Motors (HK) Limited,148000.0
2026/01,2026,1,NISSAN,X Trail,2015,11,144358.0,1996.0,141,7,Green,Autoway Motors Limited,48000.0
2026/01,2026,1,MERCEDES-BENZ,GLC250 4Matic AMG,2018,8,38000.0,1991.0,211,5,White,Hung Wai Motor Trend Limited,138000.0
2026/01,2026,1,TOYOTA,Prius 1.8,2011,15,140000.0,1798.0,99,5,Black,Hung Wai Motor Trend Limited,33000.0
2026/01,2026,1,BMW,X6 XDirve35IA (F16),2017,9,49528.0,2979.0,306,5,Black,Autoway Motors Limited,178000.0
2026/01,2026,1,MERCEDES-BENZ,G350D,2013,13,95000.0,3000.0,211,5,Grey,Deluxe ( China ) Motors Company Limited,468000.0
2026/01,2026,1,LAND ROVER,Rangerover 5.0 V8 AB,2017,9,43000.0,5000.0,510,5,White,Deluxe ( China ) Motors Company Limited,448000.0
2026/01,2026,1,LAND ROVER,Rangerover LWB 頂級加長大路虎,2014,12,69800.0,5000.0,510,5,Black,Deluxe ( China ) Motors Company Limited,358000.0
2026/01,2026,1,BENTLEY,Bentayga V8,2019,7,28000.0,4000.0,550,5,White,Deluxe ( China ) Motors Company Limited,1298000.0
2026/01,2026,1,MERCEDES-BENZ,G63 AMG,2019,7,37000.0,4000.0,585,5,White,Deluxe ( China ) Motors Company Limited,1798000.0
2026/01,2026,1,BMW,M850i M-Sport,2019,7,32000.0,4400.0,530,4,Black,Deluxe ( China ) Motors Company Limited,698000.0
2026/01,2026,1,LAND ROVER,Defender 110 P300,2020,6,32000.0,2000.0,300,7,Green,Deluxe ( China ) Motors Company Limited,648000.0
2026/01,2026,1,BENTLEY,Bentley Continental GT 4.0 V8 Mulliner 歐陸飛馳,2021,5,30000.0,4000.0,550,4,White,Deluxe ( China ) Motors Company Limited,2288000.0
2026/01,2026,1,MERCEDES-BENZ,C63S Coupe AMG,2019,7,29000.0,4000.0,510,4,Black,Deluxe ( China ) Motors Company Limited,498000.0
2026/01,2026,1,BENTLEY,Bentayga W12 2019,2019,7,28000.0,6000.0,605,5,Black,Deluxe ( China ) Motors Company Limited,1398000.0
2026/01,2026,1,LAND ROVER,Rangerover P525 LWB,2018,8,39000.0,5000.0,525,5,Blue,Deluxe ( China ) Motors Company Limited,898000.0
2026/01,2026,1,LAND ROVER,Rangerover Sport SVR Carbon,2021,5,30000.0,5000.0,575,5,White,Deluxe ( China ) Motors Company Limited,1098000.0
2026/01,2026,1,TOYOTA,Alphard 2.5 SC,2019,7,48000.0,2500.0,182,7,Black,Deluxe ( China ) Motors Company Limited,318000.0
2026/01,2026,1,LEXUS,行貨ES250 PREMIUM頂級版,2019,7,60000.0,2487.0,207,5,Others,Win Fair Motors Limited,168000.0
2026/01,2026,1,TOYOTA,Ractis,2012,14,110000.0,1497.0,109,5,Black,Hung Wai Motor Trend Limited,29000.0
2026/01,2026,1,TOYOTA,Prius 1.8 Hybrid S,2017,9,69000.0,1797.0,122,5,Black,Hung Wai Motor Trend Limited,99000.0
2026/01,2026,1,MERCEDES-BENZ,GLE 450 4MATIC,2022,4,19411.0,2999.0,367,7,Blue,"New Method Motors Co., Ltd.",598000.0
2026/01,2026,1,TOYOTA,Alphard 3.5(行貨）,2016,10,83000.0,3500.0,280,2,Silver,Pak Yu Motors,238000.0
2026/01,2026,1,MERCEDES-BENZ,A250 AMG,2021,5,35570.0,1991.0,224,5,Black,"New Method Motors Co., Ltd.",198000.0
2026/01,2026,1,TOYOTA,Alphard 3.5,2022,4,29594.0,3456.0,301,7,White,"New Method Motors Co., Ltd.",498000.0
2026/01,2026,1,MERCEDES-BENZ,A220 Sedan AMG,2019,7,68140.0,1998.0,190,5,Black,"New Method Motors Co., Ltd.",148000.0
2026/01,2026,1,LAND ROVER,Velar R-Dynamic S P250,2018,8,45000.0,1997.0,250,5,Grey,Hung Wai Motor Trend Limited,238000.0
2026/01,2026,1,KIA,Sportage PE GT-Line,2021,5,23000.0,1999.0,155,5,Red,Hung Wai Motor Trend Limited,88000.0
2026/01,2026,1,MERCEDES-BENZ,GLC250 COUPE,2016,10,56000.0,1991.0,211,5,White,Royal Horse Motors Company,158000.0
2026/01,2026,1,TOYOTA,RAV4 Deluxe,2020,6,50000.0,1987.0,173,5,Black,Cube Motors,168000.0
2026/01,2026,1,MERCEDES-BENZ,E200 AMG FACELIFT,2020,6,74000.0,1991.0,227,5,Blue,Royal Horse Motors Company,248000.0
2026/01,2026,1,BMW,218i Grand Tourer 7 Seats,2020,6,33000.0,1498.0,136,7,Black,Race Art Motors Limited,118000.0
2026/01,2026,1,LEXUS,行貨NX300h Hybrid頂級版,2014,12,110000.0,2494.0,197,5,Black,Win Fair Motors Limited,98000.0
2026/01,2026,1,TOYOTA,CAMRY 2.5 DELUXE Facelift,2014,12,66197.0,2494.0,178,5,White,Tak Lee Motors (HK) Limited,58000.0
2026/01,2026,1,TOYOTA,ALPHARD 3.5,2016,10,91324.0,3456.0,273,7,Silver,Tak Lee Motors (HK) Limited,208000.0
2026/01,2026,1,AUDI,RS3 SEDAN QUATTRO,2022,4,20000.0,2480.0,400,5,Grey,Neighbourcar Group Limited,608000.0
2026/01,2026,1,BMW,M2 COUPE,2018,8,60000.0,2979.0,370,4,Silver,Neighbourcar Group Limited,288000.0
2026/01,2026,1,MERCEDES-BENZ,CLA 35,2022,4,63000.0,1991.0,306,5,Grey,Celebrity Motors Limited,318000.0
2026/01,2026,1,MERCEDES-BENZ,C200AMG FL,2018,8,58300.0,1497.0,184,5,White,HANSEN MOTORS COMPANY LTD,138000.0
2026/01,2026,1,TESLA,MODEL 3 RWD,2024,2,44000.0,88.0,261,5,Black,Vision Motors (HK) Limited,198000.0
2026/01,2026,1,TESLA,MODEL 3 STANDARD RANGE PLUS REAR,2019,7,7000.0,,204,5,White,Neighbourcar Group Limited,168000.0
2026/01,2026,1,MERCEDES-BENZ,GLE450 4M,2019,7,40000.0,2999.0,367,7,White,Neighbourcar Group Limited,398000.0
2026/01,2026,1,LEXUS,UX250H,2019,7,69000.0,1987.0,178,5,White,Vision Motors (HK) Limited,178000.0
2026/01,2026,1,BMW,M3 SALOON MANUAL,2021,5,8000.0,2993.0,480,5,Grey,Neighbourcar Group Limited,868000.0
2026/01,2026,1,TOYOTA,Sienta G,2017,9,110000.0,1496.0,109,7,Black,Hung Wai Motor Trend Limited,79000.0
2026/01,2026,1,BMW,318IA SALOON W SPORT EDITION (G20),2022,4,58000.0,1998.0,156,5,Black,Vision Motors (HK) Limited,208000.0
2026/01,2026,1,NISSAN,SERENA HIGHWAY STAR VIP S-HYBRID,2019,7,56000.0,1997.0,150,8,White,Chun Sang Motors Development Company Limited,108000.0
2026/01,2026,1,MERCEDES-BENZ,B220,2019,7,67617.0,1991.0,190,5,Grey,Tak Lee Motors (HK) Limited,138000.0
2026/01,2026,1,HONDA,Stepwgn 2.0 RK5 Spada,2013,13,71000.0,1997.0,150,8,Black,Hung Wai Motor Trend Limited,48000.0
2026/01,2026,1,HONDA,Odyssey RC1,2016,10,68000.0,2356.0,185,8,Black,Hung Wai Motor Trend Limited,78900.0
2026/01,2026,1,MAZDA,CX-5 i-NAPPA,2019,7,58656.0,2488.0,194,5,Red,Tak Lee Motors (HK) Limited,98000.0
2026/01,2026,1,PORSCHE,718 Cayman GTS,2018,8,44000.0,2500.0,365,2,Grey,HANSEN MOTORS COMPANY LTD,788000.0
2026/01,2026,1,TESLA,MODEL Y LONG RANGE,2022,4,61000.0,,371,5,Black,Celebrity Motors Limited,208000.0
2026/01,2026,1,BMW,X5 XDRIVE40IA 7-SEATER XLINE,2019,7,57000.0,2998.0,340,7,White,Celebrity Motors Limited,318000.0
2026/01,2026,1,PORSCHE,MACAN 2.0T,2018,8,46000.0,1984.0,252,5,White,A AND S AUTOMOBILE CO. LTD,248000.0
2026/01,2026,1,TESLA,MODEL Y PERFORMANCE DUAL MOTOR,2022,4,59000.0,,462,5,White,A AND S AUTOMOBILE CO. LTD,258000.0
2026/01,2026,1,BMW,120iA M SPORT EDITION,2021,5,22900.0,1998.0,178,5,White,A AND S AUTOMOBILE CO. LTD,178000.0
2026/01,2026,1,NISSAN,Serena Highway Stay VIP S-Hybrid,2019,7,58000.0,1997.0,150,8,Blue,Hung Wai Motor Trend Limited,128000.0
2026/01,2026,1,BMW,X5 xDrive40iA M-Sport,2020,6,54000.0,2998.0,340,7,Blue,Hung Wai Motor Trend Limited,358000.0
2026/01,2026,1,AUDI,RS4 AVANT QUATTRO,2018,8,51000.0,2894.0,444,5,Black,Kings Motor Co,508000.0
2026/01,2026,1,TOYOTA,VELLFIRE 3.5 FACELIFT,2019,7,22832.0,3456.0,300,7,Black,Tak Lee Motors (HK) Limited,338000.0
2026/01,2026,1,MAZDA,CX-3 2.0 I-Plus,2019,7,52000.0,1998.0,156,5,Brown,Hung Wai Motor Trend Limited,79000.0
2026/01,2026,1,MERCEDES-BENZ,S400,2015,11,60000.0,2996.0,350,5,Black,Neighbourcar Group Limited,198000.0
2026/01,2026,1,MERCEDES-BENZ,E300 CABRIOLET,2018,8,18000.0,1991.0,245,4,Black,Wai To Motors Ltd.,268000.0
2026/01,2026,1,AUDI,A3 SEDAN 35 TFSI S LINE,2021,5,20000.0,1498.0,150,5,White,Neighbour Star,188000.0
2026/01,2026,1,LEXUS,NX300 F SPORT FACELIFT 版,2018,8,33000.0,1998.0,238,5,Black,Race Art Motors Limited,168000.0
2026/01,2026,1,TOYOTA,Alphard 3.5,2016,10,80000.0,3456.0,301,2,White,Wai To Motors Ltd.,248000.0
2026/01,2026,1,BMW,X1 Sdrive18iA X-Line,2021,5,56000.0,1499.0,136,5,Black,Hung Wai Motor Trend Limited,128000.0
2026/01,2026,1,TESLA,Model S P85D,2016,10,71000.0,,691,5,Blue,Hung Wai Motor Trend Limited,128000.0
2026/01,2026,1,HONDA,Jazz GK5 RS,2016,10,78000.0,1496.0,132,5,Purple,Hung Wai Motor Trend Limited,58000.0
2026/01,2026,1,VOLVO,XC90 T5 Momentum,2016,10,120000.0,1969.0,235,7,Grey,Hung Wai Motor Trend Limited,118000.0
2026/01,2026,1,BMW,X1 sDrive18iA,2017,9,33090.0,1499.0,136,5,Blue,"New Method Motors Co., Ltd.",148000.0
2026/01,2026,1,TESLA,Model Y Long Range,2022,4,54000.0,,364,5,Grey,HANSEN MOTORS COMPANY LTD,218000.0
2026/01,2026,1,SUBARU,BRZ 2.4 6MT,2022,4,3400.0,2387.0,234,4,Red,Hung Wai Motor Trend Limited,248000.0
2026/01,2026,1,MAXUS,Mifa 9 Premium,2023,3,33000.0,,244,7,White,Hung Wai Motor Trend Limited,338000.0
2026/01,2026,1,HONDA,Stepwgn SPADA Facelift 版,2018,8,65000.0,1496.0,150,7,White,Race Art Motors Limited,158000.0
2026/01,2026,1,HONDA,Freed GB5,2017,9,59000.0,1496.0,131,7,White,Hung Wai Motor Trend Limited,89000.0
2026/01,2026,1,HONDA,STEPWGN G,2019,7,56000.0,1500.0,150,7,White,Yat Chung Car Company,138000.0
2026/01,2026,1,TOYOTA,RAV4 DELUXE,2020,6,63000.0,1987.0,173,5,Others,Yat Chung Car Company,158000.0
2026/01,2026,1,TOYOTA,ESTIMA 2.4 Hybrid,2010,16,120000.0,2362.0,170,7,Black,Vision Motors (HK) Limited,49800.0
2026/01,2026,1,HONDA,STEPWGN Spada e:HEV RP5,2021,5,22000.0,1993.0,245,7,White,Vision Motors (HK) Limited,218000.0
2026/01,2026,1,SUBARU,CROSSTREK 2.0 EYESIGHT AWD,2024,2,7000.0,1995.0,156,5,Grey,Celebrity Motors Limited,158000.0
2026/01,2026,1,AUDI,A4 30 TFSI S-Line,2016,10,41000.0,1395.0,150,5,Grey,Race Art Motors Limited,68000.0
2026/01,2026,1,BMW,IX 40,2022,4,12137.0,,326,5,Black,Tak Lee Motors (HK) Limited,468000.0
2026/01,2026,1,NISSAN,SERENA e-POWER HIGHWAY STAR VIP,2022,4,39000.0,1198.0,136,7,White,A AND S AUTOMOBILE CO. LTD,218000.0
2026/01,2026,1,MERCEDES-BENZ,C200 CABRIOLET FL AMG (A205),2020,6,11000.0,1497.0,184,4,Blue,Vision Motors (HK) Limited,278000.0
2026/01,2026,1,BMW,520i Saloon Luxury,2020,6,65000.0,1998.0,184,5,Grey,Vision Motors (HK) Limited,158000.0
2026/01,2026,1,MAXUS,行貨MIFA 9 Premium版,2023,3,50000.0,90.0,244,7,White,Win Fair Motors Limited,338000.0
2026/01,2026,1,MITSUBISHI,Pareto 3.5 7座,2000,26,250000.0,3496.0,202,7,Black,Vision Motors (HK) Limited,78000.0
2026/01,2026,1,BMW,218IA GRAN TOURER (F46),2019,7,87000.0,1499.0,140,7,Brown,Vision Motors (HK) Limited,88000.0
2026/01,2026,1,TOYOTA,Alphard 2.5 混能,2015,11,62000.0,2493.0,197,7,White,Vision Motors (HK) Limited,208000.0
2026/01,2026,1,MERCEDES-BENZ,240D (W123) 行貨,1977,49,190000.0,2404.0,65,5,Blue,Vision Motors (HK) Limited,498000.0
2026/01,2026,1,BMW,X1 Sdrive18D,2016,10,140000.0,1995.0,150,5,White,Hung Wai Motor Trend Limited,118000.0
2026/01,2026,1,BMW,218IA GRAN COUPE M SPORT EDITION,2020,6,100000.0,1499.0,140,5,Blue,Neighbour Star,108000.0
2026/01,2026,1,MERCEDES-BENZ,E200 AVANTGARDE,2019,7,40000.0,1991.0,184,5,Grey,Neighbour Star,168000.0
2026/01,2026,1,TOYOTA,RAV 4 Deluxe版,2021,5,38000.0,1987.0,173,5,Green,Race Art Motors Limited,158000.0
2026/01,2026,1,SUZUKI,JIMMY 5D 1.5 4WD 4AT,2024,2,3000.0,1460.0,102,4,Black,Neighbour Star,238000.0
2026/01,2026,1,MERCEDES-BENZ,SLK 230 K,2000,26,40000.0,2295.0,193,2,Red,Neighbour Star,58000.0
2026/01,2026,1,TOYOTA,ALPHARD 3.5,2019,7,40000.0,3456.0,300,7,White,Neighbour Star,378000.0
2026/01,2026,1,TESLA,MODEL X 90 KWH DUAL MOTOE,2005,21,80000.0,,423,6,Black,Neighbour Star,348000.0
2026/01,2026,1,BMW,330iA M Sport G20,2020,6,56000.0,2000.0,260,5,Blue,A AND S AUTOMOBILE CO. LTD,238000.0
2026/01,2026,1,MASERATI,GRANTURISMO MC,2018,8,63000.0,4691.0,454,4,Grey,Autopop Limited,368000.0
2026/01,2026,1,CHEVROLET,CORVETTE 3LT CONVERTIBLE C8,2021,5,1000.0,6156.0,495,2,Yellow,Kings Motor Co,1280000.0
2026/01,2026,1,AUDI,A6 TSFI S-LINE,2022,4,28000.0,1984.0,204,5,Silver,PRO-DRIVER,228000.0
2026/01,2026,1,MERCEDES-BENZ,S500,2013,13,80000.0,4663.0,455,5,Silver,Wai To Motors Ltd.,178000.0
2026/01,2026,1,BMW,X5 40IA (M-Sport),2019,7,9000.0,2998.0,340,7,Black,Pak Yu Motors,398000.0
2026/01,2026,1,BYD,ATTO3,2023,3,50000.0,,204,5,Green,PRO-DRIVER,158000.0
2026/01,2026,1,HONDA,Jazz 1.5 (Crosstar),2021,5,37000.0,1500.0,121,2,Grey,Pak Yu Motors,108000.0
2026/01,2026,1,MERCEDES-BENZ,AMG C63 S COUPE,2016,10,38000.0,3982.0,503,4,White,Neighbourcar Group Limited,398000.0
2026/01,2026,1,HONDA,ACCORD EURO R,2008,18,120000.0,1998.0,220,5,Red,Neighbourcar Group Limited,88000.0
2026/01,2026,1,BMW,i4 M50 Gran Coupe,2023,3,34000.0,,544,5,Purple,Hung Wai Motor Trend Limited,388000.0
2026/01,2026,1,BMW,IX3 M SPORT EDITION,2023,3,50000.0,,286,5,Black,Neighbourcar Group Limited,288000.0
2026/01,2026,1,HONDA,行貨FREED GB5-7座版,2017,9,59000.0,1496.0,131,7,White,Win Fair Motors Limited,88000.0
2026/01,2026,1,PORSCHE,MACAN,2019,7,10000.0,1984.0,252,5,Black,Neighbourcar Group Limited,398000.0
2026/01,2026,1,BMW,X2 20IA (M-Sport),2018,8,53000.0,1998.0,192,5,Gold,Pak Yu Motors,108000.0
2026/01,2026,1,BMW,M4 COMPETITION COUPE,2021,5,19000.0,2993.0,510,4,Green,Neighbourcar Group Limited,808000.0
2026/01,2026,1,BMW,X5 M (F85),2018,8,125888.0,4395.0,575,5,Grey,Win Point Motors Limited,378000.0
2026/01,2026,1,BMW,IX3 M Sport,2022,4,87000.0,,286,5,Blue,HANSEN MOTORS COMPANY LTD,248000.0
2026/01,2026,1,PORSCHE,981 Cayman GTS,2014,12,23000.0,3436.0,340,2,Grey,HANSEN MOTORS COMPANY LTD,568000.0
2026/01,2026,1,BMW,IX XDRIVE40,2022,4,37000.0,,345,5,Black,HANSEN MOTORS COMPANY LTD,468000.0
2026/01,2026,1,MERCEDES-BENZ,GLC250 COUPE AMG,2018,8,60000.0,1991.0,211,5,Grey,Celebrity Motors Limited,188000.0
2026/01,2026,1,TOYOTA,Noah Hybrid SI,2017,9,60590.0,1797.0,136,7,White,Asmoday Motors Limited,188000.0
2026/01,2026,1,MAXUS,Mifa 9 Luxury,2025,1,1800.0,,252,7,White,Wai To Motors Ltd.,448000.0
2026/01,2026,1,LAND ROVER,RR VELAR R-DYN SE P380,2017,9,50000.0,2995.0,380,5,Grey,Royal Horse Motors Company,338000.0
2026/01,2026,1,NISSAN,SERENA e-POWER HIGHWAY STAR,2021,5,47000.0,1198.0,136,7,White,A AND S AUTOMOBILE CO. LTD,228000.0
2026/01,2026,1,BMW,630iA GT LUXURY LINE,2020,6,31000.0,1998.0,258,5,Grey,A AND S AUTOMOBILE CO. LTD,318000.0
2026/01,2026,1,VOLKSWAGEN,NEW E-GOLF 7.5 FACELIFTED,2020,6,77000.0,100.0,136,5,Blue,A AND S AUTOMOBILE CO. LTD,88000.0
2026/01,2026,1,VOLVO,XC40 T5 R-DESIGN,2019,7,51000.0,1969.0,251,5,White,A AND S AUTOMOBILE CO. LTD,148000.0
2026/01,2026,1,BMW,520D SPORT FACELIFT,2017,9,129000.0,1995.0,190,5,Grey,A AND S AUTOMOBILE CO. LTD,168000.0
2026/01,2026,1,SUBARU,FORESTER 2.0 EYESIGHT,2019,7,51900.0,1995.0,156,5,Silver,A AND S AUTOMOBILE CO. LTD,98000.0
2026/01,2026,1,HONDA,JAZZ RS GK5 FACELIFTED,2020,6,51000.0,1496.0,132,5,Blue,A AND S AUTOMOBILE CO. LTD,98000.0
2026/01,2026,1,BMW,X 1 18iA M sport ED,2019,7,46000.0,1499.0,140,5,Grey,A AND S AUTOMOBILE CO. LTD,118000.0
2026/01,2026,1,BMW,M4 COMPETITION COUPE,2021,5,35000.0,2993.0,510,4,Yellow,Wai To Motors Ltd.,838000.0
2026/01,2026,1,PORSCHE,Macan Facelift,2020,6,48000.0,1984.0,265,5,Green,Wai To Motors Ltd.,438000.0
2026/01,2026,1,MERCEDES-BENZ,GLB250 4MATIC,2021,5,70000.0,1991.0,224,7,Blue,A AND S AUTOMOBILE CO. LTD,218000.0
2026/01,2026,1,BMW,iX xDrive40i,2022,4,35000.0,,326,5,Blue,Hung Wai Motor Trend Limited,408000.0
2026/01,2026,1,BMW,218i Grand Tour,2020,6,79000.0,1499.0,136,7,White,A AND S AUTOMOBILE CO. LTD,98000.0
2026/01,2026,1,HONDA,CIVIC TYPE R FD 2,2009,17,66000.0,1998.0,200,4,Black,A AND S AUTOMOBILE CO. LTD,148000.0
2026/01,2026,1,MINI,COOPER S AUTO,2018,8,33400.0,1998.0,192,4,Black,A AND S AUTOMOBILE CO. LTD,138000.0
2026/01,2026,1,TOYOTA,ALPHARD 3.5,2020,6,55000.0,3456.0,300,7,Beige,A AND S AUTOMOBILE CO. LTD,388000.0
2026/01,2026,1,BMW,IX XDrive40,2022,4,42000.0,,326,5,Black,A AND S AUTOMOBILE CO. LTD,468000.0
2026/01,2026,1,HONDA,ZR-V,2023,3,65000.0,1993.0,184,5,Red,A AND S AUTOMOBILE CO. LTD,238000.0
2026/01,2026,1,MERCEDES-BENZ,EQS 450+,2022,4,8200.0,,336,5,White,A AND S AUTOMOBILE CO. LTD,798000.0
2026/01,2026,1,MINI,Mini Cooper S Convertible 2.0 SideWalk特別版,2022,4,20000.0,2000.0,178,4,Blue,A AND S AUTOMOBILE CO. LTD,338000.0
2026/01,2026,1,AUDI,Q8 E-Tron 55 S Line Sportback,2021,5,51668.0,,408,5,Grey,A AND S AUTOMOBILE CO. LTD,348000.0
2026/01,2026,1,FORD,MUSTANG 5.0 V8,2016,10,61000.0,4951.0,430,4,Red,A AND S AUTOMOBILE CO. LTD,238000.0
2026/01,2026,1,BMW,X5 40IA,2020,6,39000.0,3000.0,340,7,Grey,A AND S AUTOMOBILE CO. LTD,378000.0
2026/01,2026,1,BMW,Z4 20IA M Sport,2020,6,10000.0,2000.0,200,2,Silver,A AND S AUTOMOBILE CO. LTD,378000.0
2026/01,2026,1,TOYOTA,PRIUS,2017,9,92000.0,1800.0,130,5,Grey,A AND S AUTOMOBILE CO. LTD,118000.0
2026/01,2026,1,VOLKSWAGEN,TOURAN 1.5,2021,5,40000.0,1500.0,150,7,Blue,A AND S AUTOMOBILE CO. LTD,118000.0
2026/01,2026,1,LAND ROVER,DISCOVERY SPORT SE 7S P240 LM,2018,8,67000.0,1997.0,240,7,Grey,A AND S AUTOMOBILE CO. LTD,128000.0
2026/01,2026,1,MCLAREN,650S SPIDER,2014,12,33000.0,3799.0,650,2,Black,Autopop Limited,1080000.0
2026/01,2026,1,PORSCHE,911 991.1 CARRERA GTS CABRIOLET,2015,11,80000.0,3800.0,430,4,White,Autopop Limited,928000.0
2026/01,2026,1,PORSCHE,CAYENNE TURBO,2018,8,50000.0,3996.0,550,5,White,Autopop Limited,768000.0
2026/01,2026,1,MERCEDES-BENZ,C200 AMG,2018,8,40000.0,1991.0,184,5,Silver,Autopop Limited,108000.0
2026/01,2026,1,TOYOTA,Corolla Cross Hybrid,2025,1,2000.0,1987.0,198,5,Silver,Hung Wai Motor Trend Limited,258000.0
2026/01,2026,1,MERCEDES-BENZ,C200 AMG FACELIFT,2019,7,58000.0,1497.0,184,5,Grey,PRO-DRIVER,158000.0
2026/01,2026,1,MERCEDES-BENZ,GLC250 Coupe AMG,2019,7,58000.0,1991.0,208,5,White,PRO-DRIVER,198000.0
2026/01,2026,1,SUBARU,FORESTOR 2.0XT AWD,2016,10,80000.0,1998.0,240,5,Black,PRO-DRIVER,63000.0
2026/01,2026,1,VOLKSWAGEN,MK7 GOLF R,2014,12,90000.0,1984.0,295,5,Black,PRO-DRIVER,98000.0
2026/01,2026,1,HONDA,Stepwgn 1.5 Turbo Spada RP3,2018,8,77000.0,1496.0,150,8,Grey,Hung Wai Motor Trend Limited,148000.0
2026/01,2026,1,MERCEDES-BENZ,S400 Hybrid,2014,12,45000.0,3498.0,306,5,Blue,Hung Wai Motor Trend Limited,178000.0
2026/01,2026,1,MERCEDES-BENZ,EQB250 AMG,2022,4,51900.0,111.0,190,7,Grey,Yat Chung Car Company,288000.0
2026/01,2026,1,PORSCHE,718 Boxster Spyder RS,2024,2,28.0,3996.0,500,2,Grey,HANSEN MOTORS COMPANY LTD,2980000.0
2026/01,2026,1,LAND ROVER,Discovery Sport SE 7S P240,2018,8,62000.0,1997.0,240,7,Grey,Hung Wai Motor Trend Limited,89000.0
2026/01,2026,1,AUDI,A6 40 TFSI,2022,4,28000.0,1984.0,204,5,Silver,Celebrity Motors Limited,228000.0
2026/01,2026,1,TOYOTA,Vellfire 2.5 ZG Modellista,2018,8,43584.0,2493.0,183,7,White,Asmoday Motors Limited,308000.0
2026/01,2026,1,TOYOTA,Vellfire 2.5ZG Modellista,2018,8,43612.0,2493.0,183,7,White,Asmoday Motors Limited,318000.0
2026/01,2026,1,BMW,X5 xDrive30D M-Sport,2014,12,170000.0,2993.0,258,5,Grey,Hung Wai Motor Trend Limited,138000.0
2026/01,2026,1,AUDI,A3 CAB 1.4 TFSI,2015,11,55000.0,1395.0,125,4,White,Hung Wai Motor Trend Limited,69800.0
2026/01,2026,1,TOYOTA,Estima 2.4,2019,7,42000.0,2362.0,170,7,White,Vision Motors (HK) Limited,168000.0
2026/01,2026,1,MAZDA,Mazda 6,2017,9,120000.0,1998.0,175,5,Brown,Vision Motors (HK) Limited,39800.0
2026/01,2026,1,TESLA,Model S90D Facelift,2016,10,140000.0,,518,5,Blue,Hung Wai Motor Trend Limited,128000.0
2026/01,2026,1,HONDA,Jazz GK3,2017,9,62000.0,1317.0,100,5,Blue,Hung Wai Motor Trend Limited,69000.0
2026/01,2026,1,TOYOTA,Vellfire 2.5 ZG Modellista,2017,9,58291.0,2493.0,183,7,White,Asmoday Motors Limited,238000.0
2026/01,2026,1,HONDA,Stepwgn Hybrid EX Black Style,2019,7,35306.0,1993.0,184,7,Black,Asmoday Motors Limited,218000.0
2026/01,2026,1,TOYOTA,ALPHARD 250Z,2024,2,8000.0,2493.0,182,7,Black,Cube Motors Limited,608000.0
2026/01,2026,1,BYD,ATTO 3,2023,3,6500.0,,204,5,Grey,Cube Motors Limited,178000.0
2026/01,2026,1,TOYOTA,ALPHARD 250 Z,2024,2,7000.0,2493.0,182,7,Black,Cube Motors Limited,628000.0
2026/01,2026,1,HONDA,行貨STEPWGN 1.5 Turbo SPADA FL,2020,6,83000.0,1496.0,150,7,White,Win Fair Motors Limited,168000.0
2026/01,2026,1,HONDA,Stepwgn e:HEV Spada,2021,5,27428.0,1993.0,184,7,Grey,Asmoday Motors Limited,228000.0
2026/01,2026,1,TOYOTA,Alphard 2.5 SC TRD edition,2018,8,41524.0,2493.0,183,7,White,Asmoday Motors Limited,328000.0
2026/01,2026,1,MERCEDES-BENZ,SLK250 AMG,2012,14,51000.0,1796.0,204,2,Blue,Hung Wai Motor Trend Limited,58000.0
2026/01,2026,1,LEXUS,NX200T F-Sport,2015,11,97000.0,1998.0,238,5,Black,Hung Wai Motor Trend Limited,99000.0
2026/01,2026,1,SUBARU,XV 2.0I AWD CVT,2019,7,55000.0,1995.0,156,5,White,Vision Motors (HK) Limited,83000.0
2026/01,2026,1,VOLVO,XC90 T6 R-Design,2019,7,42000.0,1969.0,320,7,Grey,Hung Wai Motor Trend Limited,218000.0
2026/01,2026,1,MAZDA,CX-60 2.5 I-Plus 4WD,2023,3,7600.0,2488.0,191,5,Black,Vision Motors (HK) Limited,268000.0
2026/01,2026,1,TOYOTA,SIENTA 1.5 HYBRID,2017,9,69438.0,1497.0,100,5,White,Tak Lee Motors (HK) Limited,108000.0
2026/01,2026,1,TOYOTA,Alphard 2.5 SC,2020,6,37385.0,2493.0,182,7,Black,Asmoday Motors Limited,368000.0
2026/01,2026,1,TOYOTA,Voxy ZS Hybrid 煌II,2019,7,41282.0,1797.0,136,7,Black,Asmoday Motors Limited,198000.0
2026/01,2026,1,HONDA,Freed Hybrid Gb7,2021,5,31332.0,1496.0,136,7,White,Asmoday Motors Limited,158000.0
2026/01,2026,1,PORSCHE,MACAN S,2017,9,35000.0,2987.0,340,5,Black,Celebrity Motors Limited,218000.0
2026/01,2026,1,TESLA,MODEL Y LONG RANGE,2021,5,29000.0,,371,5,Black,Celebrity Motors Limited,229000.0
2026/01,2026,1,TESLA,Model X P100D,2017,9,71000.0,,762,7,Grey,Celebrity Motors Limited,298000.0
2026/01,2026,1,LAND ROVER,DEFENDER 90 P300,2023,3,30000.0,1995.0,300,5,Brown,Autopop Limited,738000.0
2026/01,2026,1,KIA,NIRO EV+ Deluxe版,2019,7,73000.0,888.0,204,5,Grey,Race Art Motors Limited,98000.0
2026/01,2026,1,MCLAREN,720S,2019,7,17000.0,3994.0,720,2,Yellow,Autopop Limited,2480000.0
2026/01,2026,1,PORSCHE,981 Boxster S,2014,12,78000.0,3436.0,315,2,Yellow,HANSEN MOTORS COMPANY LTD,368000.0
2026/01,2026,1,TESLA,MODEL X 75 DUAL,2017,9,105000.0,,329,7,Grey,Celebrity Motors Limited,208000.0
2026/01,2026,1,BMW,X1 Sdrive18iA X-Line,2020,6,84000.0,1499.0,136,5,Grey,Hung Wai Motor Trend Limited,108000.0
2026/01,2026,1,PORSCHE,Taycan,2021,5,25000.0,,408,5,Blue,Wai To Motors Ltd.,788000.0
2026/01,2026,1,MERCEDES-BENZ,C300 COUPE AMG,2018,8,50000.0,1991.0,258,4,Black,Celebrity Motors Limited,198000.0
2026/01,2026,1,TOYOTA,ALPHARD 3.5 SC,2020,6,20000.0,3500.0,301,7,White,Celebrity Motors Limited,408000.0
2026/01,2026,1,PORSCHE,911 992 GT3 TOURING,2022,4,2000.0,3996.0,502,2,Grey,Autopop Limited,3180000.0
2026/01,2026,1,BMW,E92 M3 COUPE,2010,16,78000.0,3999.0,420,4,Silver,Autopop Limited,298000.0
2026/01,2026,1,MCLAREN,600LT COUPE,2018,8,15000.0,3799.0,600,2,Grey,Autopop Limited,2180000.0
2026/01,2026,1,FIAT,ABARTH 695C RIVALE,2018,8,13000.0,1368.0,180,4,Grey,Autopop Limited,298000.0
2026/01,2026,1,FERRARI,360 CHALLENGE STRADALE,2004,22,30000.0,3586.0,425,2,Red,Autopop Limited,2880000.0
2026/01,2026,1,TOYOTA,Voxy ZS Hybrid,2016,10,61257.0,1797.0,136,7,White,Asmoday Motors Limited,148000.0
2026/01,2026,1,TOYOTA,Alphard 2.5 SC Modelista,2020,6,31672.0,2493.0,182,7,White,Asmoday Motors Limited,378000.0
2026/01,2026,1,HONDA,Stepwgn e:HEV Spada,2021,5,22685.0,1993.0,184,7,White,Asmoday Motors Limited,228000.0
2026/01,2026,1,TOYOTA,Alphard 2.5 Hybrid SRC,2020,6,39168.0,2493.0,182,7,White,Asmoday Motors Limited,428000.0
2026/01,2026,1,HONDA,Stepwgn Hybrid Spada EX Cool,2019,7,35921.0,1993.0,184,7,White,Asmoday Motors Limited,208000.0
2026/01,2026,1,TOYOTA,Alphard 2.5 Hybrid Modellista,2020,6,36372.0,2493.0,182,7,White,Asmoday Motors Limited,428000.0
2026/01,2026,1,HONDA,Stepwgn SPADA Hybrid EX Cool,2019,7,35477.0,1993.0,184,7,Black,Asmoday Motors Limited,198000.0
2026/01,2026,1,HONDA,Stepwgn SPADA Hybrid EX Cool,2019,7,35692.0,1993.0,184,7,White,Asmoday Motors Limited,198000.0
2026/01,2026,1,HONDA,Stepwgn Hybrid EX Cool,2019,7,35971.0,1993.0,184,7,White,Asmoday Motors Limited,198000.0
2026/01,2026,1,LEXUS,RX300 Facelift,2019,7,78176.0,1998.0,238,5,Blue,Tak Lee Motors (HK) Limited,218000.0
2026/01,2026,1,MERCEDES-BENZ,GLE450 AMG COUPE,2015,11,58000.0,3000.0,367,5,Silver,Great Motors Limited,168000.0
2026/01,2026,1,TESLA,MODEL Y RWD,2023,3,54000.0,,320,5,Black,Great Motors Limited,238000.0
2026/01,2026,1,TESLA,MODEL Y RWD,2023,3,38000.0,,300,5,Grey,Great Motors Limited,228000.0
2026/01,2026,1,LEXUS,NX250,2022,4,8800.0,2500.0,205,5,Black,Great Motors Limited,298000.0
2026/01,2026,1,BMW,I3 120AH,2019,7,144000.0,75.0,170,4,Red,Royal Horse Motors Company,98000.0
2025/12,2025,12,OTHERS,Zeekr 7X Platinum (AWD),2025,0,1868.0,140.0,645,5,White,"New Method Motors Co., Ltd.",398000.0
2025/12,2025,12,AUDI,RS5 COUPE QUATTRO,2017,8,30000.0,2894.0,450,4,Green,Neighbourcar Group Limited,408000.0
2025/12,2025,12,HONDA,N Box Custom G Turbo L Package,2016,9,75000.0,658.0,68,4,Blue,Vision Motors (HK) Limited,68000.0
2025/12,2025,12,PORSCHE,911 Carrera 4S Cabriolet,2014,11,51273.0,3800.0,400,4,White,"New Method Motors Co., Ltd.",998000.0
2025/12,2025,12,BMW,IX1 XDRIVE30 M SPORT Edition,2023,2,14290.0,999.0,313,5,Silver,"New Method Motors Co., Ltd.",398000.0
2025/12,2025,12,MERCEDES-BENZ,E53 AMG EQ Boost,2018,7,42000.0,3000.0,435,5,Black,Deluxe ( China ) Motors Company Limited,288000.0
2025/12,2025,12,LAND ROVER,Defender 110,2020,5,29000.0,2000.0,300,7,Blue,Deluxe ( China ) Motors Company Limited,648000.0
2025/12,2025,12,BMW,IX 40xDrive,2021,4,21000.0,999.0,326,5,White,Deluxe ( China ) Motors Company Limited,398000.0
2025/12,2025,12,VOLKSWAGEN,Alphard 2.5 Z,2023,2,7517.0,2500.0,182,7,White,Deluxe ( China ) Motors Company Limited,568000.0
2025/12,2025,12,TOYOTA,Alphard 2.5 Z,2023,2,5000.0,2500.0,185,7,White,Deluxe ( China ) Motors Company Limited,578000.0
2025/12,2025,12,BENTLEY,Bentayga V8 全新型號,2022,3,23000.0,4000.0,550,5,Silver,Deluxe ( China ) Motors Company Limited,2480000.0
2025/12,2025,12,LAND ROVER,Defender 90 P300 75週年特別版,2023,2,22000.0,2000.0,300,5,Green,Deluxe ( China ) Motors Company Limited,858000.0
2025/12,2025,12,LAND ROVER,Defender 90 P300,2022,3,20080.0,2000.0,300,5,Silver,Deluxe ( China ) Motors Company Limited,668000.0
2025/12,2025,12,MERCEDES-BENZ,S500 Coupe AMG,2018,7,32000.0,4000.0,469,4,White,Deluxe ( China ) Motors Company Limited,748000.0
2025/12,2025,12,MERCEDES-BENZ,S63 AMG 4MATIC+,2018,7,38000.0,4000.0,612,5,Black,Deluxe ( China ) Motors Company Limited,968000.0
2025/12,2025,12,TOYOTA,Vellfire HEV 40系混合動力,2024,1,6000.0,2500.0,250,7,White,Deluxe ( China ) Motors Company Limited,738000.0
2025/12,2025,12,AUDI,A5 1.8 Sportback SLINE,2016,9,110000.0,1798.0,177,5,Blue,HANSEN MOTORS COMPANY LTD,58000.0
2025/12,2025,12,NISSAN,Serena Highway Star S-Hybrid,2019,6,130000.0,1997.0,150,7,Gold,Hung Wai Motor Trend Limited,118000.0
2025/12,2025,12,BYD,M6 6座版 （續航力480）,2024,1,8000.0,65.0,150,6,White,Vision Motors (HK) Limited,218000.0
2025/12,2025,12,MERCEDES-BENZ,Maybach S560 Facelift,2018,7,14985.0,3982.0,469,5,Black,"New Method Motors Co., Ltd.",898000.0
2025/12,2025,12,NISSAN,SERENA E.Power,2021,4,48000.0,1198.0,163,7,Grey,HANSEN MOTORS COMPANY LTD,198000.0
2025/12,2025,12,MERCEDES-BENZ,EQA350 4MATIC AMG,2023,2,18694.0,,292,5,Black,Tak Lee Motors (HK) Limited,278000.0
2025/12,2025,12,MERCEDES-BENZ,GLA200 facelift,2019,6,24998.0,1595.0,163,5,White,Win Point Motors Limited,118000.0
2025/12,2025,12,TOYOTA,Noah 80 Deluxe,2016,9,110000.0,1987.0,152,7,Black,Hung Wai Motor Trend Limited,79000.0
2025/12,2025,12,BMW,218IA Gran Tourer,2018,7,40621.0,1499.0,136,7,Blue,Win Point Motors Limited,98000.0
2025/12,2025,12,TOYOTA,SIENTA 1.5-7座豪華版行貨,2019,6,87000.0,1496.0,109,7,Blue,Win Fair Motors Limited,98000.0
2025/12,2025,12,MERCEDES-BENZ,GLC 43 AMG,2016,9,38000.0,2996.0,367,5,Grey,Celebrity Motors Limited,158000.0
2025/12,2025,12,HONDA,STEPWGN HYBRID RP5 COOL,2019,6,35352.0,1993.0,245,7,Grey,"Ritz Automobile Co., Limited",208000.0
2025/12,2025,12,TOYOTA,COROLLA TOURING WXB,2020,5,31148.0,1797.0,170,5,Black,"Ritz Automobile Co., Limited",168000.0
2025/12,2025,12,MERCEDES-BENZ,E300 CAB AMG,2017,8,69000.0,1991.0,241,4,White,Yat Chung Car Company,258000.0
2025/12,2025,12,MAXUS,Mifa 9 Premium,2024,1,3000.0,,244,7,Black,Hung Wai Motor Trend Limited,388000.0
2025/12,2025,12,AUDI,Q3 35 TFSI Quattro,2017,8,16200.0,1984.0,180,5,White,Autoway Motors Limited,78000.0
2025/12,2025,12,HONDA,CIVIC TYPE R GT （FK8),2021,4,11000.0,1996.0,320,4,Blue,Vision Motors (HK) Limited,428000.0
2025/12,2025,12,ORA,Funky Cat 300,2023,2,24500.0,,170,5,Blue,Autoway Motors Limited,145000.0
2025/12,2025,12,MERCEDES-BENZ,S320,2017,8,88000.0,2997.0,272,5,Grey,HANSEN MOTORS COMPANY LTD,288000.0
2025/12,2025,12,MERCEDES-BENZ,E300 CAB AMG,2018,7,35000.0,1991.0,245,4,Gold,Hung Wai Motor Trend Limited,268000.0
2025/12,2025,12,BMW,520iA Sport-Line,2017,8,96000.0,1997.0,184,5,Grey,Hung Wai Motor Trend Limited,108000.0
2025/12,2025,12,BMW,X1 SDRIVE18i XLINE,2020,5,68590.0,1499.0,140,5,White,Tak Lee Motors (HK) Limited,138000.0
2025/12,2025,12,MERCEDES-BENZ,GLC 250 (Coupe),2018,7,63000.0,2000.0,211,5,Grey,Pak Yu Motors,168000.0
2025/12,2025,12,BMW,520 IA (M-Sport),2019,6,46000.0,2000.0,184,5,Black,Pak Yu Motors,168000.0
2025/12,2025,12,BMW,520 IA Facelift (Luxury Line),2020,5,8700.0,2000.0,184,5,Grey,Pak Yu Motors,198000.0
2025/12,2025,12,TOYOTA,Vellfire 3.5 (行貨),2014,11,97000.0,3500.0,280,7,White,Pak Yu Motors,88000.0
2025/12,2025,12,MAZDA,CX 5 2.0 i-Plus,2019,6,31000.0,1998.0,165,5,White,Pak Yu Motors,108000.0
2025/12,2025,12,HONDA,Freed GB3,2011,14,110000.0,1496.0,118,7,Black,Hung Wai Motor Trend Limited,39800.0
2025/12,2025,12,MERCEDES-BENZ,EQE SUV 350 4MATIC,2023,2,26712.0,135.0,292,5,Black,"New Method Motors Co., Ltd.",598000.0
2025/12,2025,12,TOYOTA,Alphard 2.5,2016,9,56000.0,2494.0,184,7,White,Hung Wai Motor Trend Limited,188000.0
2025/12,2025,12,PORSCHE,Boxster S,2007,18,88000.0,3387.0,295,2,Grey,Wai To Motors Ltd.,168000.0
2025/12,2025,12,BMW,730LiA,2018,7,30484.0,1998.0,258,5,White,"New Method Motors Co., Ltd.",248000.0
2025/12,2025,12,PORSCHE,Cayman S 987.2 pdk,2010,15,90000.0,3400.0,320,2,Blue,A AND S AUTOMOBILE CO. LTD,198000.0
2025/12,2025,12,MERCEDES-BENZ,E200 CABRIOLET AMG,2019,6,37000.0,1991.0,197,4,White,Vision Motors (HK) Limited,288000.0
2025/12,2025,12,MERCEDES-BENZ,MAYBACH S560 FACELIFT,2019,6,41000.0,3982.0,469,5,Blue,Chun Sang Motors Development Company Limited,838000.0
2025/12,2025,12,MCLAREN,570S COUPE,2016,9,30000.0,3799.0,570,2,Black,Neighbourcar Group Limited,1280000.0
2025/12,2025,12,BMW,M850IA XDRIVE COUPE,2019,6,38000.0,4395.0,530,4,White,Neighbourcar Group Limited,868000.0
2025/12,2025,12,TOYOTA,Sienta 7人車,2024,1,4700.0,1490.0,115,7,Grey,Vision Motors (HK) Limited,238000.0
2025/12,2025,12,TESLA,MODEL Y PERFORMANCE DUAL MOTOR,2022,3,30000.0,,462,5,Red,Neighbourcar Group Limited,278000.0
2025/12,2025,12,MINI,COOPER S CLUBMAN AUTOMATIS WORKS EDITION(F54),2021,4,9800.0,1998.0,178,5,White,Vision Motors (HK) Limited,198000.0
2025/12,2025,12,MERCEDES-BENZ,E200 AVANTGARDE (W213),2019,6,48000.0,1991.0,197,5,Grey,Vision Motors (HK) Limited,188000.0
2025/12,2025,12,MERCEDES-BENZ,CLS400 AMG,2015,10,66000.0,3498.0,333,4,Grey,Yat Chung Car Company,118000.0
2025/12,2025,12,BMW,I4 M50 GRAN COUPE,2022,3,61000.0,,544,5,Black,Celebrity Motors Limited,388000.0
2025/12,2025,12,MERCEDES-BENZ,GLB250 4MATIC (X247),2020,5,118000.0,1991.0,224,7,Blue,Vision Motors (HK) Limited,168000.0
2025/12,2025,12,HONDA,Stepwgn 1.5 Turbo SPADA 8座,2015,10,55000.0,1496.0,150,2,Purple,Vision Motors (HK) Limited,88000.0
2025/12,2025,12,NISSAN,Note E-Power 2024 改款,2024,1,5000.0,1198.0,116,5,White,Vision Motors (HK) Limited,168000.0
2025/12,2025,12,MERCEDES-BENZ,GLA200 (H247),2020,5,27000.0,1332.0,163,5,Grey,Vision Motors (HK) Limited,198000.0
2025/12,2025,12,LAND ROVER,DISCOVERY SPT SE 7S P240,2017,8,33000.0,1997.0,240,7,Grey,Vision Motors (HK) Limited,98000.0
2025/12,2025,12,MERCEDES-BENZ,S320,2015,10,210000.0,2996.0,272,5,Black,Chun Sang Motors Development Company Limited,118000.0
2025/12,2025,12,MERCEDES-BENZ,S500,2015,10,117000.0,4663.0,455,5,Black,Chun Sang Motors Development Company Limited,228000.0
2025/12,2025,12,TOYOTA,VELLFIRE 350 (2.4 TURBO),2024,1,140.0,2393.0,279,7,Black,Chun Sang Motors Development Company Limited,768000.0
2025/12,2025,12,TOYOTA,ALPHARD Z 250,2025,0,100.0,2493.0,182,7,White,"Ritz Automobile Co., Limited",708000.0
2025/12,2025,12,MERCEDES-BENZ,GLA200 AMG,2019,6,63000.0,1595.0,156,5,Black,Yat Chung Car Company,128000.0
2025/12,2025,12,BMW,X5 xDrive40iA X-Line,2020,5,53000.0,2998.0,340,7,Grey,Hung Wai Motor Trend Limited,348000.0
2025/12,2025,12,SUZUKI,JIMMY 5D 1.5 4WD 4AT,2024,1,5000.0,1460.0,102,2,Beige,Neighbourcar Group Limited,238000.0
2025/12,2025,12,MERCEDES-BENZ,C200 AMG FACELIFT W205,2019,6,70000.0,1497.0,184,5,Blue,Win Fair Motors Limited,158000.0
2025/12,2025,12,BMW,X3 xDrive20iA X-Line,2021,4,87000.0,1998.0,184,5,Brown,Hung Wai Motor Trend Limited,143800.0
2025/12,2025,12,BMW,X7 xDrive40iA M Sport,2020,5,50000.0,2998.0,340,7,Grey,Cube Motors,588000.0
2025/12,2025,12,LEXUS,IS300H ULTIMATE,2014,11,84736.0,2494.0,223,5,Black,Tak Lee Motors (HK) Limited,88000.0
2025/12,2025,12,TOYOTA,ALPHARD 2.5 HYBRID SC,2020,5,37000.0,2500.0,250,7,Black,Yat Chung Car Company,398000.0
2025/12,2025,12,BMW,320IA SALOON SPORT,2019,6,30000.0,1998.0,184,5,Grey,Neighbourcar Group Limited,168000.0
2025/12,2025,12,TESLA,MODEL X 90 KWH DUAL MOTOR,2017,8,170000.0,158.0,417,7,Black,Neighbourcar Group Limited,218000.0
2025/12,2025,12,MERCEDES-BENZ,C200 AMG EDITION,2022,3,29000.0,1496.0,204,5,Grey,Neighbourcar Group Limited,308000.0
2025/12,2025,12,MAXUS,MIFA 9 PREMIUM,2023,2,30000.0,,244,7,Red,Neighbourcar Group Limited,368000.0
2025/12,2025,12,MERCEDES-BENZ,A200 AMG,2014,11,45000.0,1595.0,156,5,Gold,Hung Wai Motor Trend Limited,44800.0
2025/12,2025,12,MINI,MINI COOPER CLUBMAN AUTOMATIC,2019,6,48000.0,1499.0,136,5,Silver,Neighbourcar Group Limited,98000.0
2025/12,2025,12,LAMBORGHINI,URUS 4.0 5 SEATS,2022,3,15000.0,3996.0,650,5,Green,Neighbourcar Group Limited,2980000.0
2025/12,2025,12,MERCEDES-BENZ,AMG A45 S 4MATIC+,2019,6,40000.0,1991.0,421,5,Grey,Neighbourcar Group Limited,408000.0
2025/12,2025,12,MERCEDES-BENZ,EQB 250,2022,3,48000.0,,190,7,White,Neighbourcar Group Limited,308000.0
2025/12,2025,12,TOYOTA,Alphard,2018,7,68355.0,2493.0,182,7,Black,Win Point Motors Limited,258000.0
2025/12,2025,12,MERCEDES-BENZ,C200 FL,2018,7,50000.0,1497.0,184,5,Silver,Neighbourcar Group Limited,148000.0
2025/12,2025,12,TOYOTA,ALPHARD HV,2021,4,48000.0,2494.0,117,7,White,Neighbourcar Group Limited,458000.0
2025/12,2025,12,TOYOTA,Alphard 2.5Z,2025,0,160.0,2493.0,182,7,Black,Win Point Motors Limited,678000.0
2025/12,2025,12,NISSAN,LEAF LUX,2021,4,68177.0,,147,5,Grey,Win Point Motors Limited,88000.0
2025/12,2025,12,BMW,218IA Gran Tourer,2021,4,86446.0,1499.0,136,7,Silver,Win Point Motors Limited,118000.0
2025/12,2025,12,LEXUS,IS250 DELUXE,2015,10,46635.0,2500.0,208,5,Black,"Ritz Automobile Co., Limited",72800.0
2025/12,2025,12,TOYOTA,Alphard GF,2018,7,55891.0,3456.0,301,7,White,Win Point Motors Limited,318000.0
2025/12,2025,12,MAXUS,Mifa 9 Premium,2023,2,76000.0,,245,7,White,Wai To Motors Ltd.,318000.0
2025/12,2025,12,TESLA,Model 3 SR Plus,2020,5,56707.0,,204,5,Blue,Win Point Motors Limited,138000.0
2025/12,2025,12,MERCEDES-BENZ,EQA250,2022,3,9900.0,80.0,190,5,Blue,Vision Motors (HK) Limited,235000.0
2025/12,2025,12,BMW,X6 XDRIVE40IA M SPORT,2021,4,10189.0,2998.0,333,5,White,Win Point Motors Limited,548000.0
2025/12,2025,12,MAXUS,MIFA 9 PREMIUM,2023,2,62308.0,,244,7,White,Win Point Motors Limited,358000.0
2025/12,2025,12,TOYOTA,VOXY HYBRID ZS,2018,7,47880.0,1797.0,134,7,White,"Ritz Automobile Co., Limited",188000.0
2025/12,2025,12,TOYOTA,SIENTA HYBRID G FACELIFT,2021,4,25223.0,1496.0,116,7,White,"Ritz Automobile Co., Limited",168000.0
2025/12,2025,12,AUDI,Q3 2.0 TFSI Quattro,2014,11,130000.0,1984.0,211,5,White,Hung Wai Motor Trend Limited,36000.0
2025/12,2025,12,BMW,M4 COUPE,2016,9,61000.0,2979.0,510,4,Yellow,PRO-DRIVER,298000.0
2025/12,2025,12,TESLA,MODEL Y PERFORMANCE,2022,3,57000.0,,550,5,Black,Celebrity Motors Limited,238000.0
2025/12,2025,12,BMW,218i GRAN TOURER F46,2019,6,65000.0,1500.0,136,7,Grey,Royal Horse Motors Company,108000.0
2025/12,2025,12,HONDA,STEPWGN HYBRID EX COOL,2019,6,37900.0,1993.0,245,7,Black,"Ritz Automobile Co., Limited",208000.0
2025/12,2025,12,KIA,SORENTO GT,2021,4,70000.0,2497.0,281,7,Blue,Autopop Limited,148000.0
2025/12,2025,12,MERCEDES-BENZ,A200 AMG,2020,5,40000.0,1332.0,163,5,Black,Autopop Limited,148000.0
2025/12,2025,12,PORSCHE,911 930 CARRERA CABRIOLET,1987,38,89000.0,3164.0,217,2,Grey,Autopop Limited,928000.0
2025/12,2025,12,HONDA,Stepwgn Hybrid EX Cool,2017,8,55276.0,1993.0,184,7,White,Asmoday Motors Limited,178000.0
2025/12,2025,12,TOYOTA,VELLFIRE 3.5 FACELIFT,2018,7,74895.0,3456.0,300,7,White,Tak Lee Motors (HK) Limited,298000.0
2025/12,2025,12,MERCEDES-BENZ,GLA-200,2015,10,110000.0,1600.0,156,5,White,Race Art Motors Limited,50000.0
2025/12,2025,12,BMW,X5 4.0i X Drive 七座,2021,4,32000.0,2998.0,352,7,White,Vision Motors (HK) Limited,398000.0
2025/12,2025,12,TOYOTA,Hiace,2019,6,280000.0,2755.0,176,5,White,Vision Motors (HK) Limited,208000.0
2025/12,2025,12,MERCEDES-BENZ,E200 AMG Facelift,2017,8,61000.0,1991.0,184,5,White,Hung Wai Motor Trend Limited,118000.0
2025/12,2025,12,TOYOTA,ALPHARD SC,2016,9,56000.0,2500.0,182,7,White,Yat Chung Car Company,218000.0
2025/12,2025,12,BMW,IX XDRIVE40,2023,2,36000.0,,326,5,Black,Celebrity Motors Limited,498000.0
2025/12,2025,12,MERCEDES-BENZ,EQA250 AMG,2022,3,69000.0,,190,5,Black,Hung Wai Motor Trend Limited,188000.0
2025/12,2025,12,MERCEDES-BENZ,E200 Facelift AMG版,2015,10,70130.0,1991.0,184,5,Black,Win Fair Motors Limited,58000.0
2025/12,2025,12,TESLA,MODEL 3 PERFORMANCE DUAL MOTOR,2023,2,10000.0,,460,5,White,Neighbourcar Group Limited,238000.0
2025/12,2025,12,LAND ROVER,RANGE ROVER 5.0 V8 SC LWB AUTOBIOGRAPHY,2018,7,20000.0,4999.0,525,5,Black,Neighbourcar Group Limited,848000.0
2025/12,2025,12,TESLA,MODEL 3 STANDARD RANGE PLUS REAR WHEEL DRIVE,2019,6,78000.0,,239,5,Grey,Neighbourcar Group Limited,148000.0
2025/12,2025,12,MERCEDES-BENZ,AMG C63,2016,9,30000.0,3982.0,510,5,Red,Neighbourcar Group Limited,258000.0
2025/12,2025,12,HONDA,JAZZ RS,2016,9,60000.0,1496.0,132,5,Blue,Neighbourcar Group Limited,98000.0
2025/12,2025,12,PORSCHE,911 CARRERA COUPE,2013,12,38000.0,3436.0,350,4,Yellow,Neighbourcar Group Limited,718000.0
2025/12,2025,12,PORSCHE,MACAN S,2015,10,68000.0,2997.0,340,5,Blue,Neighbourcar Group Limited,158000.0
2025/12,2025,12,BMW,M3 COMPETITION M XDRIVE TOURING,2023,2,18000.0,2993.0,510,2,White,Neighbourcar Group Limited,1180000.0
2025/12,2025,12,BMW,I4 M50 GRAN COUPE,2022,3,9000.0,,544,5,White,Neighbourcar Group Limited,478000.0
2025/12,2025,12,TOYOTA,ALPHARD 3.5,2015,10,53000.0,3456.0,280,7,White,Neighbourcar Group Limited,268000.0
2025/12,2025,12,TOYOTA,ALPHARD 2.5 HYBRID,2020,5,30.0,2493.0,274,2,White,Neighbourcar Group Limited,418000.0
2025/12,2025,12,SMART,#3 BRABUS,2024,1,6000.0,,422,5,Grey,Autopop Limited,308000.0
2025/12,2025,12,BMW,IX XDRIVE40,2024,1,20000.0,,326,5,White,Autopop Limited,518000.0
2025/12,2025,12,LAND ROVER,DEFENDER 90 D250,2023,2,8000.0,2997.0,250,2,Black,Autopop Limited,488000.0
2025/12,2025,12,LAMBORGHINI,HURACAN STO,2022,3,1900.0,5204.0,640,2,Black,Autopop Limited,2080000.0
2025/12,2025,12,PORSCHE,MACAN 2.0,2016,9,29000.0,1984.0,252,5,Black,Royal Horse Motors Company,188000.0
2025/12,2025,12,MERCEDES-BENZ,EQE SUV 350 4MATIC AMG LINE,2023,2,47000.0,89.0,292,5,Black,Royal Horse Motors Company,538000.0
2025/12,2025,12,BMW,X4 xDrive28iA M-Sport,2015,10,82000.0,1997.0,245,5,Grey,Hung Wai Motor Trend Limited,78000.0
2025/12,2025,12,HONDA,FREED HYBRID EX GB7 FACELIFT,2020,5,34596.0,1500.0,136,6,Grey,"Ritz Automobile Co., Limited",148000.0
2025/12,2025,12,HONDA,STEPWGN HYBRID GEX RP5,2018,7,48873.0,1993.0,245,7,Grey,"Ritz Automobile Co., Limited",188000.0
2025/12,2025,12,TESLA,MODEL 3 LR,2020,5,59000.0,153.0,268,5,Blue,Yat Chung Car Company,159000.0
2025/12,2025,12,VOLKSWAGEN,TIGUAN 280 TSI STREET,2018,7,58700.0,1395.0,150,5,Blue,Neighbourcar Group Limited,88000.0
2025/12,2025,12,NISSAN,Serena Highway Star VIP,2019,6,100000.0,1997.0,150,8,White,Hung Wai Motor Trend Limited,118000.0
2025/12,2025,12,MASERATI,Quattroporte,2016,9,29000.0,2979.0,330,5,White,Kings Motor Co,248000.0
2025/12,2025,12,BENTLEY,FLYING SPUR W12,2013,12,39000.0,5998.0,615,5,Beige,Kings Motor Co,548000.0
2025/12,2025,12,AUDI,TT ROADSTER,2015,10,100000.0,1984.0,230,2,White,PRO-DRIVER,138000.0
2025/12,2025,12,AUDI,A3 Sedan 35 TFSI,2017,8,41000.0,1395.0,122,5,Black,Wai To Motors Ltd.,78000.0
2025/12,2025,12,NISSAN,SERENA E-Power Highway Star VIP,2020,5,61000.0,1198.0,136,7,Gold,Wai To Motors Ltd.,168000.0
2025/12,2025,12,MERCEDES-BENZ,CLA250 AMG Facelift,2020,5,54000.0,1991.0,224,5,White,Hung Wai Motor Trend Limited,188000.0
2025/12,2025,12,KIA,Sorento GT Diesel,2017,8,83000.0,2199.0,197,7,Grey,PRO-DRIVER,148000.0
2025/12,2025,12,NISSAN,SERENA E-POWER HIGHWAY STAR VIP,2022,3,21000.0,1198.0,163,7,Grey,Celebrity Motors Limited,208000.0
2025/12,2025,12,PORSCHE,911 GT3 RS,2016,9,36000.0,3996.0,500,2,White,Wai To Motors Ltd.,1580000.0
2025/12,2025,12,BMW,X1 Sdrive18iA M-Sport,2019,6,80000.0,1499.0,136,5,White,Hung Wai Motor Trend Limited,108000.0
2025/12,2025,12,MERCEDES-BENZ,GLE450 4Matic,2019,6,59000.0,2999.0,367,7,Silver,Hung Wai Motor Trend Limited,418000.0
2025/12,2025,12,VOLVO,XC90 T6 INSCRIPTION,2017,8,30000.0,1969.0,320,7,Black,Celebrity Motors Limited,198000.0
2025/12,2025,12,TOYOTA,ALPHARD 2.5 HYBRID Facelift,2018,7,66551.0,2493.0,197,7,Red,Tak Lee Motors (HK) Limited,268000.0
2025/12,2025,12,HONDA,Freed Hybrid GB7,2020,5,36364.0,1496.0,136,6,Black,Asmoday Motors Limited,148000.0
2025/12,2025,12,HONDA,Freed Hybrid Modulo X,2018,7,48325.0,1496.0,136,7,Blue,Asmoday Motors Limited,148000.0
2025/12,2025,12,MERCEDES-BENZ,EQB250,2022,3,57000.0,,188,7,Grey,Wai To Motors Ltd.,298000.0
2025/12,2025,12,FORD,Ranger Raptor,2022,3,48000.0,1996.0,213,5,Black,Wai To Motors Ltd.,268000.0
2025/12,2025,12,LAND ROVER,Range Evoque HSE Dynamic,2016,9,68000.0,1999.0,237,5,Grey,Wai To Motors Ltd.,128000.0
2025/12,2025,12,TESLA,Model X 90D,2017,8,110000.0,888.0,423,6,Grey,Race Art Motors Limited,268000.0
2025/12,2025,12,MERCEDES-BENZ,A180 AMG,2021,4,12700.0,1400.0,135,5,Silver,Yat Chung Car Company,168000.0
2025/12,2025,12,PORSCHE,Macan,2017,8,74000.0,1998.0,252,5,White,Hung Wai Motor Trend Limited,198000.0
2025/12,2025,12,MERCEDES-BENZ,C43 AMG 4Matic,2016,9,97000.0,2996.0,367,5,Grey,Hung Wai Motor Trend Limited,138000.0
2025/12,2025,12,TOYOTA,PREVIA,2017,8,54000.0,2400.0,170,7,Black,Great Motors Limited,158000.0
2025/12,2025,12,TOYOTA,VELLFIRE,2018,7,60000.0,3500.0,306,7,Purple,Great Motors Limited,298000.0
2025/12,2025,12,PORSCHE,Macan 2.0,2015,10,62676.0,1984.0,237,5,White,"New Method Motors Co., Ltd.",168000.0
2025/12,2025,12,BMW,X1 SDRIVE20IA XLINE (F48),2021,4,49000.0,1998.0,231,5,White,Vision Motors (HK) Limited,208000.0
2025/12,2025,12,TESLA,MODEL X 90 KWH DUAL MOTOR,2017,8,107000.0,,417,7,Grey,Kings Motor Co,268000.0
2025/12,2025,12,TOYOTA,LAND CRUISER 250VX,2024,1,37.0,2700.0,163,7,White,Kings Motor Co,788000.0
2025/12,2025,12,BMW,X3 xDrive20iA xLine,2019,6,47000.0,1998.0,184,5,Grey,Cube Motors,158000.0
2025/12,2025,12,TOYOTA,Voxy ZS Hybrid 煌III Modellista,2021,4,19486.0,1797.0,136,7,Black,Asmoday Motors Limited,238000.0
2025/12,2025,12,TOYOTA,Vellfire 2.5 ZG Modellista,2020,5,18510.0,2493.0,183,7,Black,Asmoday Motors Limited,368000.0
2025/12,2025,12,LEXUS,Lexus IS300,2019,6,57000.0,2000.0,235,5,Black,Pak Yu Motors,148000.0
2025/12,2025,12,LEXUS,UX200,2023,2,11000.0,2000.0,173,5,Blue,Yat Chung Car Company,199000.0
2025/12,2025,12,LAND ROVER,EVOQUE DYNAMIC FACELIFT,2016,9,50000.0,1999.0,240,5,Red,Yat Chung Car Company,109900.0
2025/12,2025,12,HONDA,Stepwgn spada E;hev EX cool,2020,5,28732.0,1993.0,184,7,White,Asmoday Motors Limited,228000.0
2025/12,2025,12,TOYOTA,Alphard 2.5 SC Modellista,2020,5,21349.0,2493.0,183,7,White,Asmoday Motors Limited,378000.0
2025/12,2025,12,TOYOTA,Noah Hybrid Si,2017,8,48572.0,1797.0,136,7,White,Asmoday Motors Limited,178000.0
2025/12,2025,12,HONDA,S2000 BASEGRADE,1999,26,70000.0,1997.0,240,2,Grey,Neighbourcar Group Limited,208000.0
2025/12,2025,12,TOYOTA,FJ CRUISER,2013,12,59000.0,3955.0,260,4,Grey,Yat Chung Car Company,188000.0
2025/12,2025,12,LEXUS,ES250 PREMIUM,2019,6,49791.0,2487.0,207,5,Others,Yat Chung Car Company,168000.0
2025/12,2025,12,TESLA,MODEL Y LONG RANGE 4WD,2021,4,49000.0,153.0,371,5,White,Yat Chung Car Company,228000.0
2025/12,2025,12,AUDI,Q5 45 TFSI QUATTRO S LINE,2021,4,40000.0,1984.0,265,5,White,Neighbourcar Group Limited,268000.0
2025/12,2025,12,HONDA,JAZZ CROSSTAR,2023,2,9000.0,1498.0,121,5,Grey,Race Art Motors Limited,135000.0
2025/11,2025,11,TOYOTA,Estima Aeras,2015,10,94000.0,2362.0,170,7,Grey,Hung Wai Motor Trend Limited,74800.0
2025/11,2025,11,TOYOTA,Vellfire 2.4T Premiun,2024,1,3900.0,2400.0,279,7,Black,Deluxe ( China ) Motors Company Limited,738000.0
2025/11,2025,11,LAND ROVER,Defender 90 P300,2022,3,23000.0,2000.0,300,5,Silver,Deluxe ( China ) Motors Company Limited,678000.0
2025/11,2025,11,TOYOTA,2025 全新Alphard 2.5Z,2025,0,18.0,2500.0,182,7,White,Deluxe ( China ) Motors Company Limited,678000.0
2025/11,2025,11,BENTLEY,Bentayga V8 新款,2023,2,19000.0,4000.0,550,5,White,Deluxe ( China ) Motors Company Limited,2680000.0
2025/11,2025,11,MASERATI,GHibli S,2014,11,38000.0,3000.0,410,2,White,Deluxe ( China ) Motors Company Limited,128000.0
2025/11,2025,11,LAND ROVER,Defender 90 P300,2022,3,11000.0,2000.0,300,5,Grey,Deluxe ( China ) Motors Company Limited,678000.0
2025/11,2025,11,BENTLEY,Flyingspur V8,2017,8,42000.0,4000.0,500,5,White,Deluxe ( China ) Motors Company Limited,698000.0
2025/11,2025,11,TOYOTA,ALPHARD 2.5 SC,2018,7,62000.0,2494.0,182,7,White,PRO-DRIVER,298000.0
2025/11,2025,11,TESLA,MODEL 3 STANDARD RANGE,2022,3,46000.0,,283,5,Black,PRO-DRIVER,178000.0
2025/11,2025,11,MINI,COOPER S JCW,2019,6,38000.0,1998.0,231,4,Green,PRO-DRIVER,198000.0
2025/11,2025,11,BMW,M2 COUPE,2016,9,53000.0,2979.0,365,4,White,PRO-DRIVER,198000.0
2025/11,2025,11,NISSAN,SERENA Highway Star,2016,9,42000.0,1997.0,147,8,Brown,Race Art Motors Limited,68000.0
2025/11,2025,11,BMW,X5 XDRIVE35IA,2018,7,33000.0,3000.0,306,7,Black,Great Motors Limited,188000.0
2025/11,2025,11,MERCEDES-BENZ,GLC250 AMG (X253),2018,7,30000.0,1991.0,211,5,Black,Vision Motors (HK) Limited,168000.0
2025/11,2025,11,TOYOTA,Alphard 2.5,2018,7,120000.0,2494.0,188,7,Black,Vision Motors (HK) Limited,228000.0
2025/11,2025,11,TESLA,MODEL Y PERFORMANCE,2023,2,32000.0,,462,5,White,Great Motors Limited,298000.0
2025/11,2025,11,MERCEDES-BENZ,GLE 320 (W166),2017,8,90000.0,2996.0,272,5,Black,Vision Motors (HK) Limited,158000.0
2025/11,2025,11,MERCEDES-BENZ,CLA250 FACELIFT,2019,6,42000.0,2000.0,211,5,Black,Great Motors Limited,158000.0
2025/11,2025,11,MERCEDES-BENZ,C200 AMG FL (W205),2019,6,77000.0,1497.0,184,5,Grey,Vision Motors (HK) Limited,148000.0
2025/11,2025,11,MERCEDES-BENZ,SMART #1 BRABUS,2025,0,2133.0,,428,5,Grey,Tak Lee Motors (HK) Limited,288000.0
2025/11,2025,11,TOYOTA,Alphard SC 3.5V6 Facelift版,2020,5,63652.0,3456.0,300,7,White,Win Fair Motors Limited,398000.0
2025/11,2025,11,MERCEDES-BENZ,E300 Coupe AMG,2018,7,58000.0,1991.0,245,4,Grey,Hung Wai Motor Trend Limited,218000.0
2025/11,2025,11,AUDI,TTS,2016,9,37000.0,1984.0,310,2,Grey,Cube Motors Limited,238000.0
2025/11,2025,11,LEXUS,IS 300 H,2023,2,27870.0,2494.0,223,5,Grey,Cube Motors Limited,338000.0
2025/11,2025,11,TOYOTA,ALPHARD EL 3.5,2021,4,31149.0,3456.0,301,7,White,Cube Motors Limited,468000.0
2025/11,2025,11,MERCEDES-BENZ,GLC300 4MATIC COUPE,2020,5,37000.0,1991.0,258,5,Grey,Cube Motors Limited,338000.0
2025/11,2025,11,AUDI,TTS Roadster Quattro,2016,9,37000.0,1984.0,310,2,Grey,Cube Motors Limited,268000.0
2025/11,2025,11,TOYOTA,ROOMY,2018,7,52000.0,1000.0,136,5,Grey,Cube Motors Limited,108000.0
2025/11,2025,11,MERCEDES-BENZ,GLC 300 4MATIC FACELIFT,2020,5,37000.0,1991.0,258,5,Blue,Celebrity Motors Limited,238000.0
2025/11,2025,11,AUDI,A4 Avant 40TFSI quattro S~LINE,2021,4,35000.0,1984.0,204,5,Grey,Royal Horse Motors Company,238000.0
2025/11,2025,11,LAND ROVER,DISCOVERY SPORT SE 7S,2016,9,73000.0,1999.0,240,7,Grey,Royal Horse Motors Company,98000.0
2025/11,2025,11,LEXUS,NX300H,2015,10,70000.0,2494.0,155,5,White,Vision Motors (HK) Limited,128000.0
2025/11,2025,11,MERCEDES-BENZ,E300 COUPE FACELIFT,2022,3,18000.0,1991.0,258,4,Black,Celebrity Motors Limited,398000.0
2025/11,2025,11,LEXUS,IS300H ULTIMATE,2016,9,24205.0,2494.0,223,5,Black,Tak Lee Motors (HK) Limited,128000.0
2025/11,2025,11,BMW,2014 BMW 320AI Saloon ED(F30),2014,11,69000.0,1598.0,170,5,Black,Vision Motors (HK) Limited,39800.0
2025/11,2025,11,BMW,X1 Sdrive18iA X-Line,2018,7,38000.0,1499.0,136,5,Blue,Hung Wai Motor Trend Limited,118000.0
2025/11,2025,11,TOYOTA,Voxy ZS Hybrid Modellista,2020,5,32360.0,1797.0,136,7,White,Asmoday Motors Limited,218000.0
2025/11,2025,11,MERCEDES-BENZ,A250 SPORT AMG,2019,6,48000.0,1991.0,224,5,White,Yat Chung Car Company,138000.0
2025/11,2025,11,HONDA,Freed Hybrid GB7,2017,8,48435.0,1496.0,136,6,Grey,Asmoday Motors Limited,138000.0
2025/11,2025,11,TOYOTA,Alphard 2.5 SC,2020,5,18529.0,2493.0,183,7,Black,Asmoday Motors Limited,368000.0
2025/11,2025,11,TOYOTA,ALPHARD SRC HYBRID FACELIFT,2019,6,34359.0,2493.0,187,7,Black,"Ritz Automobile Co., Limited",368000.0
2025/11,2025,11,TOYOTA,ESTIMA AERAS ACR50 2.4,2018,7,44814.0,2362.0,170,7,Brown,Win Fair Motors Limited,148000.0
2025/11,2025,11,MASERATI,LEVANTE,2018,7,33662.0,2979.0,349,5,Grey,DCH Certified Used Car,498000.0
2025/11,2025,11,MINI,Cooper S Electric F56,2022,3,16377.0,75.0,184,4,Grey,Win Fair Motors Limited,148000.0
2025/11,2025,11,MERCEDES-BENZ,EQE 350 4MATIC,2023,2,25000.0,,292,5,White,Kings Motor Co,568000.0
2025/11,2025,11,HONDA,Civic typeR FK8,2020,5,9800.0,1996.0,320,4,White,Kings Motor Co,428000.0
2025/11,2025,11,MERCEDES-BENZ,GLC250 4Matic,2016,9,63000.0,1991.0,211,5,White,Hung Wai Motor Trend Limited,108000.0
2025/11,2025,11,MERCEDES-BENZ,C200 AMG,2016,9,70000.0,1991.0,184,5,Blue,Autopop Limited,88000.0
2025/11,2025,11,PORSCHE,911 991.2 TURBO S,2018,7,14000.0,3800.0,580,4,Grey,Autopop Limited,1880000.0
2025/11,2025,11,TOYOTA,GR86 SZ,2022,3,20000.0,2387.0,228,4,Black,Autopop Limited,298000.0
2025/11,2025,11,PORSCHE,MACAN,2021,4,30000.0,1984.0,248,5,White,Autopop Limited,468000.0
2025/11,2025,11,TOYOTA,APHARD 2.5,2025,0,10000.0,2493.0,182,7,White,Neighbourcar Group Limited,608000.0
2025/11,2025,11,TOYOTA,GR YARIS RC,2021,4,9000.0,1618.0,261,4,White,Neighbourcar Group Limited,348000.0
2025/11,2025,11,BMW,X4 XDRIVE30IA M SPORT,2021,4,40000.0,1998.0,252,5,Black,Neighbourcar Group Limited,298000.0
2025/11,2025,11,AUDI,RS Q3 SPORTBACK QUATTRO,2021,4,20000.0,2480.0,400,5,Grey,Neighbourcar Group Limited,458000.0
2025/11,2025,11,SUBARU,BRZ 2.4 RWD 6MT,2022,3,8000.0,2387.0,234,4,Blue,Neighbourcar Group Limited,268000.0
2025/11,2025,11,BMW,M550IA XDRIVE SALOON,2021,4,30000.0,4395.0,530,5,Blue,Neighbourcar Group Limited,558000.0
2025/11,2025,11,BMW,I4 EDRIVE35 G26,2023,2,26781.0,80.0,286,5,White,Win Fair Motors Limited,298000.0
2025/11,2025,11,MERCEDES-BENZ,GLC 250 (AMG),2018,7,57000.0,2000.0,211,5,White,Pak Yu Motors,188000.0
2025/11,2025,11,SUZUKI,Jimny 1.5 (MT),2020,5,19000.0,1500.0,102,2,Others,Pak Yu Motors,138000.0
2025/11,2025,11,MERCEDES-BENZ,GLE 320,2018,7,69000.0,3000.0,272,5,Grey,Pak Yu Motors,198000.0
2025/11,2025,11,LEXUS,ES250,2022,3,22753.0,2487.0,207,5,White,Win Point Motors Limited,268000.0
2025/11,2025,11,BMW,318IA M SPORT,2022,3,58399.0,1998.0,156,5,Black,Win Point Motors Limited,188000.0
2025/11,2025,11,AUDI,Q5 45 TFSI QUATTRO SLINE,2017,8,42529.0,1984.0,252,5,Black,Win Fair Motors Limited,98000.0
2025/11,2025,11,TOYOTA,VELLFIRE 3.5 FACELIFT,2019,6,26672.0,3456.0,300,7,White,Win Fair Motors Limited,298000.0
2025/11,2025,11,BMW,X2 SDRIVE20IA M SPORT,2018,7,23000.0,1998.0,192,5,Grey,Yat Chung Car Company,138000.0
2025/11,2025,11,HONDA,Stepwgn 1.5 Turbo RP1,2016,9,68000.0,1496.0,150,7,Grey,Hung Wai Motor Trend Limited,99000.0
2025/11,2025,11,PORSCHE,Taycan 4S,2020,5,49900.0,,562,5,White,Wai To Motors Ltd.,698000.0
2025/11,2025,11,MERCEDES-BENZ,A35 AMG,2019,6,31000.0,1991.0,306,5,Black,Celebrity Motors Limited,218000.0
2025/11,2025,11,VOLKSWAGEN,ID.4 PRO ELEGANCE,2023,2,33000.0,,286,5,Grey,Wai To Motors Ltd.,268000.0
2025/11,2025,11,BMW,X6 XDRIVE401A M SPORT EDITION,2020,5,20000.0,2998.0,340,5,Black,Neighbourcar Group Limited,458000.0
2025/11,2025,11,AUDI,A4 AVANT 40 TFSI,2019,6,20000.0,1984.0,190,5,Blue,Neighbourcar Group Limited,128000.0
2025/11,2025,11,MERCEDES-BENZ,AMG CLA45 S 4M+ COUPE,2020,5,38000.0,1991.0,421,5,White,Neighbourcar Group Limited,578000.0
2025/11,2025,11,SUZUKI,JIMNY 1.5 4WD 5MT,2022,3,13000.0,1462.0,103,4,White,Neighbourcar Group Limited,148000.0
2025/11,2025,11,TOYOTA,ESTIMA HYBRID,2016,9,60000.0,2362.0,187,7,Grey,Neighbourcar Group Limited,178000.0
2025/11,2025,11,KIA,STINGER GT-LINE,2019,6,50000.0,1998.0,255,5,Grey,Neighbourcar Group Limited,98000.0
2025/11,2025,11,NISSAN,ELGRAD 3.5 MPV,2012,13,140000.0,3498.0,280,7,Black,Vision Motors (HK) Limited,39800.0
2025/11,2025,11,BMW,IX XDRIVE40,2022,3,19000.0,,326,5,Grey,Neighbourcar Group Limited,488000.0
2025/11,2025,11,HONDA,Stepwgn Hybrid EX Black Style,2019,6,35667.0,1993.0,184,7,White,Asmoday Motors Limited,208000.0
2025/11,2025,11,HONDA,FIT e:HEV GR3,2021,4,24465.0,1496.0,106,5,White,"Ritz Automobile Co., Limited",138000.0
2025/11,2025,11,FERRARI,458 ITALIA,2010,15,15900.0,4497.0,570,2,White,Kings Motor Co,1280000.0
2025/11,2025,11,MERCEDES-BENZ,E200,2017,8,59000.0,1991.0,184,5,Black,Pak Yu Motors,138000.0
2025/11,2025,11,PORSCHE,MACAN 2 0 Facelift,2020,5,22252.0,1984.0,252,5,Silver,Tak Lee Motors (HK) Limited,428000.0
2025/11,2025,11,LEXUS,RX 200T (Ultimate),2017,8,63000.0,2000.0,238,5,Blue,Pak Yu Motors,178000.0
2025/11,2025,11,BMW,640IA GRAN COUPE,2014,11,108000.0,2979.0,320,5,White,Kings Motor Co,98000.0
2025/11,2025,11,TOYOTA,Vellfire Executive Lounge,2017,8,56000.0,3456.0,280,6,Silver,Celebrity Motors Limited,288000.0
2025/11,2025,11,TESLA,MODEL Y LONG RANGE,2022,3,66000.0,,371,5,White,Celebrity Motors Limited,218000.0
2025/11,2025,11,TOYOTA,NOAH WELCAB,2024,1,1300.0,1986.0,170,7,White,PRO-DRIVER,498000.0
2025/11,2025,11,MASERATI,Levante S Gransport,2018,7,2000.0,2979.0,430,5,White,Hung Wai Motor Trend Limited,388000.0
2025/11,2025,11,TOYOTA,VELLFIRE 2.5 MODELLISTA,2016,9,86884.0,2493.0,173,7,White,Win Fair Motors Limited,198000.0
2025/11,2025,11,BMW,M850IA XDRIVE COUPE,2019,6,38000.0,4395.0,530,4,White,Neighbourcar Group Limited,868000.0
2025/11,2025,11,TOYOTA,C-HR Hybrid,2020,5,88000.0,1798.0,122,5,Grey,Hung Wai Motor Trend Limited,115000.0
2025/11,2025,11,PORSCHE,Macan,2019,6,52000.0,1984.0,265,5,Blue,Celebrity Motors Limited,398000.0
2025/11,2025,11,TESLA,MODEL X LONG RANGE DUAL,2019,6,66000.0,,416,6,White,A AND S AUTOMOBILE CO. LTD,398000.0
2025/11,2025,11,VOLKSWAGEN,TOURAN 280 TSI Luxury 版,2018,7,35000.0,1395.0,150,7,White,Race Art Motors Limited,88000.0
2025/11,2025,11,MERCEDES-BENZ,E350,2018,7,58000.0,1991.0,258,5,Blue,Celebrity Motors Limited,168000.0
2025/11,2025,11,BYD,SEAL 3.8S AWD PERFORMANCE,2023,2,1600.0,,530,5,White,Autopop Limited,248000.0
2025/11,2025,11,PORSCHE,911 992 GT3 RS,2023,2,1000.0,3996.0,525,2,Green,Autopop Limited,3780000.0
2025/11,2025,11,TOYOTA,VELLFIRE 2.5,2019,6,50000.0,2494.0,182,7,Black,Autopop Limited,318000.0
2025/11,2025,11,BENTLEY,FLYING SPUR W12,2013,12,46000.0,5998.0,552,5,Black,Autopop Limited,528000.0
2025/11,2025,11,BMW,520IA SALOON M SPORT,2019,6,58000.0,1998.0,184,5,Blue,Autopop Limited,138000.0
2025/11,2025,11,AUDI,TTRS COUPE QUATTRO,2022,3,15000.0,2480.0,400,4,Grey,Autopop Limited,538000.0
2025/11,2025,11,PORSCHE,911 991.1 GT3 RS,2016,9,23000.0,3996.0,500,2,Purple,Autopop Limited,1480000.0
2025/11,2025,11,PORSCHE,911 996 TARGA MANUAL,2002,23,50000.0,3596.0,320,4,Grey,Autopop Limited,368000.0
2025/11,2025,11,BMW,E92 M3,2011,14,50000.0,3999.0,414,4,Black,Autopop Limited,328000.0
2025/11,2025,11,TOYOTA,RAV4 DELUXE,2020,5,33132.0,1987.0,173,5,White,Tak Lee Motors (HK) Limited,158000.0
2025/11,2025,11,TESLA,Model 3 SR Plus,2019,6,130000.0,,204,5,Grey,Hung Wai Motor Trend Limited,109000.0
2025/11,2025,11,LEXUS,NX250,2022,3,22000.0,2487.0,205,5,Black,Celebrity Motors Limited,298000.0
2025/11,2025,11,BMW,X3 xDrive20iA xLine,2019,6,48000.0,1998.0,184,5,Blue,Cube Motors,178000.0
2025/11,2025,11,BMW,X4 28IA XLINE,2018,7,47000.0,1997.0,245,5,White,Celebrity Motors Limited,148000.0
2025/11,2025,11,TOYOTA,Vellfire 2.5 ZG Modellista,2018,7,38364.0,2493.0,183,7,White,Asmoday Motors Limited,318000.0
2025/11,2025,11,TOYOTA,Voxy ZS Hybrid 煌II,2016,9,53348.0,1797.0,136,7,White,Asmoday Motors Limited,158000.0
2025/11,2025,11,TOYOTA,Alphard 2.5 SC,2021,4,9278.0,2493.0,183,7,White,Asmoday Motors Limited,388000.0
2025/11,2025,11,TOYOTA,Tank Custom G-T Modellista,2020,5,28265.0,996.0,98,5,White,Asmoday Motors Limited,138000.0
2025/11,2025,11,HONDA,Stepwgn e:HEV Spada,2020,5,28679.0,1993.0,184,7,Grey,Asmoday Motors Limited,208000.0
2025/11,2025,11,TOYOTA,Alphard 2.5 Hybrid SRC,2019,6,22677.0,2493.0,197,7,White,Asmoday Motors Limited,388000.0
2025/11,2025,11,HONDA,Freed Hybrid 7-Seater,2019,6,35429.0,1496.0,136,7,Black,Asmoday Motors Limited,148000.0
2025/11,2025,11,HONDA,Stepwgn Hybrid EX Cool,2017,8,48437.0,1993.0,184,7,Black,Asmoday Motors Limited,178000.0
2025/11,2025,11,PORSCHE,Macan GTS,2016,9,58000.0,2997.0,360,5,Grey,Hung Wai Motor Trend Limited,208000.0
2025/11,2025,11,TESLA,MODEL X 75 DUAL,2017,8,105000.0,,329,7,Grey,Celebrity Motors Limited,228000.0
2025/11,2025,11,NISSAN,Serena E-Power Highway Star VIP,2021,4,91000.0,1198.0,136,7,Grey,Hung Wai Motor Trend Limited,158000.0
2025/11,2025,11,TESLA,MODEL Y RWD,2023,2,12000.0,88.0,256,5,Grey,Royal Horse Motors Company,248000.0
2025/11,2025,11,TESLA,MODEL Y PERFORMANCE,2023,2,22000.0,155.0,413,5,Black,Royal Horse Motors Company,298000.0
2025/11,2025,11,TESLA,MODEL Y LONG RANGE,2023,2,23000.0,153.0,385,5,Grey,Royal Horse Motors Company,268000.0
2025/11,2025,11,PORSCHE,MACAN FACELIFT,2020,5,38000.0,1984.0,265,5,White,Royal Horse Motors Company,438000.0
2025/11,2025,11,SUBARU,CROSSTREK 2.0I-S EYESIGHT,2024,1,6500.0,2000.0,156,5,Grey,Great Motors Limited,198000.0
2025/11,2025,11,TOYOTA,VELLFIRE,2022,3,87000.0,2494.0,180,7,Black,Vision Motors (HK) Limited,368000.0
2025/11,2025,11,PORSCHE,Boxster,2010,15,58726.0,2893.0,255,2,Silver,Win Point Motors Limited,108000.0
2025/11,2025,11,MERCEDES-BENZ,GLC250 4Matic,2016,9,58000.0,1991.0,211,5,Grey,Hung Wai Motor Trend Limited,108000.0
2025/11,2025,11,LEXUS,IS300H,2018,7,21793.0,2494.0,223,5,Black,Win Point Motors Limited,158000.0
2025/11,2025,11,PORSCHE,911 C2S Carrera S Coupe,2005,20,120000.0,3824.0,360,4,Silver,Wai To Motors Ltd.,238000.0
2025/11,2025,11,AUDI,Q5 45 TFSI QUATTRO,2018,7,50000.0,1984.0,252,5,Blue,Celebrity Motors Limited,105000.0
2025/11,2025,11,HONDA,FREED,2019,6,17000.0,1496.0,131,7,Blue,Race Art Motors Limited,108000.0
2025/11,2025,11,MERCEDES-BENZ,C200 AMG Facelift,2019,6,61000.0,1497.0,184,5,Grey,Hung Wai Motor Trend Limited,148000.0
2025/11,2025,11,TOYOTA,Voxy ZS Hybrid 煌II,2019,6,35422.0,1797.0,136,7,White,Asmoday Motors Limited,198000.0
2025/11,2025,11,TOYOTA,SIENTA 1.5cc 7-SET,2016,9,71364.0,1496.0,109,7,White,Win Fair Motors Limited,78000.0
2025/11,2025,11,FERRARI,458 ITALTI,2010,15,16000.0,4497.0,570,2,White,Kings Motor Co,1280000.0
2025/11,2025,11,BMW,X7 xDrive40iA Pure Excellence,2019,6,60000.0,2998.0,333,6,Black,Hung Wai Motor Trend Limited,668000.0
2025/11,2025,11,TESLA,Model 3 SR Plus,2020,5,120000.0,,204,5,White,Hung Wai Motor Trend Limited,118000.0
2025/11,2025,11,MINI,Cooper Countryman,2013,12,109000.0,1598.0,184,5,Brown,Wai To Motors Ltd.,48000.0
2025/11,2025,11,HONDA,STEPWGN SPADA GEX e:HEV,2020,5,25386.0,1993.0,245,7,White,"Ritz Automobile Co., Limited",208000.0
2025/11,2025,11,AUDI,Q3 35 (TFSI),2019,6,18000.0,1500.0,150,5,Grey,Pak Yu Motors,158000.0
2025/11,2025,11,SUBARU,XV 2.0i -S Eyesight,2022,3,44000.0,1995.0,156,5,Others,Pak Yu Motors,128000.0
2025/11,2025,11,MERCEDES-BENZ,E250 BE COUPE (C207),2011,14,50192.0,1796.0,204,4,Black,Win Fair Motors Limited,38000.0
2025/11,2025,11,TOYOTA,Alphard 3.5 (SC),2020,5,39000.0,3500.0,300,7,Black,Pak Yu Motors,428000.0
2025/11,2025,11,TOYOTA,Voxy ZS Hybrid 煌II,2019,6,35656.0,1797.0,136,7,White,Asmoday Motors Limited,208000.0
2025/11,2025,11,HONDA,FREED HYBRID GB7 FACELIFT,2020,5,39098.0,1500.0,136,6,White,"Ritz Automobile Co., Limited",148000.0
2025/11,2025,11,BMW,320iA SALOON ED EDITION （F30),2013,12,84000.0,1598.0,184,5,White,Vision Motors (HK) Limited,35000.0
2025/11,2025,11,PORSCHE,Macan S,2017,8,48000.0,2997.0,340,5,Grey,Cube Motors,238000.0
2025/11,2025,11,BMW,X1 sDrive18iA M Sport,2019,6,55000.0,1499.0,136,5,Black,Cube Motors,148000.0
2025/11,2025,11,BMW,X5 xDrive40iA M Sport,2020,5,16000.0,2998.0,340,7,Blue,Cube Motors,398000.0
2025/11,2025,11,MERCEDES-BENZ,C200 AMG,2014,11,106000.0,1991.0,184,5,Black,Wai To Motors Ltd.,88000.0
2025/11,2025,11,MERCEDES-BENZ,GLC 250 AMG COUPE (253),2018,7,87000.0,1991.0,211,5,White,Vision Motors (HK) Limited,168000.0
2025/11,2025,11,MERCEDES-BENZ,GLA200 AMG,2021,4,55000.0,1332.0,163,5,Grey,Cube Motors,198000.0
2025/11,2025,11,BMW,X6 XDRIVE40IA M SPORT EDITION,2020,5,110000.0,2998.0,340,5,Blue,Wai To Motors Ltd.,398000.0
2025/11,2025,11,LEXUS,UX200,2022,3,36000.0,1987.0,173,5,Black,Cube Motors,188000.0
2025/11,2025,11,HONDA,Freed G Areo,2015,10,138000.0,1496.0,118,7,Black,Vision Motors (HK) Limited,69800.0
2025/11,2025,11,TOYOTA,Alphard 2.5 Hybrid,2015,10,62000.0,2493.0,197,7,White,Vision Motors (HK) Limited,218000.0
2025/10,2025,10,TOYOTA,Prius 1.8 Hybrid S,2016,9,85000.0,1798.0,122,5,Grey,Hung Wai Motor Trend Limited,89000.0
2025/10,2025,10,TOYOTA,C-HR Hybrid,2020,5,14000.0,1798.0,122,5,White,Hung Wai Motor Trend Limited,148000.0
2025/10,2025,10,MERCEDES-BENZ,S500 AMG,2014,11,77000.0,4700.0,455,5,Black,Deluxe ( China ) Motors Company Limited,238000.0
2025/10,2025,10,MAZDA,MAZDA 6 IPM5 2.0CORE,2022,3,5000.0,2000.0,165,5,Grey,Royal Horse Motors Company,128000.0
2025/10,2025,10,BMW,X3 SDRIVE 20IA XLINE,2019,6,68000.0,1998.0,185,5,White,Royal Horse Motors Company,198000.0
2025/10,2025,10,LEXUS,LS 500,2019,6,36000.0,3500.0,421,5,White,Deluxe ( China ) Motors Company Limited,478000.0
2025/10,2025,10,LAND ROVER,Defender 110 P300,2020,5,33000.0,2000.0,300,5,White,Deluxe ( China ) Motors Company Limited,668000.0
2025/10,2025,10,LAND ROVER,Defender 90 P300 SE,2023,2,11000.0,2000.0,300,5,Brown,Deluxe ( China ) Motors Company Limited,708000.0
2025/10,2025,10,BENTLEY,Flyingspur W12,2016,9,35000.0,6000.0,605,5,White,Deluxe ( China ) Motors Company Limited,698000.0
2025/10,2025,10,BMW,435 Cabrio,2014,11,90500.0,3000.0,306,4,Grey,Deluxe ( China ) Motors Company Limited,128000.0
2025/10,2025,10,LAND ROVER,Rangerover p525,2018,7,40888.0,5000.0,525,5,Black,Deluxe ( China ) Motors Company Limited,748000.0
2025/10,2025,10,BENTLEY,Flyingspur First1Edition,2021,4,19000.0,4000.0,550,5,White,Deluxe ( China ) Motors Company Limited,2580000.0
2025/10,2025,10,LAND ROVER,RangeRoverSport AB 5.0,2020,5,38000.0,5000.0,525,5,Grey,Deluxe ( China ) Motors Company Limited,658000.0
2025/10,2025,10,LEXUS,LS 500 F-Sport,2018,7,39000.0,3500.0,421,5,Black,Deluxe ( China ) Motors Company Limited,478000.0
2025/10,2025,10,MERCEDES-BENZ,C43,2017,8,60000.0,3000.0,345,5,Blue,Deluxe ( China ) Motors Company Limited,128000.0
2025/10,2025,10,BMW,X7 M50i,2020,5,21000.0,4400.0,530,7,Grey,Deluxe ( China ) Motors Company Limited,868000.0
2025/10,2025,10,TOYOTA,Alphard2.5SC,2020,5,37000.0,2500.0,182,7,Black,Deluxe ( China ) Motors Company Limited,358000.0
2025/10,2025,10,LAND ROVER,Defender 110 P300,2023,2,12000.0,2000.0,300,5,Brown,Deluxe ( China ) Motors Company Limited,798000.0
2025/10,2025,10,TOYOTA,Sienta,2016,9,71000.0,1496.0,109,7,White,Hung Wai Motor Trend Limited,78000.0
2025/10,2025,10,HONDA,Jazz RS GK5,2015,10,100000.0,1496.0,132,5,Black,Hung Wai Motor Trend Limited,68000.0
2025/10,2025,10,HONDA,Freed GB3,2011,14,91000.0,1496.0,118,7,Grey,Hung Wai Motor Trend Limited,39800.0
2025/10,2025,10,MASERATI,Levante Diesel,2017,8,100000.0,2987.0,275,5,Grey,Hung Wai Motor Trend Limited,298000.0
2025/10,2025,10,BMW,318i,2021,4,50504.0,1998.0,156,5,Black,Autoway Motors Limited,168000.0
2025/10,2025,10,BMW,i4 EDRIVE 35 M Sport,2023,2,7000.0,,286,5,Green,A AND S AUTOMOBILE CO. LTD,368000.0
2025/10,2025,10,TOYOTA,ALPHARD 2.5 Z,2025,0,17.0,2493.0,182,7,Black,"Ritz Automobile Co., Limited",668000.0
2025/10,2025,10,BMW,iX1 XDRIVE30 M SPORT EDITION,2023,2,40907.0,115.0,313,5,Grey,Win Fair Motors Limited,328000.0
2025/10,2025,10,NISSAN,Note E-Power,2021,4,100000.0,1198.0,116,5,Blue,Hung Wai Motor Trend Limited,98000.0
2025/10,2025,10,MERCEDES-BENZ,GLA200,2021,4,49992.0,1332.0,163,5,White,Win Point Motors Limited,178000.0
2025/10,2025,10,MERCEDES-BENZ,GLC300 4Matic AMG,2017,8,140000.0,1991.0,245,5,White,Hung Wai Motor Trend Limited,99000.0
2025/10,2025,10,TESLA,MODEL S 90 PERFORMANCE DUAL MOTOR,2016,9,100000.0,,518,5,White,Celebrity Motors Limited,148000.0
2025/10,2025,10,NISSAN,Serena Highway Star VIP,2019,6,86000.0,1997.0,150,8,White,Hung Wai Motor Trend Limited,119000.0
2025/10,2025,10,BMW,X5 xDrive40iA M Sport,2020,5,58000.0,2998.0,340,7,Brown,Hung Wai Motor Trend Limited,358000.0
2025/10,2025,10,AUDI,A5 1.8T Sportback S-Line,2017,8,35000.0,1798.0,167,5,Blue,Hung Wai Motor Trend Limited,59800.0
2025/10,2025,10,TOYOTA,ALPHARD 3.5 豪華版 （行貨）,2021,4,55988.0,3456.0,274,7,White,Win Point Motors Limited,428000.0
2025/10,2025,10,TOYOTA,VELLFIRE 2.5 （行貨）,2021,4,38388.0,2494.0,182,7,Black,Win Point Motors Limited,378000.0
2025/10,2025,10,MERCEDES-BENZ,AMG A35 4MATIC W177,2021,4,50089.0,1991.0,306,5,Black,Win Fair Motors Limited,248000.0
2025/10,2025,10,MERCEDES-BENZ,CLA250 AMG,2015,10,68000.0,1991.0,211,5,Black,Chun Sang Motors Development Company Limited,68000.0
2025/10,2025,10,VOLVO,XC40 T4 MOMENTUM,2020,5,78000.0,1969.0,190,5,Black,Chun Sang Motors Development Company Limited,128000.0
2025/10,2025,10,TESLA,Model 3 Performance Dual Motor,2020,5,36638.0,,473,5,White,A AND S AUTOMOBILE CO. LTD,178000.0
2025/10,2025,10,MERCEDES-BENZ,S500 FACELIFT,2018,7,60000.0,2999.0,435,5,Black,Kings Motor Co,528000.0
2025/10,2025,10,FERRARI,FF,2012,13,21000.0,6262.0,660,4,Red,Kings Motor Co,968000.0
2025/10,2025,10,BMW,X4 20IA M Sport,2021,4,18000.0,2000.0,200,5,Black,A AND S AUTOMOBILE CO. LTD,368000.0
2025/10,2025,10,AUDI,S6 AVANT QUATTRO,2017,8,70000.0,3993.0,450,5,Black,A AND S AUTOMOBILE CO. LTD,198000.0
2025/10,2025,10,BMW,520 IA (G30),2020,5,53000.0,2000.0,200,5,Blue,A AND S AUTOMOBILE CO. LTD,228000.0
2025/10,2025,10,MERCEDES-BENZ,C 200 AMG,2018,7,57000.0,2000.0,200,5,White,A AND S AUTOMOBILE CO. LTD,148000.0
2025/10,2025,10,BMW,X3 XDRIVE 20IA,2021,4,34000.0,2000.0,200,5,White,A AND S AUTOMOBILE CO. LTD,248000.0
2025/10,2025,10,BMW,740 LE,2018,7,35000.0,2000.0,326,5,Black,A AND S AUTOMOBILE CO. LTD,328000.0
2025/10,2025,10,MAXUS,Mifa9 Luxury,2024,1,10.0,,252,2,Black,A AND S AUTOMOBILE CO. LTD,469000.0
2025/10,2025,10,TOYOTA,Toyota Voxy Hybrid ZS 1.8尾期,2021,4,38541.0,1800.0,160,7,Black,A AND S AUTOMOBILE CO. LTD,248000.0
2025/10,2025,10,AUDI,Q8 50 E-TRON,2023,2,4100.0,,340,5,Grey,A AND S AUTOMOBILE CO. LTD,628000.0
2025/10,2025,10,LAND ROVER,EVOQUE P250 R-DYN,2019,6,52000.0,2000.0,250,5,Others,A AND S AUTOMOBILE CO. LTD,328000.0
2025/10,2025,10,HONDA,JAZZ RS,2015,10,98932.0,1496.0,132,5,Black,Tak Lee Motors (HK) Limited,68000.0
2025/10,2025,10,PORSCHE,991.2 GT3,2018,7,19000.0,3996.0,500,2,Silver,Zhong Hwa Motors Co. Ltd,1980000.0
2025/10,2025,10,HONDA,STEPWGN1.5 TURBO SPADA,2018,7,67000.0,1500.0,150,8,Black,Royal Horse Motors Company,168000.0
2025/10,2025,10,BMW,218D GRAN TOURER DIESEL,2017,8,78730.0,1995.0,150,7,White,Tak Lee Motors (HK) Limited,128000.0
2025/10,2025,10,MERCEDES-BENZ,GLB250 4MATIC,2020,5,27000.0,2000.0,224,7,Black,Yat Chung Car Company,258000.0
2025/10,2025,10,TESLA,Model S90D Facelift,2016,9,100000.0,,518,5,Gold,Hung Wai Motor Trend Limited,148000.0
2025/10,2025,10,NISSAN,SERENA HIGHWAY STAR,2020,5,68000.0,1198.0,163,7,White,Yat Chung Car Company,169000.0
2025/10,2025,10,PORSCHE,911 CARRERA S COUPE,2013,12,42000.0,3800.0,350,4,Black,Neighbourcar Group Limited,688000.0
2025/10,2025,10,BMW,X4 xDrive20iA X-line,2019,6,57000.0,1998.0,184,5,White,Hung Wai Motor Trend Limited,198000.0
2025/10,2025,10,LAND ROVER,Discovery Sport SE 7S P240,2018,7,110000.0,1997.0,240,7,Orange,Hung Wai Motor Trend Limited,98000.0
2025/10,2025,10,PORSCHE,718 Cayman S,2017,8,49000.0,2497.0,350,2,White,Wai To Motors Ltd.,458000.0
2025/10,2025,10,BMW,320IA SALOON M SPORT EDITION,2019,6,38000.0,1998.0,184,5,Blue,Neighbourcar Group Limited,168000.0
2025/10,2025,10,PORSCHE,911 CARRERA S COUPE,2013,12,20000.0,3800.0,400,4,White,Neighbourcar Group Limited,738000.0
2025/10,2025,10,PORSCHE,911 CARRERA T,2018,7,10000.0,2981.0,370,4,Yellow,Neighbourcar Group Limited,1080000.0
2025/10,2025,10,HONDA,ODYSSEY,2021,4,74000.0,2356.0,175,7,White,Neighbourcar Group Limited,228000.0
2025/10,2025,10,TESLA,MODEL Y LONG RANGE DUAL MOTOR,2022,3,50000.0,,384,5,Grey,Neighbourcar Group Limited,238000.0
2025/10,2025,10,LEXUS,RX270,2015,10,60000.0,2672.0,188,5,Grey,Neighbourcar Group Limited,88000.0
2025/10,2025,10,LAND ROVER,DEFENDER 110 P400 X 7S,2021,4,30000.0,2996.0,400,7,Green,Neighbourcar Group Limited,868000.0
2025/10,2025,10,MERCEDES-BENZ,AMG C63 PREMIUM AUTO,2016,9,40000.0,3982.0,476,4,Grey,Neighbourcar Group Limited,398000.0
2025/10,2025,10,LEXUS,ES250,2018,7,60000.0,2487.0,207,5,Blue,Neighbourcar Group Limited,178000.0
2025/10,2025,10,BMW,740I M SPORT EDITION,2024,1,8000.0,2998.0,381,5,Black,Neighbourcar Group Limited,1480000.0
2025/10,2025,10,HONDA,STEPWGN HYBRID EX RP5,2019,6,32263.0,1993.0,245,7,White,"Ritz Automobile Co., Limited",198000.0
2025/10,2025,10,HONDA,STEPWGN HYBRID G EX,2018,7,44749.0,1993.0,245,7,White,"Ritz Automobile Co., Limited",188000.0
2025/10,2025,10,HONDA,FREED AERO G,2015,10,71000.0,1499.0,115,7,Silver,Race Art Motors Limited,69800.0
2025/10,2025,10,MERCEDES-BENZ,GLE 320,2017,8,39000.0,2996.0,272,5,Grey,Celebrity Motors Limited,168000.0
2025/10,2025,10,MERCEDES-BENZ,GLE450 4M (V167),2019,6,20000.0,2999.0,367,7,Black,Vision Motors (HK) Limited,468000.0
2025/10,2025,10,BMW,X3 xDrive20iA X-Line,2020,5,36000.0,1998.0,184,5,Grey,Hung Wai Motor Trend Limited,178000.0
2025/10,2025,10,JAGUAR,XJ 2.0 LUXURY LWB,2016,9,40000.0,1999.0,240,5,Grey,Chun Sang Motors Development Company Limited,138000.0
2025/10,2025,10,BMW,320i M SPORT EDITION,2019,6,13000.0,1998.0,184,5,Blue,Royal Horse Motors Company,168000.0
2025/10,2025,10,BMW,X3 XDRIVE20IA XLINE,2019,6,59000.0,1998.0,184,5,Grey,Royal Horse Motors Company,198000.0
2025/10,2025,10,TESLA,MODEL X 90D,2017,8,18000.0,,423,6,Red,Celebrity Motors Limited,298000.0
2025/10,2025,10,SUBARU,Forester 2.0 Eyesight,2018,7,86000.0,1995.0,156,5,Blue,Cube Motors,68000.0
2025/10,2025,10,MINI,Mini One 5-Door,2016,9,41000.0,1198.0,102,5,Silver,Autoway Motors Limited,78000.0
2025/10,2025,10,MERCEDES-BENZ,C250 Coupe AMG,2016,9,21000.0,1991.0,211,4,Blue,Hung Wai Motor Trend Limited,158000.0
2025/10,2025,10,MERCEDES-BENZ,GLE43 COUPE AMG,2018,7,54125.0,2996.0,367,5,Grey,"New Method Motors Co., Ltd.",398000.0
2025/10,2025,10,TOYOTA,VOXY HYBRID ZS,2017,8,53000.0,1800.0,136,7,Blue,Yat Chung Car Company,158000.0
2025/10,2025,10,TOYOTA,COROLLA RUMION 1.5G,2008,17,120000.0,1496.0,110,5,Black,Vision Motors (HK) Limited,30000.0
2025/10,2025,10,TESLA,Model S 70D,2016,9,80000.0,70.0,333,5,White,Vision Motors (HK) Limited,128000.0
2025/10,2025,10,MERCEDES-BENZ,C200 AMG 包圍 (W205),2015,10,80000.0,1991.0,184,5,Grey,Vision Motors (HK) Limited,78000.0
2025/10,2025,10,MERCEDES-BENZ,S400 HYBRID (V222),2014,11,32000.0,3498.0,306,2,Silver,Vision Motors (HK) Limited,188000.0
2025/10,2025,10,BMW,IX2 Edrive20 M Sport Edition,2024,1,14025.0,,204,5,Grey,Autoway Motors Limited,388000.0
2025/10,2025,10,HONDA,Civic Type - R (FK8),2018,7,42000.0,1995.0,320,4,Blue,Vision Motors (HK) Limited,378000.0
2025/10,2025,10,SUBARU,XV 2.0I-S EYESIGHT AND CVT,2022,3,57000.0,1995.0,156,5,Blue,Vision Motors (HK) Limited,108900.0
2025/10,2025,10,MERCEDES-BENZ,GLC250 4MATIC AMG,2017,8,43000.0,1991.0,211,5,Black,Cube Motors,158000.0
2025/10,2025,10,MERCEDES-BENZ,GLC250 Luxury (X253),2018,7,63000.0,1991.0,211,5,Silver,Vision Motors (HK) Limited,158000.0
2025/10,2025,10,HONDA,FREED G AERO,2016,9,40000.0,1496.0,131,7,Grey,Vision Motors (HK) Limited,79800.0
2025/10,2025,10,LEXUS,UX200,2021,4,73000.0,1987.0,173,5,White,Vision Motors (HK) Limited,168000.0
2025/10,2025,10,NISSAN,X-trail E Power,2023,2,23000.0,1497.0,213,7,Black,Vision Motors (HK) Limited,288000.0
2025/10,2025,10,BMW,320IA TOURING SPORT,2020,5,88000.0,1998.0,184,5,Black,Celebrity Motors Limited,158000.0
2025/10,2025,10,NISSAN,Qashqai plus,2015,10,63000.0,1997.0,144,5,Red,Race Art Motors Limited,60000.0
2025/10,2025,10,LAND ROVER,DISCOVERY SPORT SE 7S P240,2017,8,119458.0,1997.0,240,7,Orange,Win Fair Motors Limited,98000.0
2025/10,2025,10,PORSCHE,MACAN S,2015,10,9600.0,2997.0,340,5,Grey,Kings Motor Co,188000.0
2025/10,2025,10,TOYOTA,Alphard 2.5,2017,8,89600.0,2494.0,180,7,White,Win Point Motors Limited,178000.0
2025/10,2025,10,BMW,640iA Gran Coupe M-Sport,2016,9,37000.0,2979.0,320,4,White,Hung Wai Motor Trend Limited,108000.0
2025/10,2025,10,HONDA,Jazz RS GK5,2020,5,58000.0,1496.0,132,5,Grey,Hung Wai Motor Trend Limited,108000.0
2025/10,2025,10,FERRARI,458 SPIDER,2013,12,29000.0,4497.0,570,2,White,Neighbourcar Group Limited,1880000.0
2025/10,2025,10,MAZDA,ROADSTER RF RS,2017,8,50000.0,1997.0,155,2,White,Neighbourcar Group Limited,268000.0
2025/10,2025,10,TOYOTA,ALPHARD 3.5,2021,4,49000.0,3456.0,300,7,Black,Neighbourcar Group Limited,418000.0
2025/10,2025,10,BENTLEY,CONTINENTAL GT,2019,6,20000.0,5950.0,635,4,Blue,Neighbourcar Group Limited,1880000.0
2025/10,2025,10,TOYOTA,MRS,2003,22,70000.0,1798.0,136,2,White,Hung Wai Motor Trend Limited,68000.0
2025/10,2025,10,BYD,SEAL 3.8S AWD PERFORMANCE,2024,1,30000.0,82.0,390,5,White,Royal Horse Motors Company,238000.0
2025/10,2025,10,MERCEDES-BENZ,S500 FACELIFT,2018,7,30000.0,2999.0,435,5,Grey,Neighbourcar Group Limited,508000.0
2025/10,2025,10,TESLA,Model S P100D,2017,8,100000.0,,762,5,Grey,Royal Horse Motors Company,238000.0
2025/10,2025,10,HONDA,STEPWGN HYBRID G EX,2018,7,45568.0,1993.0,245,7,White,"Ritz Automobile Co., Limited",188000.0
2025/10,2025,10,MINI,Mini Cooper Se J01 JCW,2024,1,11235.0,65.0,258,4,Green,"New Method Motors Co., Ltd.",258000.0
2025/10,2025,10,MERCEDES-BENZ,S320 Facelift (V222),2017,8,48043.0,2996.0,272,5,Black,"New Method Motors Co., Ltd.",368000.0
2025/10,2025,10,MERCEDES-BENZ,S500L,2013,12,43233.0,4663.0,455,5,White,"New Method Motors Co., Ltd.",298000.0
2025/10,2025,10,BMW,X5 XDrive 35iA M Sport,2018,7,38825.0,2979.0,306,7,Black,"New Method Motors Co., Ltd.",298000.0
2025/10,2025,10,TOYOTA,VOXY HYBRID ZS TRD,2018,7,46936.0,1797.0,136,7,Black,"Ritz Automobile Co., Limited",188000.0
2025/10,2025,10,LAND ROVER,DISCOVERY SPORT SE 7S,2017,8,61000.0,2000.0,249,7,Black,Royal Horse Motors Company,128000.0
2025/10,2025,10,PORSCHE,Macan S,2017,8,62000.0,2997.0,340,5,Grey,Wai To Motors Ltd.,238000.0
2025/10,2025,10,MERCEDES-BENZ,A200 Facelift,2018,7,79000.0,1333.0,163,5,Red,Hung Wai Motor Trend Limited,108000.0
2025/10,2025,10,TOYOTA,Noah 2.0 (Deluxe),2020,5,47000.0,1998.0,170,7,White,Pak Yu Motors,198000.0
2025/10,2025,10,TOYOTA,Rav 4 (Deluxe),2021,4,35000.0,1987.0,173,2,White,Pak Yu Motors,188000.0
2025/10,2025,10,BMW,X3 2.0( XLine),2020,5,53000.0,2000.0,184,5,White,Pak Yu Motors,208000.0
2025/10,2025,10,BMW,330IA M SPORT EDITION,2019,6,48490.0,1998.0,258,5,White,Win Point Motors Limited,208000.0
2025/10,2025,10,MERCEDES-BENZ,A250 Sport AMG,2018,7,50000.0,1991.0,224,5,White,Hung Wai Motor Trend Limited,138000.0
2025/10,2025,10,BMW,318iA Saloon Sport,2021,4,49000.0,1998.0,156,5,Blue,Hung Wai Motor Trend Limited,168000.0
2025/10,2025,10,BMW,X5 XDRIVE40IA XLINE,2020,5,59000.0,2998.0,340,7,Black,Celebrity Motors Limited,348000.0
2025/10,2025,10,PORSCHE,911 992 CARRERA T,2023,2,2000.0,2981.0,385,4,White,Autopop Limited,2380000.0
2025/10,2025,10,PORSCHE,911 996 TARGA,2002,23,46000.0,3596.0,320,4,Black,Autopop Limited,178000.0
2025/10,2025,10,MCLAREN,570 GT,2017,8,16000.0,3799.0,570,2,Blue,Autopop Limited,1480000.0
2025/10,2025,10,BMW,1M COUPE,2012,13,16000.0,2979.0,335,4,White,Autopop Limited,468000.0
2025/10,2025,10,BMW,220 GRAN COUPE M SPORT F44,2021,4,39000.0,2000.0,184,5,Blue,Yat Chung Car Company,188000.0
2025/10,2025,10,AUDI,A5 SPORTBACK 40 TFSI,2017,8,83000.0,2000.0,190,5,White,Yat Chung Car Company,118000.0
2025/10,2025,10,NISSAN,SERENA HIGHWAY STAR VIP S-HYBRID,2019,6,60000.0,1997.0,150,8,White,Chun Sang Motors Development Company Limited,128000.0
2025/10,2025,10,MERCEDES-BENZ,E200 Facelift Premium Edition,2015,10,130000.0,1991.0,184,5,Black,Hung Wai Motor Trend Limited,49000.0
2025/10,2025,10,BMW,X1 Sdeive18iA,2019,6,63000.0,1499.0,136,5,White,Hung Wai Motor Trend Limited,88000.0
2025/10,2025,10,MERCEDES-BENZ,GLC300 4Matic,2020,5,56000.0,1991.0,258,5,Grey,Hung Wai Motor Trend Limited,248000.0
2025/10,2025,10,BMW,X7 xDrive40iA Pure Excellence,2020,5,40000.0,2998.0,333,7,Grey,Hung Wai Motor Trend Limited,688000.0
2025/10,2025,10,BMW,X5 xDrive40iA M-Sport,2020,5,45000.0,2998.0,340,7,White,Hung Wai Motor Trend Limited,378000.0
2025/10,2025,10,BMW,X3 xDrive20iA X-Line,2019,6,44000.0,1998.0,184,5,Grey,Hung Wai Motor Trend Limited,168000.0
2025/10,2025,10,MERCEDES-BENZ,C250 AMG,2014,11,117000.0,1991.0,211,5,Silver,Wai To Motors Ltd.,98000.0
2025/10,2025,10,TOYOTA,VOXY HYBRID SZ 1.8,2024,1,10.0,1800.0,170,7,White,Kings Motor Co,488000.0
2025/10,2025,10,MERCEDES-BENZ,C250 COUPE,2017,8,41000.0,1991.0,211,4,Red,Kings Motor Co,178000.0
2025/10,2025,10,TOYOTA,RAV 4 HYBRID,2022,3,31810.0,2487.0,217,5,Grey,Tak Lee Motors (HK) Limited,238000.0
2025/10,2025,10,HONDA,JAZZ 1.5 RS FACELIFT,2020,5,58769.0,1496.0,132,5,Grey,Win Fair Motors Limited,108000.0
2025/10,2025,10,TESLA,MODEL Y PERFORMANCE DUAL MOTOR,2022,3,3000.0,,371,5,White,Neighbourcar Group Limited,308000.0
2025/10,2025,10,AUDI,A5 SPORTBACK 40 TFSI,2018,7,40000.0,1984.0,190,5,Grey,Neighbourcar Group Limited,118000.0
2025/10,2025,10,AUDI,Q7 3.0 TFSI Quattro,2012,13,140000.0,2995.0,333,7,Black,Hung Wai Motor Trend Limited,45000.0
2025/10,2025,10,MERCEDES-BENZ,E200 AMG Facelife,2020,5,14600.0,1991.0,197,5,White,Autoway Motors Limited,278000.0
2025/10,2025,10,BMW,528IA GRAN TURISMO,2013,12,111168.0,1997.0,245,5,Grey,Autoway Motors Limited,58000.0
2025/10,2025,10,TOYOTA,Spade 1.5G,2014,11,60000.0,1496.0,109,5,White,Hung Wai Motor Trend Limited,59000.0
2025/10,2025,10,LAND ROVER,Discovery 4 3.0 SDV6,2015,10,110000.0,2993.0,255,5,Grey,Hung Wai Motor Trend Limited,118000.0
2025/10,2025,10,MERCEDES-BENZ,C43 AMG 4Matic,2017,8,87000.0,2996.0,367,5,Silver,Hung Wai Motor Trend Limited,138000.0
2025/10,2025,10,TOYOTA,Previa,2016,9,98000.0,2362.0,170,7,White,Hung Wai Motor Trend Limited,118000.0
2025/10,2025,10,MERCEDES-BENZ,A200 1.3Turbo,2018,7,79265.0,1332.0,163,5,Red,Win Fair Motors Limited,108000.0
2025/10,2025,10,TOYOTA,ALPHARD 350 EL FACELIFT,2019,6,72776.0,3456.0,300,7,Gold,Tak Lee Motors (HK) Limited,398000.0
2025/10,2025,10,MERCEDES-BENZ,E43 AMG,2017,8,29000.0,2996.0,401,5,Black,Celebrity Motors Limited,268000.0
2025/10,2025,10,LAND ROVER,DISCOVERY SPT SE 7S,2019,6,43000.0,1997.0,240,7,White,Celebrity Motors Limited,128000.0
2025/10,2025,10,MERCEDES-BENZ,C43 AMG FACELIFT,2019,6,73000.0,3000.0,390,5,White,Yat Chung Car Company,248000.0
2025/10,2025,10,NISSAN,Serena Highway Star VIP S-Hybrid,2017,8,45766.0,1997.0,150,8,White,Win Fair Motors Limited,98000.0
2025/10,2025,10,TOYOTA,NOAH DELUXE,2019,6,8000.0,1987.0,152,7,Purple,Celebrity Motors Limited,188000.0
2025/10,2025,10,TOYOTA,Alphard 3.5 (SC),2019,6,47000.0,3500.0,301,7,Brown,Pak Yu Motors,368000.0
2025/10,2025,10,BMW,218i Active Tourer,2017,8,14000.0,1499.0,136,5,White,Race Art Motors Limited,95000.0
2025/10,2025,10,MERCEDES-BENZ,B 220,2019,6,68000.0,1991.0,190,5,Grey,Race Art Motors Limited,128000.0
2025/10,2025,10,BMW,X3 xDrive20iA X-Line,2019,6,64000.0,1998.0,184,5,Blue,Hung Wai Motor Trend Limited,148000.0
2025/10,2025,10,TOYOTA,Vellfire 3.5,2014,11,98000.0,3456.0,274,7,Black,Hung Wai Motor Trend Limited,88000.0
2025/10,2025,10,MERCEDES-BENZ,C43 AMG Facelift,2020,5,48000.0,2998.0,390,5,White,Hung Wai Motor Trend Limited,278000.0
2025/10,2025,10,BMW,520IA SALOON M SPORT EDITION,2019,6,39633.0,1998.0,184,5,Black,Win Point Motors Limited,158000.0
2025/10,2025,10,TESLA,Model 3 Performance,2021,4,25000.0,155.0,450,5,Grey,Win Point Motors Limited,198000.0
2025/10,2025,10,MERCEDES-BENZ,GLE450 AMG Coupe,2015,10,155832.0,2996.0,367,5,Grey,Win Fair Motors Limited,168000.0
2025/10,2025,10,MERCEDES-BENZ,AMG C43 4MATIC FACELIFT W205,2019,6,48119.0,2996.0,390,5,White,Win Fair Motors Limited,278000.0
2025/10,2025,10,TESLA,MODEL 3 PERFORMANCE 雙摩打 四輪驅動,2021,4,67502.0,155.0,473,5,White,Win Fair Motors Limited,178000.0
2025/10,2025,10,TOYOTA,ALPHARD Z 250,2025,0,18.0,2493.0,182,7,Black,"Ritz Automobile Co., Limited",688000.0
2025/10,2025,10,SUZUKI,Swift 1.0T 2WD 6AT,2019,6,51000.0,998.0,111,5,Red,Hung Wai Motor Trend Limited,68000.0
2025/09,2025,9,HONDA,Freed GB5,2018,7,55000.0,1496.0,131,7,Blue,Hung Wai Motor Trend Limited,108000.0
2025/09,2025,9,BYD,Dolphin Premium Extended,2023,2,49000.0,,204,5,White,Hung Wai Motor Trend Limited,139000.0
2025/09,2025,9,NISSAN,Qashqai Turbo,2020,5,58000.0,1332.0,160,5,Grey,Hung Wai Motor Trend Limited,103800.0
2025/09,2025,9,MERCEDES-BENZ,C200 AMG Estate,2017,8,58000.0,1991.0,184,5,Red,Hung Wai Motor Trend Limited,99800.0
2025/09,2025,9,FERRARI,458 ITALIA,2012,13,37000.0,4497.0,570,2,Red,Celebrity Motors Limited,1280000.0
2025/09,2025,9,AUDI,A3 Sportback 40 TFSI,2020,5,32000.0,1984.0,190,5,Grey,Vision Motors (HK) Limited,128000.0
2025/09,2025,9,SUBARU,CROSSTREK 2.0I-S EYESIGHT AWD CVT,2023,2,25000.0,1995.0,156,5,Grey,Vision Motors (HK) Limited,168000.0
2025/09,2025,9,SUBARU,BRZ,2018,7,21000.0,1998.0,228,4,Blue,Vision Motors (HK) Limited,168000.0
2025/09,2025,9,LEXUS,LM350,2021,4,75000.0,3456.0,274,7,White,Vision Motors (HK) Limited,728000.0
2025/09,2025,9,TOYOTA,Vellfire Z Premier 2.4T,2025,0,1000.0,2393.0,279,7,White,Vision Motors (HK) Limited,858000.0
2025/09,2025,9,NISSAN,Serena E-Power Highway Star VIP,2020,5,57000.0,1198.0,136,7,White,Vision Motors (HK) Limited,158000.0
2025/09,2025,9,MERCEDES-BENZ,GLC300 AMG 4Matic Facelift (X253),2021,4,34000.0,1991.0,258,5,Silver,Vision Motors (HK) Limited,348000.0
2025/09,2025,9,PORSCHE,Cayenne Coupe,2021,4,20000.0,3000.0,340,5,Orange,Deluxe ( China ) Motors Company Limited,758000.0
2025/09,2025,9,LAND ROVER,Rangerover P525 5.0,2018,7,40800.0,5000.0,525,5,Black,Deluxe ( China ) Motors Company Limited,768000.0
2025/09,2025,9,NISSAN,Serena E-Power,2020,5,93000.0,1200.0,136,7,Black,Deluxe ( China ) Motors Company Limited,148000.0
2025/09,2025,9,TOYOTA,Alphard 2.5 Z全新,2025,0,88.0,2500.0,185,7,Black,Deluxe ( China ) Motors Company Limited,698000.0
2025/09,2025,9,TOYOTA,Vellfire 350,2023,2,6000.0,2400.0,278,7,Black,Deluxe ( China ) Motors Company Limited,758000.0
2025/09,2025,9,TESLA,Mobel Y SR,2021,4,69000.0,75.0,400,5,Blue,Deluxe ( China ) Motors Company Limited,198000.0
2025/09,2025,9,LAND ROVER,Rangerover P525 AB LWB,2019,6,38000.0,5000.0,525,5,Others,Deluxe ( China ) Motors Company Limited,998000.0
2025/09,2025,9,BENTLEY,Bentayga,2019,6,48000.0,4000.0,550,5,Black,Deluxe ( China ) Motors Company Limited,1388000.0
2025/09,2025,9,LEXUS,NX300h,2014,11,74000.0,2500.0,197,5,Black,Yat Chung Car Company,128000.0
2025/09,2025,9,TESLA,Model 3 performance,2024,1,2800.0,79.0,460,5,Grey,Deluxe ( China ) Motors Company Limited,318000.0
2025/09,2025,9,AUDI,Q5 45 TFSI QUATTRO,2017,8,48000.0,1984.0,252,5,White,Neighbourcar Group Limited,148000.0
2025/09,2025,9,HONDA,JAZZ,2023,2,20000.0,1498.0,122,5,Grey,Neighbourcar Group Limited,168000.0
2025/09,2025,9,FERRARI,458 SPIDER,2013,12,29000.0,4497.0,570,2,White,Neighbourcar Group Limited,1880000.0
2025/09,2025,9,MERCEDES-BENZ,GLC300 4MATIC,2021,4,60000.0,1991.0,258,5,Blue,Cube Motors,308000.0
2025/09,2025,9,PORSCHE,Macan S,2017,8,87000.0,2997.0,340,5,Black,Cube Motors,198000.0
2025/09,2025,9,FERRARI,California,2010,15,43000.0,4297.0,460,2,Black,Wai To Motors Ltd.,468000.0
2025/09,2025,9,PORSCHE,911 CARRERA 4S COUPE,2019,6,38000.0,2981.0,450,4,White,Neighbourcar Group Limited,1780000.0
2025/09,2025,9,HONDA,FREED 1.5,2017,8,83364.0,1496.0,131,7,Grey,Tak Lee Motors (HK) Limited,98000.0
2025/09,2025,9,TOYOTA,ALPHARD 3.5GF,2020,5,41000.0,3500.0,300,7,Black,Yat Chung Car Company,418000.0
2025/09,2025,9,BMW,218i ACTIVE TOURER,2018,7,50000.0,1500.0,140,5,Brown,Yat Chung Car Company,79000.0
2025/09,2025,9,MERCEDES-BENZ,GLC250 COUPE AMG,2018,7,50000.0,1991.0,211,5,Grey,Yat Chung Car Company,189000.0
2025/09,2025,9,TOYOTA,Esquire Gi Deluxe,2018,7,47000.0,1800.0,152,7,Black,Yat Chung Car Company,178000.0
2025/09,2025,9,LEXUS,ES250 PREMIUM,2018,7,78705.0,2487.0,207,5,Grey,Win Fair Motors Limited,168000.0
2025/09,2025,9,MERCEDES-BENZ,GLC250 COUPE,2018,7,41000.0,1991.0,211,5,Grey,Celebrity Motors Limited,188000.0
2025/09,2025,9,TOYOTA,VRLLFIRE 3.5,2016,9,60000.0,3500.0,274,7,White,Celebrity Motors Limited,199000.0
2025/09,2025,9,FERRARI,California T,2016,9,70000.0,3855.0,560,4,Red,Hung Wai Motor Trend Limited,848000.0
2025/09,2025,9,BMW,X5 xDrive40iA M Sport,2020,5,27000.0,2998.0,340,7,Grey,Cube Motors,438000.0
2025/09,2025,9,MERCEDES-BENZ,GLB250 4MATIC,2020,5,38000.0,1991.0,224,7,White,Cube Motors,248000.0
2025/09,2025,9,HONDA,Odyssey Premium 2.4,2020,5,36015.0,2356.0,185,7,Black,"New Method Motors Co., Ltd.",168000.0
2025/09,2025,9,MERCEDES-BENZ,CLA35 AMG,2020,5,54000.0,1991.0,306,5,Grey,Cube Motors,328000.0
2025/09,2025,9,MERCEDES-BENZ,GLB250 AMG 4MATIC,2021,4,22000.0,1991.0,224,7,Blue,Cube Motors,278000.0
2025/09,2025,9,MERCEDES-BENZ,GLC300 4MATIC,2025,0,3800.0,1999.0,258,5,White,Cube Motors,538000.0
2025/09,2025,9,MERCEDES-BENZ,C300 Cabriolet Facelift,2018,7,39400.0,1991.0,255,4,Grey,"New Method Motors Co., Ltd.",298000.0
2025/09,2025,9,TOYOTA,COROLLA TOURING HYBRID WXB,2020,5,66844.0,1797.0,170,5,White,"Ritz Automobile Co., Limited",178000.0
2025/09,2025,9,LAND ROVER,Discovery 4 3.0 SDV6,2017,8,46000.0,2993.0,255,5,White,Hung Wai Motor Trend Limited,148000.0
2025/09,2025,9,MERCEDES-BENZ,E300 AMG Coupe,2018,7,45000.0,1991.0,245,4,Black,Hung Wai Motor Trend Limited,218000.0
2025/09,2025,9,FORD,Ranger 3.2D,2015,10,150000.0,3198.0,200,5,Black,Hung Wai Motor Trend Limited,68000.0
2025/09,2025,9,PORSCHE,MACAN,2015,10,23000.0,1984.0,237,5,White,Royal Horse Motors Company,178000.0
2025/09,2025,9,PORSCHE,CAYENNE GTS FACELIFT,2016,9,58000.0,3606.0,440,5,Grey,Royal Horse Motors Company,398000.0
2025/09,2025,9,MAZDA,Cx-8 2.5 I-PLUS,2020,5,83000.0,2500.0,194,7,Grey,Royal Horse Motors Company,138000.0
2025/09,2025,9,HONDA,VEZEL EX 1.5,2021,4,3562.0,1496.0,131,5,Black,Tak Lee Motors (HK) Limited,138000.0
2025/09,2025,9,BENTLEY,Bentayga EWB V8,2023,2,12050.0,3996.0,550,5,White,"New Method Motors Co., Ltd.",3680000.0
2025/09,2025,9,BMW,X3 XDRIVE20IA XLINE,2019,6,92940.0,1998.0,184,5,Brown,"New Method Motors Co., Ltd.",168000.0
2025/09,2025,9,TOYOTA,Alphard 2.5 SC,2019,6,42389.0,2493.0,180,7,Purple,"New Method Motors Co., Ltd.",368000.0
2025/09,2025,9,BMW,330IA M SPORT,2020,5,12000.0,2000.0,258,5,Black,A AND S AUTOMOBILE CO. LTD,248000.0
2025/09,2025,9,AUDI,S5 SPORTBACK QUATTRO,2019,6,35000.0,2995.0,333,5,Blue,A AND S AUTOMOBILE CO. LTD,298000.0
2025/09,2025,9,AUDI,S6 AVANT QUATTRO,2017,8,85000.0,3993.0,458,5,Black,A AND S AUTOMOBILE CO. LTD,198000.0
2025/09,2025,9,BMW,Z4 sDrive20iA Roadster M Sport,2014,11,39990.0,1997.0,184,2,Black,"New Method Motors Co., Ltd.",148000.0
2025/09,2025,9,TOYOTA,VELLFIRE 3.5,2018,7,40000.0,3500.0,310,7,Black,A AND S AUTOMOBILE CO. LTD,328000.0
2025/09,2025,9,FERRARI,California T,2015,10,13500.0,3855.0,560,4,White,"New Method Motors Co., Ltd.",1180000.0
2025/09,2025,9,TOYOTA,Alphard 250,2024,1,59.0,2493.0,182,7,Black,"New Method Motors Co., Ltd.",788000.0
2025/09,2025,9,TOYOTA,ALPHARD 3.5,2017,8,49000.0,3500.0,280,7,Black,A AND S AUTOMOBILE CO. LTD,298000.0
2025/09,2025,9,BMW,X1,2018,7,70000.0,1500.0,150,5,Black,A AND S AUTOMOBILE CO. LTD,98000.0
2025/09,2025,9,TOYOTA,Alphard,2017,8,79000.0,3456.0,270,7,Black,A AND S AUTOMOBILE CO. LTD,278000.0
2025/09,2025,9,TOYOTA,ALPHARD 250 Z,2024,1,96.0,2493.0,182,7,Black,"Ritz Automobile Co., Limited",648000.0
2025/09,2025,9,HONDA,FIT RS,2011,14,200000.0,1496.0,120,5,Black,Vision Motors (HK) Limited,29800.0
2025/09,2025,9,HONDA,Stream RS 1.8,2013,12,73000.0,1800.0,140,7,Grey,Vision Motors (HK) Limited,39800.0
2025/09,2025,9,LEXUS,NX300,2018,7,68000.0,1998.0,238,5,Grey,Cube Motors,168000.0
2025/09,2025,9,HONDA,Freed,2020,5,22000.0,1496.0,131,7,Silver,Vision Motors (HK) Limited,118000.0
2025/09,2025,9,PORSCHE,Taycan,2022,3,28888.0,,408,5,Grey,Vision Motors (HK) Limited,788000.0
2025/09,2025,9,AUDI,Q7 45 TFSI Quattro,2018,7,76000.0,2995.0,333,7,Black,Vision Motors (HK) Limited,168000.0
2025/09,2025,9,SUBARU,Impreza STI 2.5 6MT,2007,18,120000.0,2457.0,300,5,Silver,Vision Motors (HK) Limited,168000.0
2025/09,2025,9,BMW,X3 XDrive20IA Xline (G01),2019,6,34000.0,1998.0,184,5,Blue,Vision Motors (HK) Limited,168000.0
2025/09,2025,9,TOYOTA,Sienta,2023,2,12000.0,1490.0,119,7,Grey,Vision Motors (HK) Limited,198000.0
2025/09,2025,9,HONDA,Odyssey,2017,8,39000.0,2356.0,185,7,Grey,Vision Motors (HK) Limited,138000.0
2025/09,2025,9,MERCEDES-BENZ,C200 AMG Edition (W206),2022,3,36000.0,1496.0,204,5,Grey,Vision Motors (HK) Limited,308000.0
2025/09,2025,9,LEXUS,IS300H,2015,10,110000.0,2493.0,181,5,Grey,Vision Motors (HK) Limited,98000.0
2025/09,2025,9,SUZUKI,Jimny 1.5 4WD,2023,2,19000.0,1462.0,102,4,Grey,Cube Motors,168000.0
2025/09,2025,9,MERCEDES-BENZ,E200 AMG FACELIFT,2021,4,39000.0,1991.0,197,5,Silver,Celebrity Motors Limited,278000.0
2025/09,2025,9,MERCEDES-BENZ,GLB250 4MATIC,2020,5,10000.0,2000.0,224,7,Black,Yat Chung Car Company,258000.0
2025/09,2025,9,MERCEDES-BENZ,A180 AMG,2022,3,15000.0,1400.0,136,5,Grey,Yat Chung Car Company,188000.0
2025/09,2025,9,KIA,Sorento GT-Line,2021,4,59000.0,2497.0,180,7,White,Hung Wai Motor Trend Limited,169000.0
2025/09,2025,9,TOYOTA,NOAH DELUXE,2022,3,31000.0,2000.0,170,7,Silver,Yat Chung Car Company,269000.0
2025/09,2025,9,BMW,320i Grand Turismo,2016,9,63000.0,2000.0,184,5,Grey,Race Art Motors Limited,89000.0
2025/09,2025,9,TOYOTA,ALPHARD 250 FACELIFT,2020,5,64000.0,2500.0,182,7,White,Yat Chung Car Company,288000.0
2025/09,2025,9,TOYOTA,VELLFIRE Z VERSION,2017,8,62000.0,2500.0,182,7,White,Yat Chung Car Company,188000.0
2025/09,2025,9,BMW,IX1 M SPORT EDITION,2024,1,25639.0,,204,5,Black,Autoway Motors Limited,348000.0
2025/09,2025,9,AUDI,A4 AVANT 40 TFSI,2017,8,67000.0,1984.0,190,5,Black,Celebrity Motors Limited,78000.0
2025/09,2025,9,BMW,M2 COUPE G87,2024,1,1800.0,2993.0,453,4,Blue,Autopop Limited,998000.0
2025/09,2025,9,AUDI,A3 1.4T Sedan S-Line 35TFSI,2021,4,32000.0,1498.0,150,5,Blue,Wai To Motors Ltd.,168000.0
2025/09,2025,9,PORSCHE,Cayenne S,2019,6,41000.0,2894.0,440,5,Black,Hung Wai Motor Trend Limited,588000.0
2025/09,2025,9,VOLVO,XC90 T6 Momentum,2015,10,100000.0,1969.0,320,7,Silver,Hung Wai Motor Trend Limited,118000.0
2025/09,2025,9,NISSAN,Elgrand 250HWS AVM,2021,4,29548.0,2487.0,170,7,Grey,Win Point Motors Limited,208000.0
2025/09,2025,9,TOYOTA,Alphard 3.5 （GF),2015,10,97000.0,3500.0,280,7,Silver,Pak Yu Motors,218000.0
2025/09,2025,9,MAZDA,Mx5 Roadster (RF),2018,7,59000.0,1998.0,184,2,Grey,Pak Yu Motors,218000.0
2025/09,2025,9,LAND ROVER,Discovery Sport SE 7S P240,2019,6,70000.0,1997.0,240,7,Blue,Hung Wai Motor Trend Limited,108000.0
2025/09,2025,9,BMW,X3 XDRIVE20D 油渣,2017,8,91988.0,1995.0,190,5,White,Win Point Motors Limited,218000.0
2025/09,2025,9,BENTLEY,CONTINENTAL GT W12,2013,12,55000.0,6000.0,625,4,White,Great Motors Limited,648000.0
2025/09,2025,9,BMW,IX3 M SPORT EDITION,2022,3,52000.0,,286,5,Black,Great Motors Limited,318000.0
2025/09,2025,9,MERCEDES-BENZ,E200 Avantgarde Facelift,2017,8,67000.0,1991.0,184,5,Grey,Hung Wai Motor Trend Limited,118000.0
2025/09,2025,9,MINI,COOPER S ROADSTER AUTOMATIC OXFORD,2012,13,51000.0,1600.0,184,2,Grey,Great Motors Limited,128000.0
2025/09,2025,9,MERCEDES-BENZ,EQE 350+,2022,3,26000.0,,292,5,Black,Great Motors Limited,468000.0
2025/09,2025,9,PORSCHE,911 992 CARRERA S,2022,3,4000.0,2981.0,443,4,Black,Autopop Limited,2380000.0
2025/09,2025,9,PORSCHE,911 991.1 GT3 RS,2016,9,14000.0,3996.0,500,2,Silver,Autopop Limited,1630000.0
2025/09,2025,9,MERCEDES-BENZ,GLA250 4MATIC AMG,2014,11,53000.0,1991.0,211,5,White,Royal Horse Motors Company,78000.0
2025/09,2025,9,TOYOTA,GT86,2015,10,60000.0,1998.0,200,4,Black,Neighbourcar Group Limited,138000.0
2025/09,2025,9,TESLA,MODEL 3 LONG RANGE DUAL MOTOR,2024,1,20000.0,,346,5,Black,Neighbourcar Group Limited,238000.0
2025/09,2025,9,BMW,220IA COUPE M SPORT EDITION,2022,3,2000.0,1998.0,178,4,Purple,Neighbourcar Group Limited,318000.0
2025/09,2025,9,TESLA,MODEL S 90 KWH DUAL MOTOR,2016,9,99000.0,,0,5,Black,Neighbourcar Group Limited,138000.0
2025/09,2025,9,TOYOTA,ALPHARD SC 3.5,2020,5,38000.0,3456.0,301,7,White,Neighbourcar Group Limited,438000.0
2025/09,2025,9,PORSCHE,911 CARRERA S COUPE,2012,13,70000.0,3800.0,400,4,Green,Neighbourcar Group Limited,608000.0
2025/09,2025,9,MERCEDES-BENZ,SLC200,2016,9,50000.0,1991.0,184,2,Silver,Neighbourcar Group Limited,168000.0
2025/09,2025,9,FORD,MUSTANG 2.3 ECO 6AT,2016,9,100000.0,2261.0,314,4,Yellow,Neighbourcar Group Limited,168000.0
2025/09,2025,9,MERCEDES-BENZ,CLS450 4MATIC,2018,7,40000.0,2999.0,367,5,Silver,Neighbourcar Group Limited,328000.0
2025/09,2025,9,NISSAN,GT-R BLACK EDITION,2008,17,60000.0,3799.0,480,4,Black,Neighbourcar Group Limited,448000.0
2025/09,2025,9,MCLAREN,570S COUPE,2016,9,19000.0,3799.0,570,2,Black,Neighbourcar Group Limited,1280000.0
2025/09,2025,9,NISSAN,SERENA E-POWER HIGHWAY STAR VIP,2020,5,20000.0,1198.0,136,7,Grey,Neighbourcar Group Limited,208000.0
2025/09,2025,9,LOTUS,ELISE SPORT 220 HERITANG EDITION,2020,5,10000.0,1798.0,220,2,Blue,Neighbourcar Group Limited,608000.0
2025/09,2025,9,MERCEDES-BENZ,E200 AMG FACELIFT,2021,4,60000.0,1991.0,197,5,Grey,Royal Horse Motors Company,298000.0
2025/09,2025,9,NISSAN,SERENA E-POWER HIGHWAY STAR VIP,2022,3,42000.0,1198.0,136,7,Black,Royal Horse Motors Company,248000.0
2025/09,2025,9,BMW,218i ACTIVE TOURER,2016,9,70000.0,1500.0,136,5,Grey,Royal Horse Motors Company,68000.0
2025/09,2025,9,KIA,Carnival Diesel (Platinum),2023,2,56000.0,2151.0,202,2,Grey,Pak Yu Motors,198000.0
2025/09,2025,9,TOYOTA,Prius 1.8,2016,9,92000.0,1800.0,132,5,Grey,A AND S AUTOMOBILE CO. LTD,108000.0
2025/09,2025,9,LEXUS,UX200,2020,5,54855.0,1987.0,173,5,Green,Tak Lee Motors (HK) Limited,158000.0
2025/09,2025,9,BMW,X1 SDRIVE 18D,2017,8,70000.0,1995.0,150,5,White,Race Art Motors Limited,148000.0
2025/09,2025,9,ASTON MARTIN,DB11 V12,2017,8,6300.0,5204.0,630,4,Orange,Wai To Motors Ltd.,1330000.0
2025/09,2025,9,HONDA,Odyssey Luxury,2021,4,36000.0,2400.0,175,7,Black,Race Art Motors Limited,225000.0
2025/09,2025,9,TOYOTA,GR YARIS RC,2022,3,14000.0,1618.0,261,2,Silver,Autopop Limited,418000.0
2025/09,2025,9,MERCEDES-BENZ,V260 AMG Exclusive Extra Long,2019,6,120000.0,1991.0,211,7,Black,Cube Motors,218000.0
2025/09,2025,9,PORSCHE,CAYENNE COUPE FACELIFT,2023,2,5000.0,2995.0,350,5,White,Autopop Limited,1380000.0
2025/09,2025,9,LEXUS,LS500,2018,7,20000.0,3445.0,416,5,Red,Autopop Limited,598000.0
2025/09,2025,9,BMW,E92 M3 COUPE,2013,12,30000.0,3999.0,420,4,Grey,Autopop Limited,468000.0
2025/09,2025,9,MERCEDES-BENZ,AMG GTR,2018,7,13000.0,3982.0,585,2,Green,Autopop Limited,1380000.0
2025/09,2025,9,PORSCHE,911 991.2 CARRERA S,2016,9,35000.0,2980.0,420,4,White,Autopop Limited,1080000.0
2025/09,2025,9,MITSUBISHI,EVOLUTION X,2014,11,56000.0,1998.0,295,5,White,Autopop Limited,298000.0
2025/09,2025,9,PORSCHE,911 997 TARGA 4S,2007,18,57000.0,3824.0,355,4,Black,Autopop Limited,428000.0
2025/09,2025,9,FERRARI,CALIFORNIA T,2015,10,25000.0,3855.0,553,4,Red,Autopop Limited,1280000.0
2025/09,2025,9,BMW,120iA M-Sport Edition,2015,10,67000.0,1598.0,177,5,White,Hung Wai Motor Trend Limited,58000.0
2025/09,2025,9,BMW,520iA M-Sport,2019,6,58000.0,1998.0,184,5,White,Hung Wai Motor Trend Limited,138000.0
2025/09,2025,9,AUDI,Q7 40 TFSI QUATTRO,2017,8,74000.0,1984.0,252,7,Brown,Celebrity Motors Limited,168000.0
2025/09,2025,9,BMW,X7 xDrive40iA Pure Excellence,2019,6,60000.0,2998.0,333,7,White,Hung Wai Motor Trend Limited,638000.0
2025/09,2025,9,AUDI,RS6 Avant,2014,11,70000.0,3993.0,560,5,Grey,Hung Wai Motor Trend Limited,288000.0
2025/09,2025,9,BMW,630i Gran Turismo M SPORT Mild Hybrid,2021,4,67173.0,1998.0,258,5,Black,Tak Lee Motors (HK) Limited,368000.0
2025/09,2025,9,BMW,X1 SDRIVE20IA,2016,9,55409.0,1998.0,192,5,Brown,Win Point Motors Limited,68800.0
2025/09,2025,9,MAZDA,MX5 Roadster S Special Edition,2015,10,64000.0,1496.0,131,2,Grey,Wai To Motors Ltd.,158000.0
2025/09,2025,9,BMW,520IA,2018,7,55000.0,1998.0,190,5,Grey,Win Point Motors Limited,118000.0
2025/09,2025,9,TESLA,Model Y Performance,2022,3,7566.0,,460,5,Yellow,Win Point Motors Limited,298000.0
2025/09,2025,9,BMW,520IA M SPORT EDITION,2019,6,29764.0,1998.0,184,5,Grey,Win Point Motors Limited,158000.0
2025/09,2025,9,TOYOTA,COROLLA TOURING WXB,2021,4,18351.0,1797.0,170,5,White,Supreme Motors Limited,178000.0
2025/09,2025,9,BYD,Seal 3.8s AWD Performance,2024,1,18000.0,,390,5,Blue,Hung Wai Motor Trend Limited,238000.0
2025/09,2025,9,LAND ROVER,Velar R-Dynamic P250,2019,6,38000.0,1997.0,250,5,Grey,Hung Wai Motor Trend Limited,278000.0
2025/09,2025,9,MERCEDES-BENZ,S320 FACELIFT,2018,7,42000.0,2996.0,272,5,Black,Celebrity Motors Limited,288000.0
2025/09,2025,9,PORSCHE,718 Cayman GTS,2018,7,43000.0,2497.0,365,2,Grey,Wai To Motors Ltd.,778000.0
2025/09,2025,9,PORSCHE,MACAN GTS,2020,5,37000.0,2894.0,375,5,Grey,Wai To Motors Ltd.,638000.0
2025/09,2025,9,BMW,X1 18iA (M-Sport ),2019,6,37000.0,1500.0,134,5,Grey,Pak Yu Motors,138000.0
2025/09,2025,9,BMW,120 i (M-Sport),2018,7,76000.0,2000.0,184,5,Blue,Pak Yu Motors,88000.0
2025/09,2025,9,TOYOTA,Vellfire 3.5 (行貨）,2015,10,100000.0,3500.0,280,7,Black,Pak Yu Motors,168000.0
2025/09,2025,9,AUDI,Q3 35 TFSI,2021,4,66000.0,1498.0,150,5,Black,Vision Motors (HK) Limited,178000.0
2025/09,2025,9,HONDA,Jazz EHEV,2021,4,70000.0,1496.0,98,5,Red,Vision Motors (HK) Limited,128000.0
2025/09,2025,9,BMW,Z4 SDrive28i M Sport 6MT,2012,13,40488.0,1997.0,245,2,Yellow,Win Fair Motors Limited,128000.0
2025/09,2025,9,MCLAREN,625C Spider,2014,11,25000.0,3799.0,625,2,Orange,Wai To Motors Ltd.,1080000.0
2025/09,2025,9,MERCEDES-BENZ,B200,2020,5,49000.0,1332.0,163,5,Black,Wai To Motors Ltd.,158000.0
2025/09,2025,9,PORSCHE,Taycan 4 Cross Turismo,2022,3,34000.0,,380,5,Black,Wai To Motors Ltd.,968000.0
2025/09,2025,9,BMW,I5 EDRIVE40 M SPORT,2023,2,30.0,,340,5,Red,Wai To Motors Ltd.,728000.0
2025/09,2025,9,TOYOTA,GR86 RC,2024,1,40.0,2387.0,235,4,Grey,Wai To Motors Ltd.,298000.0
2025/09,2025,9,PORSCHE,Boxster 981,2014,11,48000.0,2706.0,265,2,White,Hung Wai Motor Trend Limited,248000.0
2025/09,2025,9,MERCEDES-BENZ,S500,2015,10,83000.0,4663.0,455,5,Black,Kings Motor Co,248000.0
2025/09,2025,9,AUDI,TTRS COUPE QUATTRO,2022,3,4800.0,2480.0,400,4,Blue,Kings Motor Co,628000.0
2025/09,2025,9,TOYOTA,ESTIMA HYBRID,2013,12,89000.0,2362.0,170,7,Black,Kings Motor Co,98000.0
2025/09,2025,9,BMW,M5 F90,2018,7,55000.0,4395.0,660,5,White,Kings Motor Co,568000.0
2025/09,2025,9,BMW,320D GRAN TURISMO,2017,8,77000.0,1995.0,190,5,Silver,Kings Motor Co,178000.0
2025/09,2025,9,TOYOTA,VOXY HYBRID SZ 1.8,2022,3,31000.0,1797.0,170,7,White,Kings Motor Co,398000.0
2025/09,2025,9,PORSCHE,911 CARRERA C2S COUPE,2012,13,30000.0,3800.0,400,4,Black,Kings Motor Co,688000.0
2025/09,2025,9,LAMBORGHINI,SVJ,2019,6,1800.0,6498.0,759,2,Black,Zhong Hwa Motors Co. Ltd,4380000.0
2025/09,2025,9,ASTON MARTIN,Vanqnish,2015,10,25000.0,5935.0,568,2,Grey,Zhong Hwa Motors Co. Ltd,1280000.0
2025/09,2025,9,BENTLEY,BENTAYGA,2017,8,19000.0,5950.0,608,5,Grey,Zhong Hwa Motors Co. Ltd,2388000.0
2025/09,2025,9,LEXUS,ISF,2008,17,52000.0,4968.0,423,4,White,Zhong Hwa Motors Co. Ltd,268000.0
2025/09,2025,9,FORD,MUSTANG SHELBY GT500,2013,12,11000.0,5800.0,662,4,Blue,Zhong Hwa Motors Co. Ltd,728000.0
2025/09,2025,9,PORSCHE,964,1991,34,88000.0,3600.0,250,4,Purple,Zhong Hwa Motors Co. Ltd,688000.0
2025/09,2025,9,MERCEDES-BENZ,AMG A45,2013,12,33000.0,1991.0,360,5,White,Zhong Hwa Motors Co. Ltd,338000.0
2025/09,2025,9,NISSAN,GTR NISMO,2017,8,1100.0,3799.0,600,2,White,Zhong Hwa Motors Co. Ltd,2480000.0
2025/09,2025,9,MAXUS,MIFA 9 PREMIUM,2024,1,10000.0,,252,7,Black,Celebrity Motors Limited,398000.0
2025/09,2025,9,LAMBORGHINI,AVENTADOR LP700-4,2012,13,11000.0,6498.0,700,2,Yellow,Zhong Hwa Motors Co. Ltd,2180000.0
2025/09,2025,9,FERRARI,F8 tributo,2020,5,7800.0,3902.0,720,2,Red,Zhong Hwa Motors Co. Ltd,3680000.0
2025/09,2025,9,PORSCHE,991 GT3,2014,11,31000.0,3996.0,420,2,Red,Zhong Hwa Motors Co. Ltd,1280000.0
2025/09,2025,9,MERCEDES-BENZ,G63,2020,5,21000.0,3996.0,580,2,White,Zhong Hwa Motors Co. Ltd,2380000.0
2025/09,2025,9,TOYOTA,Vellfire 2.5,2017,8,86000.0,2493.0,180,7,White,Cube Motors Limited,238000.0
2025/09,2025,9,MINI,Cooper S Countryman,2019,6,34661.0,1998.0,184,5,Grey,Win Point Motors Limited,158000.0
2025/09,2025,9,TOYOTA,Vellfire 3.5 VL Modellista,2017,8,55000.0,3456.0,280,7,Black,Hung Wai Motor Trend Limited,248000.0
2025/09,2025,9,BMW,318IA SALOON SPORT,2020,5,104750.0,1998.0,156,5,White,Win Point Motors Limited,118000.0
2025/09,2025,9,TOYOTA,Alphard 2.5 SC,2020,5,18391.0,2493.0,185,7,White,Supreme Motors Limited,378000.0
2025/09,2025,9,MERCEDES-BENZ,E53 AMG 4M,2019,6,6178.0,2999.0,435,5,White,Win Point Motors Limited,378000.0
2025/09,2025,9,TOYOTA,Alphard SC,2020,5,18342.0,2493.0,185,7,White,Supreme Motors Limited,378000.0
2025/09,2025,9,HONDA,Civic FD2 Type R,2009,16,100000.0,1998.0,225,5,White,Hung Wai Motor Trend Limited,188000.0
2025/09,2025,9,BMW,X1 SDRIVE18IA MSPORT EDITION,2022,3,30000.0,1499.0,136,5,Grey,Win Point Motors Limited,218000.0
2025/09,2025,9,MERCEDES-BENZ,GLC300 4Matic,2020,5,46000.0,1991.0,258,5,Grey,Hung Wai Motor Trend Limited,258000.0
2025/09,2025,9,HONDA,FREED HYBRID GB7 CROSSTAR,2022,3,18339.0,1496.0,136,6,Black,Supreme Motors Limited,178000.0
2025/09,2025,9,TOYOTA,Alphard 3.5 Facelift,2020,5,45000.0,3456.0,300,5,White,Hung Wai Motor Trend Limited,378000.0
2025/09,2025,9,TESLA,Model 3 Long Range Dual Motor,2021,4,86884.0,,346,5,Black,Tak Lee Motors (HK) Limited,158000.0
2025/09,2025,9,FERRARI,458 spider,2012,13,16000.0,4497.0,570,2,White,Zhong Hwa Motors Co. Ltd,1680000.0
2025/09,2025,9,TESLA,Model 3 Long Range Dual Motor,2022,3,33036.0,,346,5,Black,Tak Lee Motors (HK) Limited,188000.0
2025/09,2025,9,BMW,i4 eDrive40 M-Sport,2022,3,76000.0,,340,5,Grey,Hung Wai Motor Trend Limited,278000.0
2025/09,2025,9,MASERATI,GHIBLI GRANSPORT RIBELLE,2020,5,65000.0,2979.0,350,5,Black,Autopop Limited,388000.0
2025/09,2025,9,MERCEDES-BENZ,E200 AMG FACELIFT,2020,5,26000.0,1991.0,197,5,White,Autopop Limited,258000.0
2025/09,2025,9,ASTON MARTIN,DB11 AMR,2018,7,19000.0,5204.0,630,4,Grey,Autopop Limited,1580000.0
2025/09,2025,9,BYD,ATTO 3,2024,1,8500.0,,204,5,Black,Celebrity Motors Limited,188000.0
2025/09,2025,9,LAND ROVER,Discovery SPORT SE 7S,2016,9,120000.0,1999.0,240,7,Orange,Wai To Motors Ltd.,98000.0
2025/08,2025,8,BMW,520iA Sport版,2018,7,113783.0,1998.0,184,5,White,Win Fair Motors Limited,98000.0
2025/08,2025,8,TOYOTA,ALPHARD 3.5 SC,2018,7,40000.0,3500.0,301,7,Purple,Yat Chung Car Company,329000.0
2025/08,2025,8,TOYOTA,Alphard 3.5SC,2020,5,37000.0,3500.0,301,7,Black,Yat Chung Car Company,418000.0
2025/08,2025,8,BMW,320IA Saloon ED Edition (F30),2022,3,24000.0,2999.0,367,4,Yellow,Vision Motors (HK) Limited,302000.0
2025/08,2025,8,HONDA,STEPWGN HYBRID SPADA EX,2019,6,35689.0,1993.0,248,7,White,Supreme Motors Limited,198000.0
2025/08,2025,8,LEXUS,NX300,2018,7,68000.0,1998.0,238,5,Grey,Cube Motors Limited,168000.0
2025/08,2025,8,MERCEDES-BENZ,GLB250 AMG 4MATIC,2021,4,22000.0,1991.0,224,7,Blue,Cube Motors Limited,278000.0
2025/08,2025,8,SUZUKI,Jimny 1.5 4WD,2023,2,19000.0,1462.0,102,4,Grey,Cube Motors Limited,178000.0
2025/08,2025,8,MERCEDES-BENZ,V260 AMG Exclusive Extra Long,2019,6,120000.0,1991.0,211,7,Black,Cube Motors Limited,218000.0
2025/08,2025,8,BMW,X5 xDrive40iA M Sport,2020,5,27000.0,2998.0,340,7,Grey,Cube Motors Limited,448000.0
2025/08,2025,8,BMW,X4 xDrive20iA xLine,2019,6,56000.0,1998.0,184,5,Black,Cube Motors Limited,198000.0
2025/08,2025,8,MERCEDES-BENZ,GLB250 4MATIC,2020,5,43000.0,1991.0,224,7,Black,Cube Motors Limited,238000.0
2025/08,2025,8,MERCEDES-BENZ,GLA200 AMG,2020,5,32000.0,1332.0,163,5,Black,Cube Motors Limited,228000.0
2025/08,2025,8,MERCEDES-BENZ,GLB35 AMG 4MATIC,2020,5,38000.0,1991.0,306,7,Black,Cube Motors Limited,388000.0
2025/08,2025,8,BMW,X1 sDrive20iA xLine,2018,7,45000.0,1998.0,192,5,Silver,Cube Motors Limited,108000.0
2025/08,2025,8,BENTLEY,Flyingspur V8S,2017,8,28800.0,4000.0,527,5,White,Deluxe ( China ) Motors Company Limited,838000.0
2025/08,2025,8,PORSCHE,Porsche 911 Carrera Coupe,2016,9,53000.0,3000.0,370,4,Silver,Deluxe ( China ) Motors Company Limited,728000.0
2025/08,2025,8,LAND ROVER,Defender 110 P300,2021,4,39000.0,2000.0,300,5,Black,Deluxe ( China ) Motors Company Limited,718000.0
2025/08,2025,8,LAND ROVER,Rangerover Facelift,2018,7,43000.0,3000.0,380,5,White,Deluxe ( China ) Motors Company Limited,678000.0
2025/08,2025,8,TOYOTA,Alphard2.5Z,2023,2,7300.0,2500.0,183,7,White,Deluxe ( China ) Motors Company Limited,618000.0
2025/08,2025,8,TOYOTA,Alphard 3.5 Exl S,2021,4,27000.0,3500.0,301,7,Black,Deluxe ( China ) Motors Company Limited,478000.0
2025/08,2025,8,PORSCHE,MACAN S,2017,8,42000.0,2997.0,340,5,Black,Celebrity Motors Limited,218000.0
2025/08,2025,8,VOLVO,XC40 B4 Momentum,2020,5,26000.0,1969.0,197,5,Black,Vision Motors (HK) Limited,178000.0
2025/08,2025,8,MERCEDES-BENZ,EQA 250 AMG,2022,3,58000.0,,190,5,Blue,Celebrity Motors Limited,228000.0
2025/08,2025,8,TOYOTA,ALPHARD 2.5 Z,2025,0,100.0,2493.0,182,7,White,Celebrity Motors Limited,638000.0
2025/08,2025,8,TOYOTA,Vellfire 3.5,2015,10,74000.0,3456.0,280,7,White,Hung Wai Motor Trend Limited,218000.0
2025/08,2025,8,BMW,X5 xDrive30D,2014,11,130000.0,2993.0,258,7,White,Hung Wai Motor Trend Limited,168000.0
2025/08,2025,8,LEXUS,UX200,2022,3,36000.0,1987.0,173,5,Black,Cube Motors Limited,198000.0
2025/08,2025,8,BMW,M5 Saloon,2019,6,29000.0,4395.0,600,5,White,Hung Wai Motor Trend Limited,578000.0
2025/08,2025,8,KIA,Sorento GT,2018,7,48000.0,2359.0,188,7,Blue,Cube Motors Limited,108000.0
2025/08,2025,8,TOYOTA,ALPHARD 2.5,2023,2,7800.0,2487.0,182,7,Black,Celebrity Motors Limited,618000.0
2025/08,2025,8,MERCEDES-BENZ,GLC43 AMG,2017,8,86000.0,2996.0,267,5,Grey,Cube Motors Limited,198000.0
2025/08,2025,8,PORSCHE,Cayenne GTS,2016,9,77000.0,3604.0,440,5,Grey,Hung Wai Motor Trend Limited,368000.0
2025/08,2025,8,MAXUS,Mifa 9 Premium,2023,2,39000.0,,244,7,Grey,Hung Wai Motor Trend Limited,368000.0
2025/08,2025,8,TOYOTA,ALPHARD 3.5 SC,2020,5,27000.0,3456.0,301,7,Black,Celebrity Motors Limited,418000.0
2025/08,2025,8,NISSAN,Leaf Luxury,2022,3,24000.0,90.0,150,5,White,Race Art Motors Limited,122000.0
2025/08,2025,8,BMW,X3 xdrive20ia XLine,2019,6,58000.0,1998.0,184,5,Grey,Yat Hei Motors Ltd.,168000.0
2025/08,2025,8,BMW,X5 xdrive35ia M Sport,2014,11,80000.0,2979.0,306,5,White,Yat Hei Motors Ltd.,128000.0
2025/08,2025,8,TOYOTA,Alphard 250 SC,2018,7,50000.0,2493.0,182,7,Black,Yat Hei Motors Ltd.,298000.0
2025/08,2025,8,BMW,iX1 xdrive30,2023,2,11000.0,,313,5,White,Yat Hei Motors Ltd.,338000.0
2025/08,2025,8,TOYOTA,Land Cruiser,2015,10,40000.0,3955.0,231,5,White,Yat Hei Motors Ltd.,528000.0
2025/08,2025,8,MERCEDES-BENZ,S320 Facelift,2017,8,60000.0,2996.0,275,5,Grey,Yat Hei Motors Ltd.,298000.0
2025/08,2025,8,AUDI,A6 Avant 45 TFSI Quattro,2019,6,68000.0,1984.0,245,5,White,Yat Hei Motors Ltd.,218000.0
2025/08,2025,8,BMW,M2 CS,2020,5,11000.0,2979.0,450,4,Black,Yat Hei Motors Ltd.,838000.0
2025/08,2025,8,MERCEDES-BENZ,S450 4MATIC,2021,4,50000.0,2999.0,375,5,Silver,Yat Hei Motors Ltd.,828000.0
2025/08,2025,8,PORSCHE,Cayenne S,2019,6,50000.0,2894.0,440,5,Purple,Yat Hei Motors Ltd.,728000.0
2025/08,2025,8,BMW,M3 coupe,2013,12,30000.0,3999.0,420,4,Grey,Yat Hei Motors Ltd.,468000.0
2025/08,2025,8,TOYOTA,Noah Welcab,2022,3,14000.0,1986.0,170,7,Silver,Yat Hei Motors Ltd.,498000.0
2025/08,2025,8,MITSUBISHI,EVO X,2014,11,50000.0,1998.0,295,5,White,Yat Hei Motors Ltd.,298000.0
2025/08,2025,8,TOYOTA,2025 Vellfire 2.4 Turbo Z premier,2025,0,74.0,2393.0,279,7,White,Supreme Motors Limited,848000.0
2025/08,2025,8,MERCEDES-BENZ,AMG C43,2016,9,70000.0,2996.0,367,5,Black,Neighbour Star,148000.0
2025/08,2025,8,TOYOTA,VELLFIRE 250,2022,3,32800.0,2494.0,182,7,White,Chun Sang Motors Development Company Limited,418000.0
2025/08,2025,8,HONDA,STEPWGN HYBRID SPADA EX,2019,6,35884.0,1993.0,248,7,Blue,Supreme Motors Limited,198000.0
2025/08,2025,8,PORSCHE,718 Boxster S 2.5T,2021,4,12944.0,2497.0,350,2,Black,Win Fair Motors Limited,798000.0
2025/08,2025,8,TOYOTA,Alphard SC,2017,8,35754.0,2493.0,185,7,White,Supreme Motors Limited,248000.0
2025/08,2025,8,MERCEDES-BENZ,GLE450 4MATIC,2019,6,36000.0,2999.0,367,7,Blue,Chun Sang Motors Development Company Limited,498000.0
2025/08,2025,8,FERRARI,488 GTB SS,2017,8,40000.0,3902.0,670,2,Red,Vision Motors (HK) Limited,1980000.0
2025/08,2025,8,MERCEDES-BENZ,E200 AMG FACELIFT,2020,5,29000.0,1991.0,197,5,White,Chun Sang Motors Development Company Limited,278000.0
2025/08,2025,8,TOYOTA,VELLFIRE 350 (2.4 TURBO),2024,1,77.0,2393.0,279,7,Black,Chun Sang Motors Development Company Limited,838000.0
2025/08,2025,8,TOYOTA,ALPHARD 250,2025,0,53.0,2493.0,182,7,Black,Chun Sang Motors Development Company Limited,718000.0
2025/08,2025,8,MERCEDES-BENZ,EQA250 AMG,2022,3,24000.0,,190,5,Black,Chun Sang Motors Development Company Limited,248000.0
2025/08,2025,8,MERCEDES-BENZ,CLS450 4MATIC AMG,2020,5,24000.0,2999.0,367,5,White,Chun Sang Motors Development Company Limited,398000.0
2025/08,2025,8,MERCEDES-BENZ,G350D AMG FACELIFT,2018,7,58000.0,2987.0,245,5,White,Chun Sang Motors Development Company Limited,668000.0
2025/08,2025,8,MERCEDES-BENZ,CLA250 AMG,2021,4,29000.0,1991.0,224,5,Red,Chun Sang Motors Development Company Limited,208000.0
2025/08,2025,8,MERCEDES-BENZ,G350D AMG Facelift (G463),2016,9,100000.0,2987.0,245,5,Silver,Vision Motors (HK) Limited,458000.0
2025/08,2025,8,TOYOTA,ALPHARD 3.5 FACELIFT,2019,6,37000.0,3456.0,300,7,White,Chun Sang Motors Development Company Limited,398000.0
2025/08,2025,8,MERCEDES-BENZ,SL63,2012,13,33000.0,5461.0,537,2,Black,Vision Motors (HK) Limited,498000.0
2025/08,2025,8,HONDA,Civic Type R,2005,20,76000.0,1998.0,215,4,Silver,Vision Motors (HK) Limited,168000.0
2025/08,2025,8,BMW,640i Gran Coupe,2014,11,30000.0,2979.0,320,5,Brown,Vision Motors (HK) Limited,98000.0
2025/08,2025,8,TOYOTA,C-HR Hybrid,2020,5,12000.0,1798.0,122,5,White,Hung Wai Motor Trend Limited,148000.0
2025/08,2025,8,HONDA,Freed GB3,2011,14,98000.0,1496.0,118,7,White,Hung Wai Motor Trend Limited,42800.0
2025/08,2025,8,HONDA,JAZZ RS,2015,10,18000.0,1496.0,132,5,Purple,Race Art Motors Limited,68000.0
2025/08,2025,8,PORSCHE,Macan Facelift,2019,6,45000.0,1984.0,265,5,Black,Wai To Motors Ltd.,388000.0
2025/08,2025,8,MERCEDES-BENZ,A250 Sport AMG,2019,6,55000.0,1991.0,224,5,Black,Hung Wai Motor Trend Limited,138000.0
2025/08,2025,8,TOYOTA,Previa,2019,6,58000.0,2362.0,170,7,Grey,Hung Wai Motor Trend Limited,168000.0
2025/08,2025,8,LEXUS,IS250C,2010,15,76000.0,2500.0,208,4,Purple,Vision Motors (HK) Limited,49800.0
2025/08,2025,8,LEXUS,IS250,2011,14,67000.0,2500.0,208,5,Grey,Vision Motors (HK) Limited,49800.0
2025/08,2025,8,BMW,120IA M Sport Edition (F20),2019,6,34000.0,1998.0,177,5,Orange,Vision Motors (HK) Limited,98000.0
2025/08,2025,8,PORSCHE,718 Boxster S,2016,9,69000.0,2497.0,350,2,Red,Wai To Motors Ltd.,428000.0
2025/08,2025,8,PORSCHE,718 Boxster GTS,2018,7,19000.0,2497.0,365,2,Red,Wai To Motors Ltd.,798000.0
2025/08,2025,8,ROLLS-ROYCE,GHOST SERIES II,2015,10,31947.0,6592.0,570,5,White,"New Method Motors Co., Ltd.",1980000.0
2025/08,2025,8,TOYOTA,ALPHARD 2.5 HYBRID HEV,2025,0,950.0,2487.0,250,7,White,"Ritz Automobile Co., Limited",878000.0
2025/08,2025,8,TESLA,Model Y RWD,2023,2,25113.0,,295,5,Black,A AND S AUTOMOBILE CO. LTD,248000.0
2025/08,2025,8,MINI,MINI COOPER,2016,9,78000.0,1500.0,150,4,Red,A AND S AUTOMOBILE CO. LTD,68000.0
2025/08,2025,8,LEXUS,NX300,2019,6,38000.0,2000.0,238,5,Black,A AND S AUTOMOBILE CO. LTD,218000.0
2025/08,2025,8,BMW,X1 18IA,2020,5,65000.0,1500.0,150,5,Black,A AND S AUTOMOBILE CO. LTD,148000.0
2025/08,2025,8,TESLA,MODEL 3 ST PLUS,2019,6,42000.0,,250,5,Grey,A AND S AUTOMOBILE CO. LTD,158000.0
2025/08,2025,8,MERCEDES-BENZ,GLC300 COUPE,2021,4,42000.0,2000.0,258,5,Black,A AND S AUTOMOBILE CO. LTD,368000.0
2025/08,2025,8,BMW,520 IA M Sport,2021,4,54000.0,2000.0,200,5,Black,A AND S AUTOMOBILE CO. LTD,278000.0
2025/08,2025,8,MERCEDES-BENZ,GLC 250 COUPE,2017,8,69000.0,1991.0,211,5,Grey,Royal Horse Motors Company,178000.0
2025/08,2025,8,MERCEDES-BENZ,A250 SPORT AMG,2018,7,35000.0,1991.0,224,5,Grey,Royal Horse Motors Company,148000.0
2025/08,2025,8,TESLA,MODEL X 60D,2016,9,115000.0,120.0,245,7,Grey,Royal Horse Motors Company,198000.0
2025/08,2025,8,AUDI,Q3 45 TFSI Quattro S-Line,2020,5,48000.0,1984.0,230,5,Blue,Hung Wai Motor Trend Limited,198000.0
2025/08,2025,8,BMW,X3 XDRIVE 3.0IA X-LINE,2020,5,36000.0,2000.0,248,5,Black,Royal Horse Motors Company,238000.0
2025/08,2025,8,MERCEDES-BENZ,C200 AMG FL,2019,6,48000.0,1500.0,184,5,Grey,Royal Horse Motors Company,178000.0
2025/08,2025,8,BMW,I4 EDRIVE 35,2023,2,18000.0,80.0,286,5,Black,Royal Horse Motors Company,368000.0
2025/08,2025,8,AUDI,Q2 35 TFSI,2019,6,41000.0,1395.0,150,5,Brown,Hung Wai Motor Trend Limited,89000.0
2025/08,2025,8,TOYOTA,RAV 4 DELUXE,2021,4,31000.0,2000.0,173,5,White,Royal Horse Motors Company,188000.0
2025/08,2025,8,BMW,X5 XDRIVE40IA XLINE,2019,6,95000.0,2998.0,340,5,Blue,Celebrity Motors Limited,228000.0
2025/08,2025,8,PORSCHE,MACAN 2.0 FACELIFT,2021,4,50308.0,1984.0,252,5,White,Tak Lee Motors (HK) Limited,468000.0
2025/08,2025,8,BMW,X2 SDrive20IA - M Sport Edition (F39),2017,8,47000.0,1998.0,192,5,Blue,Vision Motors (HK) Limited,98000.0
2025/08,2025,8,NISSAN,SERENA E-POWER HIGHWAY STAR VIP,2022,3,42845.0,1198.0,136,7,Black,Tak Lee Motors (HK) Limited,258000.0
2025/08,2025,8,TESLA,MODEL S P-90D,2016,9,35000.0,888.0,417,5,Grey,Race Art Motors Limited,190000.0
2025/08,2025,8,LAND ROVER,Velar R-Dyn P380,2017,8,77000.0,2995.0,380,5,Brown,Wai To Motors Ltd.,368000.0
2025/08,2025,8,TOYOTA,VELLFIRE Z PREMIER 2.4T,2025,0,1000.0,2393.0,279,7,White,"Ritz Automobile Co., Limited",858000.0
2025/08,2025,8,HONDA,Freed GB3,2012,13,70000.0,1496.0,118,7,White,Hung Wai Motor Trend Limited,45000.0
2025/08,2025,8,BMW,M235IA Gran Coupe,2020,5,47668.0,1998.0,306,5,Blue,Autoway Motors Limited,248000.0
2025/08,2025,8,MERCEDES-BENZ,S320 Facelift (V222),2017,8,94000.0,2996.0,272,5,Black,Vision Motors (HK) Limited,268000.0
2025/08,2025,8,MERCEDES-BENZ,EQA250 (H243),2022,3,29000.0,80.0,190,5,White,Vision Motors (HK) Limited,228000.0
2025/08,2025,8,LAND ROVER,Discovery P200 S FaceLift版,2019,6,58000.0,1987.0,200,7,Black,Race Art Motors Limited,198000.0
2025/08,2025,8,SUBARU,BRZ 2.4 RWD 6MT,2023,2,4200.0,2387.0,234,4,Silver,Neighbour Star,258000.0
2025/08,2025,8,TOYOTA,VELLFIRE,2021,4,62000.0,3500.0,274,7,Grey,Race Art Motors Limited,378000.0
2025/08,2025,8,TESLA,MODEL 3 LONG RANGE DUAL MOTOR,2024,1,20000.0,,346,5,Blue,Neighbour Star,288000.0
2025/08,2025,8,MERCEDES-BENZ,C43 AMG 4Matic,2017,8,110000.0,2996.0,367,5,Grey,Hung Wai Motor Trend Limited,158000.0
2025/08,2025,8,BMW,218iA GRAN TOURER （七人車）,2020,5,33088.0,1499.0,136,7,White,Win Point Motors Limited,138000.0
2025/08,2025,8,PORSCHE,Cayenne 3.0,2018,7,55000.0,2995.0,340,5,Blue,Hung Wai Motor Trend Limited,498000.0
2025/08,2025,8,LEXUS,IS250,2015,10,103388.0,2500.0,208,5,Grey,Win Point Motors Limited,78000.0
2025/08,2025,8,BMW,420IA COUPE M SPORT EDITION,2021,4,35000.0,1998.0,184,4,Blue,Neighbour Star,298000.0
2025/08,2025,8,TOYOTA,SPADE G 1.5,2015,10,56200.0,1496.0,109,2,Silver,"Ritz Automobile Co., Limited",62800.0
2025/08,2025,8,TOYOTA,VOXY HYBRID ZS FACELIFT,2020,5,37476.0,1797.0,136,7,Black,"Ritz Automobile Co., Limited",218000.0
2025/08,2025,8,BMW,320IA SALOON M SPORT EDITION,2020,5,30000.0,1998.0,184,5,White,Neighbourcar Group Limited,208000.0
2025/08,2025,8,TOYOTA,C-HR MODELLISTA,2020,5,79800.0,1800.0,122,5,White,Yat Chung Car Company,148000.0
2025/08,2025,8,MERCEDES-BENZ,GLC250 4Matic,2018,7,56000.0,1991.0,211,5,White,Hung Wai Motor Trend Limited,158000.0
2025/08,2025,8,MERCEDES-BENZ,EQA250 AMG,2022,3,35000.0,80.0,190,5,Black,Yat Chung Car Company,248000.0
2025/08,2025,8,TOYOTA,VOXY HYBRID ZS FACELIFT,2020,5,28789.0,1797.0,136,7,White,Supreme Motors Limited,218000.0
2025/08,2025,8,HONDA,STEPWGN HYBRID EX COOL,2019,6,39159.0,1993.0,245,7,White,"Ritz Automobile Co., Limited",208000.0
2025/08,2025,8,HONDA,STEPWGN SPADA HYBRID EX,2018,7,45519.0,1993.0,245,7,Black,"Ritz Automobile Co., Limited",188000.0
2025/08,2025,8,MINI,COOPER S E Yours Edition,2022,3,31967.0,,184,4,Black,Tak Lee Motors (HK) Limited,168000.0
2025/08,2025,8,MERCEDES-BENZ,C200 AMG,2019,6,52000.0,1500.0,184,5,Grey,Yat Chung Car Company,168000.0
2025/08,2025,8,MERCEDES-BENZ,S400,2015,10,100000.0,2996.0,333,5,Black,Celebrity Motors Limited,208000.0
2025/08,2025,8,TOYOTA,2025 Toyota Vellfire 2.4 Turbo Z premier,2025,0,40.0,2393.0,279,7,Black,Supreme Motors Limited,848000.0
2025/08,2025,8,SUZUKI,JIMNY JB74W,2022,3,12000.0,1500.0,102,4,Black,Yat Chung Car Company,178000.0
2025/08,2025,8,BMW,X4 XDrive20iA Facelift版,2021,4,50601.0,1998.0,184,5,White,Win Fair Motors Limited,268000.0
2025/08,2025,8,BMW,118IA Sport,2020,5,40184.0,1499.0,140,5,White,Win Point Motors Limited,128000.0
2025/08,2025,8,MERCEDES-BENZ,EQA 250 AMG,2022,3,28000.0,80.0,190,5,Black,Vision Motors (HK) Limited,228000.0
2025/08,2025,8,LAND ROVER,Discovery Sport Se (P240),2019,6,40000.0,1997.0,240,7,Grey,Pak Yu Motors,158000.0
2025/08,2025,8,PORSCHE,MACAN GTS,2016,9,50000.0,2997.0,360,5,Grey,Autopop Limited,288000.0
2025/08,2025,8,MINI,COOPER S F56,2018,7,50000.0,1998.0,189,4,Grey,Autopop Limited,98000.0
2025/08,2025,8,PORSCHE,718 CAYMAN GT4 RS,2023,2,900.0,3996.0,493,2,Yellow,Autopop Limited,2080000.0
2025/08,2025,8,FERRARI,458 SPIDER,2012,13,19000.0,4497.0,570,2,Grey,Autopop Limited,1480000.0
2025/08,2025,8,ASTON MARTIN,VANTAGE,2018,7,11000.0,3982.0,503,2,Grey,Autopop Limited,1180000.0
2025/08,2025,8,TOYOTA,ALPHARD SC 3.5,2019,6,112000.0,3456.0,301,7,White,Kings Motor Co,358000.0
2025/08,2025,8,TOYOTA,Vellfire 3.5 Facelift,2019,6,90000.0,3456.0,300,7,Purple,Hung Wai Motor Trend Limited,259000.0
2025/08,2025,8,MASERATI,GHIBLI,2015,10,40000.0,2979.0,350,5,Black,Neighbourcar Group Limited,148000.0
2025/08,2025,8,TOYOTA,Alphard 2.5 SC,2016,9,42326.0,2493.0,185,7,White,Supreme Motors Limited,228000.0
2025/08,2025,8,MERCEDES-BENZ,GLA200,2015,10,30000.0,1595.0,156,5,Black,Neighbourcar Group Limited,88000.0
2025/08,2025,8,BMW,M135IA,2020,5,38000.0,1998.0,306,5,Blue,Kings Motor Co,218000.0
2025/08,2025,8,MERCEDES-BENZ,GLC43 AMG Coupe,2020,5,16000.0,2996.0,385,5,Black,Hung Wai Motor Trend Limited,468000.0
2025/08,2025,8,MASERATI,GRANTURISMO MC STRADALE,2013,12,60000.0,4691.0,450,4,Black,Neighbourcar Group Limited,258000.0
2025/08,2025,8,PORSCHE,Cayenne 3.0,2018,7,48000.0,2995.0,340,5,Black,Hung Wai Motor Trend Limited,458000.0
2025/08,2025,8,AUDI,RS4 Avant Quattro,2018,7,50000.0,2894.0,450,5,Blue,Wai To Motors Ltd.,538000.0
2025/08,2025,8,VOLVO,XC90 T5 Momentum,2019,6,88000.0,1969.0,235,7,Black,Hung Wai Motor Trend Limited,168000.0
2025/08,2025,8,MERCEDES-BENZ,C200 FL,2018,7,48000.0,1497.0,184,5,Blue,Neighbourcar Group Limited,188000.0
2025/08,2025,8,MERCEDES-BENZ,E200,2021,4,27000.0,1991.0,197,5,White,Yat Chung Car Company,299000.0
2025/08,2025,8,LEXUS,UX200 ULTIMATE,2020,5,19000.0,1987.0,173,5,White,Celebrity Motors Limited,158000.0
2025/08,2025,8,LEXUS,ES250,2019,6,69600.0,2487.0,207,5,Grey,Win Point Motors Limited,168000.0
2025/08,2025,8,AUDI,Q5 45TFSI QUATTRO,2020,5,48999.0,1984.0,252,5,White,Win Point Motors Limited,198000.0
2025/08,2025,8,TOYOTA,Alphard SC,2016,9,55000.0,2500.0,182,7,Black,Yat Chung Car Company,248000.0
2025/08,2025,8,MASERATI,LEVANTE,2018,7,100000.0,3000.0,440,5,Black,Wheelie Motor Ltd.,348000.0
2025/08,2025,8,HONDA,STEPWGN HYBRID SPADA RP5,2018,7,43115.0,1993.0,235,7,Black,"Ritz Automobile Co., Limited",188000.0
2025/08,2025,8,HONDA,STEPWGN hybrid E;hev spada EX,2020,5,28344.0,1993.0,248,7,Grey,Supreme Motors Limited,208000.0
2025/08,2025,8,MERCEDES-BENZ,GLC300 4MATIC,2021,4,65000.0,1991.0,258,5,Blue,Cube Motors Limited,288000.0
2025/08,2025,8,TOYOTA,VOXY HYBRID Z煌版,2018,7,48000.0,1800.0,136,7,Black,Yat Chung Car Company,179000.0
2025/08,2025,8,HONDA,Stepwgn HYBRID,2019,6,31000.0,2000.0,184,7,Blue,Celebrity Motors Limited,188000.0
2025/08,2025,8,TOYOTA,Alphard 2.4 TURBO,2024,1,17176.0,2393.0,279,7,White,Tak Lee Motors (HK) Limited,858000.0
2025/08,2025,8,BMW,X6 xDrive30D,2015,10,80000.0,2993.0,258,5,Grey,Hung Wai Motor Trend Limited,208000.0
2025/08,2025,8,AUDI,Q8 55 TSFI Quattro Sline,2020,5,17000.0,2995.0,340,5,Green,Vision Motors (HK) Limited,438000.0
2025/08,2025,8,BMW,120IA M SPORT EDITION,2015,10,58000.0,1598.0,177,5,Blue,Chun Sang Motors Development Company Limited,42000.0
2025/08,2025,8,AUDI,Q5 45TFSI Quattro S-Line,2017,8,65000.0,1984.0,252,5,White,Hung Wai Motor Trend Limited,93800.0
2025/08,2025,8,ASTON MARTIN,VANTAGE,2019,6,11000.0,3982.0,510,2,Green,Chun Sang Motors Development Company Limited,1138000.0
2025/08,2025,8,BMW,X5 XDRIVE40iA M SPORT 7SET,2021,4,40023.0,2998.0,333,7,Black,Win Fair Motors Limited,468000.0
2025/08,2025,8,MERCEDES-BENZ,E200 AVANTGARDE W213,2018,7,31935.0,1991.0,184,5,Brown,Win Fair Motors Limited,168000.0
2025/08,2025,8,HONDA,S660 ALPHA,2016,9,45000.0,658.0,64,2,Yellow,Autopop Limited,158000.0
2025/08,2025,8,BMW,528iA GRAN TURISMO F07,2016,9,93466.0,1997.0,245,5,Grey,Win Fair Motors Limited,88000.0
2025/08,2025,8,BMW,i4 eDRIVE 35,2023,2,18438.0,,286,5,Black,Tak Lee Motors (HK) Limited,368000.0
2025/08,2025,8,HONDA,FREED HYBRID GB7 (7座）,2020,5,28257.0,1496.0,136,7,White,Supreme Motors Limited,148000.0
2025/08,2025,8,TOYOTA,VOXY HYBRID ZS煌III,2021,4,22139.0,1797.0,136,7,White,Supreme Motors Limited,238000.0
2025/08,2025,8,TOYOTA,Alphard 2.5 Z Pemier,2024,1,130.0,2493.0,182,7,White,Supreme Motors Limited,668000.0
2025/08,2025,8,HONDA,FREED HYBRID EX modulo (7座）,2018,7,42888.0,1496.0,134,7,White,Supreme Motors Limited,118000.0
2025/08,2025,8,TOYOTA,Alphard 2.5 hybrid SRC,2018,7,28446.0,2493.0,185,7,White,Supreme Motors Limited,368000.0
2025/08,2025,8,HONDA,STEPWGN HYBRID SPADA EX,2018,7,42938.0,1993.0,248,7,Black,Supreme Motors Limited,198000.0
2025/08,2025,8,MERCEDES-BENZ,E200 AMG Line Facelift (W213),2021,4,11000.0,1991.0,197,5,Grey,Vision Motors (HK) Limited,318000.0
2025/08,2025,8,BMW,220IA Active Tourer (F45),2018,7,22000.0,1998.0,192,5,Red,Vision Motors (HK) Limited,108000.0
2025/08,2025,8,HONDA,Civic EK4 SIR,1998,27,83000.0,1590.0,170,4,Blue,Vision Motors (HK) Limited,98000.0
2025/08,2025,8,AUDI,Q3 35 TFSI,2024,1,7600.0,1498.0,150,5,Grey,Vision Motors (HK) Limited,298000.0
2025/08,2025,8,BMW,I4 M50 GRAN Coupe,2023,2,16000.0,165.0,544,5,Black,Vision Motors (HK) Limited,538000.0
2025/08,2025,8,HONDA,CIVIC FK8 TYPE R,2019,6,19000.0,1996.0,320,4,White,Yat Chung Car Company,368000.0
2025/08,2025,8,TESLA,Model 3 SR Plus,2020,5,86000.0,,204,5,Black,Hung Wai Motor Trend Limited,129800.0
2025/08,2025,8,LAND ROVER,Velar R-Dynamic P250,2019,6,120000.0,1997.0,250,5,Brown,Hung Wai Motor Trend Limited,248000.0
2025/08,2025,8,AUDI,A4 40 (S-Line),2019,6,57000.0,2000.0,190,5,Blue,Pak Yu Motors,118000.0
2025/08,2025,8,MAZDA,CX-8 (7 Seater SUV),2022,3,46549.0,2488.0,194,7,Grey,Tak Lee Motors (HK) Limited,178000.0
2025/08,2025,8,PORSCHE,911 992 CARRERA S,2019,6,25000.0,2981.0,450,4,Black,Autopop Limited,1680000.0
2025/08,2025,8,BENTLEY,CONTINENTAL GT,2016,9,38000.0,3993.0,500,4,Black,Autopop Limited,758000.0
2025/08,2025,8,MERCEDES-BENZ,E300 COUPE FACELIFT AMG,2021,4,18000.0,1991.0,245,4,White,Autopop Limited,408000.0
2025/08,2025,8,MERCEDES-BENZ,CLA35 AMG,2020,5,53000.0,1991.0,306,5,Grey,Cube Motors Limited,298000.0
2025/08,2025,8,TOYOTA,Alphard 2.5(SC),2018,7,66000.0,2498.0,182,7,White,Pak Yu Motors,298000.0
2025/08,2025,8,TOYOTA,Alphard 3.5(Executive Lounge S),2021,4,27000.0,3498.0,301,7,Black,Pak Yu Motors,498000.0
2025/08,2025,8,MERCEDES-BENZ,E200 AMG FACELIFT,2021,4,60649.0,1991.0,197,5,Silver,Tak Lee Motors (HK) Limited,338000.0
2025/07,2025,7,TESLA,Model X 90D,2017,8,130698.0,,423,7,White,Tak Lee Motors (HK) Limited,258000.0
2025/07,2025,7,HONDA,Fit Hybrid S Package,2014,11,130000.0,1496.0,100,5,Blue,Vision Motors (HK) Limited,49800.0
2025/07,2025,7,MERCEDES-BENZ,GLE450 4Matic (V167),2021,4,50000.0,2999.0,367,7,White,Vision Motors (HK) Limited,498000.0
2025/07,2025,7,MERCEDES-BENZ,GLC300 4MATIC FACELIFT,2021,4,24000.0,1991.0,258,5,Blue,Neighbourcar Group Limited,258000.0
2025/07,2025,7,HONDA,Fit RS,2007,18,134000.0,1496.0,120,5,White,Vision Motors (HK) Limited,49800.0
2025/07,2025,7,PORSCHE,CAYENNE COUPE,2019,6,28000.0,2995.0,340,5,Orange,Neighbourcar Group Limited,808000.0
2025/07,2025,7,MERCEDES-BENZ,S500 Coupe AMG,2016,9,36000.0,4700.0,455,4,White,Deluxe ( China ) Motors Company Limited,478000.0
2025/07,2025,7,LAND ROVER,Rangerover AB LWB,2019,6,28000.0,5000.0,525,5,Black,Deluxe ( China ) Motors Company Limited,998000.0
2025/07,2025,7,MERCEDES-BENZ,S63 AMG,2018,7,34000.0,4000.0,617,5,White,Deluxe ( China ) Motors Company Limited,998000.0
2025/07,2025,7,LAND ROVER,Defender 90,2022,3,2900.0,2000.0,300,5,Blue,Deluxe ( China ) Motors Company Limited,738000.0
2025/07,2025,7,LEXUS,LS500 F-Sport,2018,7,37000.0,3500.0,421,5,Black,Deluxe ( China ) Motors Company Limited,498000.0
2025/07,2025,7,TOYOTA,Alphard 2.5 SC,2019,6,42000.0,2500.0,182,7,White,Deluxe ( China ) Motors Company Limited,328000.0
2025/07,2025,7,LAND ROVER,Rangerover Sport HSE,2019,6,34000.0,3000.0,400,5,Grey,Deluxe ( China ) Motors Company Limited,578000.0
2025/07,2025,7,LAND ROVER,Rangerover P525 SVO,2019,6,38800.0,5000.0,525,5,Others,Deluxe ( China ) Motors Company Limited,878000.0
2025/07,2025,7,LAND ROVER,Defender 90 P300 75週年,2023,2,7000.0,2000.0,3000,5,Green,Deluxe ( China ) Motors Company Limited,818000.0
2025/07,2025,7,BENTLEY,Bentayga V8,2019,6,31000.0,4000.0,550,5,Black,Deluxe ( China ) Motors Company Limited,1438000.0
2025/07,2025,7,LAND ROVER,Defender 110,2020,5,33000.0,2000.0,3000,7,Green,Deluxe ( China ) Motors Company Limited,678000.0
2025/07,2025,7,AUDI,Q8 55 TFSI,2020,5,39888.0,3000.0,340,5,Grey,Deluxe ( China ) Motors Company Limited,458000.0
2025/07,2025,7,LAND ROVER,2018 DISCOVERY 3.0 V6 7S 私家車,2018,7,55000.0,2995.0,340,7,Grey,Deluxe ( China ) Motors Company Limited,268000.0
2025/07,2025,7,MERCEDES-BENZ,CLA250 AMG,2015,10,71797.0,1991.0,211,5,Grey,Win Fair Motors Limited,78000.0
2025/07,2025,7,TOYOTA,VOXY HYBRID ZS FACELIFT,2016,9,52564.0,1797.0,136,7,White,Supreme Motors Limited,148000.0
2025/07,2025,7,MERCEDES-BENZ,C200 AMG,2018,7,71690.0,1497.0,184,5,Blue,Cube Motors Limited,148000.0
2025/07,2025,7,HONDA,STEPWGN HYBRID SPADA,2020,5,28546.0,1993.0,248,7,White,Supreme Motors Limited,198000.0
2025/07,2025,7,AUDI,Q7 45 TFSI QUATTRO,2015,10,80000.0,2995.0,333,7,Grey,Celebrity Motors Limited,128000.0
2025/07,2025,7,TOYOTA,VOXY HYBRID S-Z 90,2022,3,11856.0,1797.0,183,7,White,Supreme Motors Limited,348000.0
2025/07,2025,7,TOYOTA,Alphard 2.5 hybrid SRC,2020,5,18628.0,2493.0,185,7,White,Supreme Motors Limited,448000.0
2025/07,2025,7,LEXUS,UX200,2019,6,57000.0,1987.0,173,5,Black,Yat Chung Car Company,136000.0
2025/07,2025,7,TOYOTA,VELLFIRE,2018,7,57000.0,3456.0,301,7,Black,Celebrity Motors Limited,298000.0
2025/07,2025,7,MERCEDES-BENZ,A200 Facelift AMG,2017,8,22000.0,1595.0,156,5,White,Wai To Motors Ltd.,88000.0
2025/07,2025,7,MERCEDES-BENZ,S400,2014,11,72000.0,2996.0,333,5,Black,Celebrity Motors Limited,198000.0
2025/07,2025,7,SUBARU,Forester 2.0 I-S EYESIGHT AWD,2019,6,67600.0,1995.0,156,5,Blue,Tak Lee Motors (HK) Limited,108000.0
2025/07,2025,7,HONDA,STEPWGN HYBRID SPADA EX,2018,7,46000.0,1993.0,245,7,White,"Ritz Automobile Co., Limited",198000.0
2025/07,2025,7,HONDA,FIT HYBRID S PACKAGE GP5,2019,6,42675.0,1500.0,132,5,Black,"Ritz Automobile Co., Limited",118000.0
2025/07,2025,7,PORSCHE,MACAN,2017,8,20000.0,2000.0,250,5,Black,Ka Ho Motors Company,338000.0
2025/07,2025,7,BMW,220iA Active Tourer Facelift版,2018,7,22716.0,1998.0,192,5,Red,Win Fair Motors Limited,98000.0
2025/07,2025,7,TOYOTA,ALPHARD 250 Z,2024,1,121.0,2493.0,182,7,White,"Ritz Automobile Co., Limited",638000.0
2025/07,2025,7,MERCEDES-BENZ,GLC250 COUPE AMG,2019,6,35000.0,1991.0,211,5,Silver,Celebrity Motors Limited,188000.0
2025/07,2025,7,TOYOTA,VOXY HYBRID ZS FACELIFT,2021,4,22256.0,1797.0,136,7,White,Supreme Motors Limited,238000.0
2025/07,2025,7,MERCEDES-BENZ,EQA250 AMG,2021,4,43000.0,,190,5,White,Hung Wai Motor Trend Limited,218000.0
2025/07,2025,7,HONDA,Jazz,2019,6,47650.0,1496.0,132,5,Blue,Win Point Motors Limited,98000.0
2025/07,2025,7,AUDI,A4 40TFSI S-Line,2018,7,90000.0,1984.0,190,5,Blue,Hung Wai Motor Trend Limited,69000.0
2025/07,2025,7,BMW,320i M-Sport,2018,7,28000.0,1998.0,184,5,White,Hung Wai Motor Trend Limited,113800.0
2025/07,2025,7,MERCEDES-BENZ,S500,2013,12,11500.0,4663.0,455,5,Black,Win Point Motors Limited,298000.0
2025/07,2025,7,BMW,318iA SALOON SPORT,2020,5,65000.0,1998.0,156,5,Grey,Win Point Motors Limited,158000.0
2025/07,2025,7,BMW,320GT,2015,10,45000.0,1997.0,184,5,Black,Hung Wai Motor Trend Limited,59000.0
2025/07,2025,7,TESLA,MODEL X 90 KWH DUAL MOTOR,2016,9,122588.0,158.0,311,6,Grey,Win Point Motors Limited,278000.0
2025/07,2025,7,MERCEDES-BENZ,GLC250 4Matic AMG,2018,7,55000.0,1991.0,211,5,Blue,Hung Wai Motor Trend Limited,158000.0
2025/07,2025,7,LEXUS,RZ450E,2023,2,14688.0,,313,5,Grey,Win Point Motors Limited,428000.0
2025/07,2025,7,AUDI,Q3 30 TFSI SPORT,2017,8,48188.0,1395.0,150,5,Grey,Win Point Motors Limited,88000.0
2025/07,2025,7,BMW,318IA SALOON SPORT,2021,4,54088.0,1998.0,156,5,Blue,Win Point Motors Limited,168000.0
2025/07,2025,7,VOLVO,XC40 B4 MOMENTUM,2021,4,11988.0,1969.0,197,5,Red,Win Point Motors Limited,188000.0
2025/07,2025,7,TOYOTA,VOXY HYBRID ZS FACELIFT,2020,5,35690.0,1798.0,134,7,White,"Ritz Automobile Co., Limited",218000.0
2025/07,2025,7,TOYOTA,ALPHARD 2.5 SC MODELLISTA,2019,6,43719.0,2493.0,185,7,White,"Ritz Automobile Co., Limited",338000.0
2025/07,2025,7,PORSCHE,TAYCAN 4S,2020,5,50000.0,,562,5,Black,Neighbourcar Group Limited,708000.0
2025/07,2025,7,FERRARI,458 ITALIA,2011,14,20000.0,4497.0,570,2,Red,Neighbourcar Group Limited,1380000.0
2025/07,2025,7,PORSCHE,MACAN,2022,3,20000.0,1984.0,265,5,Grey,Neighbourcar Group Limited,608000.0
2025/07,2025,7,TOYOTA,ALPHARD 3.5,2018,7,48000.0,3456.0,274,7,Brown,Neighbour Star,358000.0
2025/07,2025,7,PORSCHE,MACAN,2022,3,20000.0,1984.0,265,5,Grey,Neighbourcar Group Limited,638000.0
2025/07,2025,7,MERCEDES-BENZ,E200 AMG LINE FACELIFT,2021,4,42000.0,1991.0,197,5,White,Kings Motor Co,318000.0
2025/07,2025,7,PORSCHE,TAYCAN,2023,2,700.0,,517,5,Black,Neighbourcar Group Limited,888000.0
2025/07,2025,7,NISSAN,SERENA E-POWER HIGHWAY STAR VIP,2022,3,36000.0,1198.0,134,7,Grey,Kings Motor Co,238000.0
2025/07,2025,7,FIAT,FERRARI ABARTH 695 TRIBUTO,2010,15,8700.0,1368.0,180,4,Red,Kings Motor Co,258000.0
2025/07,2025,7,TOYOTA,TOYOTA ALPHARD EXECUTIVE LOUNGE,2020,5,47000.0,3456.0,301,7,Blue,Kings Motor Co,608000.0
2025/07,2025,7,PORSCHE,718 CAYMAN GT4 RS,2023,2,1500.0,3996.0,500,2,Blue,Neighbourcar Group Limited,2180000.0
2025/07,2025,7,MASERATI,QUATTROPORTE GTS,2014,11,66000.0,3799.0,530,5,Blue,Kings Motor Co,208000.0
2025/07,2025,7,ALFA ROMEO,STELVIO QUADRIFOGLIO,2018,7,800.0,2891.0,510,5,White,Kings Motor Co,788000.0
2025/07,2025,7,VOLKSWAGEN,GOLF GTI PERFORMANCE MK8,2022,3,10000.0,1984.0,245,5,Grey,Kings Motor Co,268000.0
2025/07,2025,7,PORSCHE,911 CARRERA C2S COUPE,1997,28,57000.0,3600.0,282,4,White,Kings Motor Co,1380000.0
2025/07,2025,7,TOYOTA,Noah Deluxe,2014,11,98000.0,1987.0,152,7,White,Kings Motor Co,98000.0
2025/07,2025,7,TOYOTA,ALPHARD EXECUTIVE LOUNGE,2021,4,21500.0,3500.0,301,7,Black,Yat Chung Car Company,468000.0
2025/07,2025,7,PORSCHE,Cayenne GTS,2020,5,13000.0,3996.0,455,2,White,Zhong Hwa Motors Co. Ltd,1280000.0
2025/07,2025,7,LAND ROVER,Discovery SPORT P240,2018,7,70000.0,1997.0,240,7,Black,Zhong Hwa Motors Co. Ltd,138000.0
2025/07,2025,7,PORSCHE,GT3 RS,2018,7,16000.0,3996.0,520,2,Green,Zhong Hwa Motors Co. Ltd,2080000.0
2025/07,2025,7,LAMBORGHINI,URUS S,2023,2,5800.0,3996.0,610,2,White,Zhong Hwa Motors Co. Ltd,3880000.0
2025/07,2025,7,TOYOTA,Noah,2015,10,86275.0,1987.0,152,7,Purple,Autoway Motors Limited,98000.0
2025/07,2025,7,MERCEDES-BENZ,S450L,2021,4,46000.0,2999.0,449,2,Black,Zhong Hwa Motors Co. Ltd,888000.0
2025/07,2025,7,LAMBORGHINI,Huracan Performante Spyder,2019,6,8900.0,5204.0,640,2,White,Zhong Hwa Motors Co. Ltd,2680000.0
2025/07,2025,7,MERCEDES-BENZ,AMG G63,2018,7,35000.0,3982.0,585,2,Grey,Zhong Hwa Motors Co. Ltd,1980000.0
2025/07,2025,7,LAND ROVER,Range Rover Sport 5.0 SC,2015,10,78000.0,4999.0,510,2,Black,Zhong Hwa Motors Co. Ltd,298000.0
2025/07,2025,7,MCLAREN,600LT,2019,6,6900.0,3799.0,600,2,Blue,Zhong Hwa Motors Co. Ltd,2180000.0
2025/07,2025,7,FERRARI,296 GTB,2024,1,77.0,2992.0,830,2,Red,Zhong Hwa Motors Co. Ltd,5280000.0
2025/07,2025,7,FERRARI,458 ITALIA,2012,13,30000.0,4497.0,570,2,Red,Zhong Hwa Motors Co. Ltd,1580000.0
2025/07,2025,7,PORSCHE,991.2 GT3 RS,2019,6,8000.0,3996.0,520,2,Green,Zhong Hwa Motors Co. Ltd,2780000.0
2025/07,2025,7,LAMBORGHINI,AVENTADOR S,2018,7,5000.0,6498.0,740,2,White,Zhong Hwa Motors Co. Ltd,3480000.0
2025/07,2025,7,FERRARI,F355,1998,27,80000.0,3498.0,380,2,Grey,Zhong Hwa Motors Co. Ltd,880000.0
2025/07,2025,7,PORSCHE,718 Cayman,2017,8,17000.0,1988.0,320,2,White,Zhong Hwa Motors Co. Ltd,688000.0
2025/07,2025,7,TOYOTA,ALPHARD 2.5,2023,2,6500.0,2493.0,182,7,White,Celebrity Motors Limited,638000.0
2025/07,2025,7,MERCEDES-BENZ,CLA45S AMG 4M+ COUPE,2021,4,23000.0,1991.0,421,5,White,Kings Motor Co,668000.0
2025/07,2025,7,AUDI,Q5 2.0 Quattro Tip,2013,12,71400.0,1984.0,224,5,White,Autoway Motors Limited,42000.0
2025/07,2025,7,TOYOTA,SIENTA HYBRID,2019,6,31900.0,1500.0,116,5,Silver,Yat Chung Car Company,148000.0
2025/07,2025,7,BMW,740LIA,2019,6,84288.0,2998.0,326,5,Grey,Autoway Motors Limited,298000.0
2025/07,2025,7,TOYOTA,ALPHARD,2018,7,60000.0,3456.0,301,7,White,Celebrity Motors Limited,328000.0
2025/07,2025,7,TOYOTA,GR SUPRA,2019,6,14000.0,2998.0,340,2,White,Celebrity Motors Limited,498000.0
2025/07,2025,7,AUDI,Q2 35 (TFSI),2021,4,14000.0,1500.0,150,5,Others,Pak Yu Motors,168000.0
2025/07,2025,7,PORSCHE,Panamera 4S,2010,15,74000.0,4800.0,400,4,Grey,Pak Yu Motors,88000.0
2025/07,2025,7,TOYOTA,Ractis Verso,2013,12,89000.0,1497.0,109,5,White,Hung Wai Motor Trend Limited,43000.0
2025/07,2025,7,PORSCHE,Cayman S,2009,16,73000.0,3436.0,320,2,Grey,Wai To Motors Ltd.,138000.0
2025/07,2025,7,PORSCHE,Cayenne,2013,12,76000.0,3598.0,300,5,Black,Vision Motors (HK) Limited,168000.0
2025/07,2025,7,BMW,Z4 M40IA (G29),2019,6,37000.0,2998.0,340,2,Black,Vision Motors (HK) Limited,358000.0
2025/07,2025,7,MINI,COOPER S COUNTRYMAN,2016,9,58000.0,1998.0,192,5,Blue,Celebrity Motors Limited,98000.0
2025/07,2025,7,SUZUKI,Swift 1.4 M/T,2012,13,89000.0,1372.0,93,5,Grey,Hung Wai Motor Trend Limited,28000.0
2025/07,2025,7,HONDA,FREED HYBRID GB7 (7座）,2020,5,28635.0,1496.0,134,7,White,Supreme Motors Limited,148000.0
2025/07,2025,7,HONDA,FREED HYBRID GB7 ModuloX,2020,5,28526.0,1496.0,134,2,Black,Supreme Motors Limited,168000.0
2025/07,2025,7,HONDA,FREED HYBRID GB7 (7座）,2020,5,28631.0,1496.0,136,7,Silver,Supreme Motors Limited,148000.0
2025/07,2025,7,HONDA,STEPWGN HYBRID SPADA EX,2019,6,35573.0,1993.0,248,7,Black,Supreme Motors Limited,198000.0
2025/07,2025,7,MERCEDES-BENZ,CLA250,2014,11,17400.0,1991.0,211,5,Silver,Autoway Motors Limited,78000.0
2025/07,2025,7,FERRARI,F12 BERLINETTA,2015,10,15000.0,6262.0,740,2,Yellow,Kings Motor Co,1680000.0
2025/07,2025,7,TOYOTA,Vellfire 3.5 Facelift,2019,6,58000.0,3456.0,300,7,Black,Hung Wai Motor Trend Limited,288000.0
2025/07,2025,7,MERCEDES-BENZ,CLA 250 FACELIFT,2018,7,32000.0,1991.0,211,5,White,Celebrity Motors Limited,128000.0
2025/07,2025,7,LEXUS,UX200,2020,5,29000.0,1987.0,173,5,Grey,Wai To Motors Ltd.,158000.0
2025/07,2025,7,LAND ROVER,DISCOVERY 4,2015,10,70000.0,2993.0,256,5,Grey,Celebrity Motors Limited,128000.0
2025/07,2025,7,MERCEDES-BENZ,C43 AMG,2017,8,22000.0,2998.0,390,5,Blue,Wai To Motors Ltd.,218000.0
2025/07,2025,7,MERCEDES-BENZ,S450 4MATIC,2021,4,36000.0,2999.0,367,5,Red,Chun Sang Motors Development Company Limited,858000.0
2025/07,2025,7,PORSCHE,Macan S,2015,10,82000.0,2997.0,340,5,Black,Wai To Motors Ltd.,168000.0
2025/07,2025,7,PORSCHE,CAYENNE,2018,7,70000.0,2995.0,340,5,Blue,Neighbour Star,418000.0
2025/07,2025,7,TESLA,MODEL X 60 KWH DUAL MOTOR,2017,8,91000.0,,320,6,Black,Neighbour Star,208000.0
2025/07,2025,7,FORD,MUSTANG 5.0,2016,9,55000.0,4951.0,421,4,Grey,Neighbour Star,168000.0
2025/07,2025,7,HONDA,FREED HYBRID GB7 FACELIFT,2019,6,37566.0,1500.0,134,6,White,"Ritz Automobile Co., Limited",138000.0
2025/07,2025,7,BMW,X7 xDrive40iA M-Sport,2021,4,40000.0,2998.0,333,7,White,Hung Wai Motor Trend Limited,698000.0
2025/07,2025,7,LEXUS,RX 200T,2017,8,53000.0,1998.0,238,5,White,Race Art Motors Limited,178000.0
2025/07,2025,7,MERCEDES-BENZ,S500L,2014,11,78000.0,4663.0,455,5,Silver,Hung Wai Motor Trend Limited,218000.0
2025/07,2025,7,MERCEDES-BENZ,GLB35 AMG 4Matic,2021,4,15000.0,1991.0,306,7,Grey,Hung Wai Motor Trend Limited,298000.0
2025/07,2025,7,HYUNDAI,IONIQ 5 RANGE + AWD,2023,2,13679.0,81.0,306,5,Grey,Win Fair Motors Limited,248000.0
2025/07,2025,7,HONDA,Freed GB5,2020,5,50000.0,1496.0,131,7,Grey,Hung Wai Motor Trend Limited,138000.0
2025/07,2025,7,TOYOTA,Alphard 3.5 Facelift,2018,7,56000.0,3456.0,300,7,Black,Hung Wai Motor Trend Limited,298000.0
2025/07,2025,7,MAXUS,Mifa 9 Premium,2023,2,29000.0,,244,7,White,Hung Wai Motor Trend Limited,388000.0
2025/07,2025,7,TOYOTA,Yaris Cross hybrid Z modellista,2020,5,18078.0,1500.0,196,5,White,Supreme Motors Limited,208000.0
2025/07,2025,7,MINI,Cooper Countryman,2020,5,39000.0,1499.0,102,5,Blue,Hung Wai Motor Trend Limited,128000.0
2025/07,2025,7,NISSAN,Qashqai Turbo,2020,5,25000.0,1332.0,160,5,Black,Hung Wai Motor Trend Limited,118000.0
2025/07,2025,7,HONDA,Stepwgn Spada Hybrid EX,2019,6,37000.0,2000.0,145,7,Black,Celebrity Motors Limited,189000.0
2025/07,2025,7,TOYOTA,VOXY HYBRID ZS FACELIFT,2016,9,52245.0,1797.0,136,7,White,Supreme Motors Limited,148000.0
2025/07,2025,7,TOYOTA,Corolla Sport Hybrid,2019,6,33478.0,1797.0,170,5,White,Supreme Motors Limited,158000.0
2025/07,2025,7,HONDA,Stepwgn spada Hybrid EX,2021,4,22480.0,1993.0,248,7,Black,Supreme Motors Limited,248000.0
2025/07,2025,7,BMW,IX1 XDRIVE30 M SPORT EDITION,2023,2,9000.0,65.0,313,5,Blue,Royal Horse Motors Company,368000.0
2025/07,2025,7,MERCEDES-BENZ,EQB 250 AMG,2023,2,9000.0,111.0,190,7,Grey,Royal Horse Motors Company,358000.0
2025/07,2025,7,LAND ROVER,DISCOVERY SPORT P200S,2020,5,21000.0,2000.0,200,7,Blue,Royal Horse Motors Company,238000.0
2025/07,2025,7,BMW,318IA Saloon Sport (G20),2021,4,20000.0,1998.0,156,5,Black,Vision Motors (HK) Limited,168000.0
2025/07,2025,7,MERCEDES-BENZ,E200 AVANTGARDE,2019,6,51000.0,1991.0,184,5,Silver,Chun Sang Motors Development Company Limited,198000.0
2025/07,2025,7,TESLA,MODEL S 75 KWH DUAL MOTOR,2016,9,99000.0,,315,5,Black,Neighbourcar Group Limited,148000.0
2025/07,2025,7,MERCEDES-BENZ,E200 Avantgarde (W213),2019,6,67000.0,1991.0,197,5,Grey,Vision Motors (HK) Limited,148000.0
2025/07,2025,7,MERCEDES-BENZ,C300 Coupe AMG FL (C205),2018,7,38000.0,1991.0,245,4,Grey,Vision Motors (HK) Limited,208000.0
2025/07,2025,7,MINI,5-DOOR COOPER S AUTOMATIC WORKS EDITION,2020,5,40000.0,1998.0,192,5,Grey,Neighbourcar Group Limited,178000.0
2025/07,2025,7,MERCEDES-BENZ,CLS400 AMG FACELIFT,2015,10,44000.0,3498.0,333,4,Silver,Chun Sang Motors Development Company Limited,128000.0
2025/07,2025,7,HONDA,Freed,2022,3,30000.0,1496.0,131,7,White,Vision Motors (HK) Limited,158000.0
2025/07,2025,7,MERCEDES-BENZ,E400 Avantgarde facelift (W212),2015,10,1800.0,3498.0,333,5,Blue,Vision Motors (HK) Limited,118000.0
2025/07,2025,7,TOYOTA,Esquire,2019,6,65000.0,2000.0,152,7,White,Vision Motors (HK) Limited,198000.0
2025/07,2025,7,BMW,428IA Cabrio - M Sport (F33),2015,10,67000.0,1997.0,245,4,White,Vision Motors (HK) Limited,118000.0
2025/07,2025,7,TOYOTA,Alphard 2.5 Z Modellista,2024,1,2000.0,2493.0,182,7,White,Vision Motors (HK) Limited,678000.0
2025/07,2025,7,BMW,318 Saloon Sport (G20),2021,4,54000.0,1998.0,184,5,Blue,Vision Motors (HK) Limited,178000.0
2025/07,2025,7,MERCEDES-BENZ,C200 AMG Edition FL (W205),2020,5,33500.0,1497.0,184,5,Grey,Vision Motors (HK) Limited,218000.0
2025/07,2025,7,TOYOTA,BB Z,2011,14,70000.0,1495.0,103,5,Black,Vision Motors (HK) Limited,53800.0
2025/07,2025,7,TOYOTA,Noah,2013,12,110000.0,1987.0,158,7,White,Vision Motors (HK) Limited,73800.0
2025/07,2025,7,TOYOTA,SUPRA,2019,6,10000.0,2998.0,340,2,Grey,Neighbourcar Group Limited,478000.0
2025/07,2025,7,MERCEDES-BENZ,GLA200 (X156),2016,9,64000.0,1595.0,156,5,Black,Vision Motors (HK) Limited,98000.0
2025/07,2025,7,MERCEDES-BENZ,GLC250 Coupe (C253),2018,7,34000.0,1991.0,211,5,Black,Vision Motors (HK) Limited,248000.0
2025/07,2025,7,HONDA,Stepwgn Spada 2.0 RK5,2013,12,120000.0,1997.0,150,8,White,Vision Motors (HK) Limited,68000.0
2025/07,2025,7,MERCEDES-BENZ,E200 CAB AMG,2019,6,48000.0,1991.0,184,5,Black,Vision Motors (HK) Limited,368000.0
2025/07,2025,7,MERCEDES-BENZ,CLA250 facelift (C117),2019,6,58000.0,1991.0,224,5,Black,Vision Motors (HK) Limited,178000.0
2025/07,2025,7,BMW,740LIA,2020,5,22000.0,2998.0,326,5,Grey,Chun Sang Motors Development Company Limited,428000.0
2025/07,2025,7,AUDI,RS3 Sportback Quattro,2017,8,20000.0,2480.0,367,5,Grey,Vision Motors (HK) Limited,318000.0
2025/07,2025,7,MERCEDES-BENZ,Vito 119,2022,3,10000.0,1950.0,163,5,Black,Vision Motors (HK) Limited,388000.0
2025/07,2025,7,TOYOTA,Supra GR,2023,2,30.0,2997.0,382,2,Yellow,Vision Motors (HK) Limited,868000.0
2025/07,2025,7,MERCEDES-BENZ,CLS400 FACE-LIFT,2016,9,89000.0,3498.0,333,4,White,Kings Motor Co,168000.0
2025/07,2025,7,PORSCHE,911 997.2 GT3,2009,16,30000.0,3797.0,415,2,White,Autopop Limited,1680000.0
2025/07,2025,7,TOYOTA,VOXY HYBRID ZS FACELIFT,2020,5,25400.0,1797.0,136,7,Black,"Ritz Automobile Co., Limited",228000.0
2025/07,2025,7,MERCEDES-BENZ,E200,2017,8,26730.0,1991.0,184,5,Grey,Win Point Motors Limited,138000.0
2025/07,2025,7,BMW,X4 XDRIVE20D,2017,8,53000.0,1995.0,190,5,Silver,Chun Sang Motors Development Company Limited,208000.0
2025/07,2025,7,BMW,318iA SALOON SPORT,2021,4,51988.0,1998.0,156,5,Grey,Win Point Motors Limited,178000.0
2025/07,2025,7,MERCEDES-BENZ,GLE43 COUPE AMG,2018,7,9000.0,2996.0,367,5,Silver,Chun Sang Motors Development Company Limited,418000.0
2025/07,2025,7,MERCEDES-BENZ,G63 AMG 4M FACELIFT,2020,5,25000.0,3982.0,585,5,White,Wai To Motors Ltd.,1880000.0
2025/07,2025,7,MERCEDES-BENZ,MAYBACH S560 FACELIFT,2017,8,100000.0,3982.0,469,5,Black,Chun Sang Motors Development Company Limited,698000.0
2025/07,2025,7,PORSCHE,911 991.2 CARRERA T,2018,7,9000.0,2981.0,370,4,Black,Chun Sang Motors Development Company Limited,1198000.0
2025/07,2025,7,VOLKSWAGEN,CADDY MAXI TDI Diesel,2018,7,48083.0,1968.0,102,5,White,Tak Lee Motors (HK) Limited,88000.0
2025/07,2025,7,PORSCHE,MACAN S,2018,7,55000.0,3000.0,340,5,White,Yat Chung Car Company,269000.0
2025/07,2025,7,MERCEDES-BENZ,CLA250 COUPE,2019,6,42000.0,1991.0,224,5,Black,Celebrity Motors Limited,198000.0
2025/07,2025,7,FORD,Ranger 3.2D DBL 6AT S,2015,10,140000.0,3198.0,200,5,Brown,Vision Motors (HK) Limited,68000.0
2025/07,2025,7,BMW,X3 XDrive20IA Xline (G01),2019,6,71000.0,1998.0,184,5,Grey,Vision Motors (HK) Limited,158000.0
2025/07,2025,7,HONDA,Fit Hybrid GP5,2014,11,68000.0,1496.0,110,5,Blue,Hung Wai Motor Trend Limited,58000.0
2025/07,2025,7,TOYOTA,Alphard Executive Lounge,2017,8,76000.0,3456.0,274,7,Black,Race Art Motors Limited,278000.0
2025/07,2025,7,BMW,530IA Saloon M Sport Edition (G30),2020,5,57000.0,1998.0,252,5,Blue,Vision Motors (HK) Limited,208000.0
2025/07,2025,7,PORSCHE,Cayenne Turbo,2011,14,52000.0,4806.0,500,5,Brown,Hung Wai Motor Trend Limited,118000.0
2025/07,2025,7,KIA,Sorento PE 2.2 CRDI GT AWD,2018,7,130000.0,2199.0,200,5,Grey,Vision Motors (HK) Limited,88000.0
2025/07,2025,7,LEXUS,ES250 PREMIUM,2019,6,23386.0,2487.0,207,5,Grey,Win Fair Motors Limited,198000.0
2025/07,2025,7,TESLA,MODEL Y Performance,2022,3,48000.0,155.0,462,5,White,Yat Chung Car Company,278000.0
2025/07,2025,7,HONDA,STEPWGN HYBRID SPADA,2018,7,42219.0,28215.0,248,7,Grey,Supreme Motors Limited,178000.0
2025/07,2025,7,TOYOTA,Alphard 2.5 hybrid SRC,2021,4,9272.0,2493.0,185,7,White,Supreme Motors Limited,488000.0
2025/07,2025,7,TOYOTA,VOXY HYBRID ZS FACELIFT,2020,5,28320.0,1797.0,136,7,White,Supreme Motors Limited,208000.0
2025/07,2025,7,TOYOTA,ALPHARD 3.5,2017,8,16000.0,3456.0,275,7,White,Neighbourcar Group Limited,308000.0
2025/07,2025,7,TOYOTA,COROLLA TOURING WXB,2021,4,22170.0,1797.0,170,5,White,Supreme Motors Limited,178000.0
2025/07,2025,7,TOYOTA,Alphard 行貨 3.5（GF),2019,6,63000.0,3498.0,280,7,White,Pak Yu Motors,398000.0
2025/07,2025,7,MAXUS,MIFA 9 PREMIUM,2023,2,10000.0,,244,7,White,Neighbourcar Group Limited,398000.0
2025/07,2025,7,TOYOTA,VELLFIRE 3.5 ZAG,2016,9,42376.0,3456.0,285,7,White,Supreme Motors Limited,268000.0
2025/07,2025,7,PORSCHE,Macan s,2017,8,61000.0,2997.0,340,5,Grey,Pak Yu Motors,238000.0
2025/07,2025,7,AUDI,TT RS ROADSTER QUATIRO,2018,7,30000.0,2480.0,400,2,Blue,Neighbourcar Group Limited,398000.0
2025/07,2025,7,TOYOTA,CELSIOR,1995,30,6000.0,4000.0,265,5,White,Autopop Limited,138000.0
2025/07,2025,7,BMW,M3 SALOON MANUAL,2021,4,5500.0,2993.0,503,5,Green,Autopop Limited,858000.0
2025/07,2025,7,TOYOTA,ALPHARD Z,2025,0,18.0,2493.0,182,7,Black,"Ritz Automobile Co., Limited",728000.0
2025/07,2025,7,BMW,X7 xDrive40iA M Sport,2020,5,40000.0,2998.0,340,7,White,Cube Motors Limited,698000.0
2025/07,2025,7,HONDA,STEPWGN HYBRID SPADA EX RP5,2018,7,47926.0,1993.0,245,7,White,"Ritz Automobile Co., Limited",198000.0
2025/07,2025,7,TOYOTA,VELLFIRE,2020,5,120000.0,2494.0,182,7,Black,Celebrity Motors Limited,298000.0
2025/07,2025,7,AUDI,Q2 35 TFSI,2021,4,30000.0,1500.0,150,5,Grey,A AND S AUTOMOBILE CO. LTD,168000.0
2025/07,2025,7,MERCEDES-BENZ,GLC 300(FACELIFT),2021,4,41000.0,2000.0,258,5,Grey,A AND S AUTOMOBILE CO. LTD,348000.0
2025/07,2025,7,BMW,M 850IA,2020,5,35000.0,4400.0,600,5,Blue,A AND S AUTOMOBILE CO. LTD,888000.0
2025/07,2025,7,MERCEDES-BENZ,A 180,2022,3,16000.0,1400.0,150,5,Yellow,A AND S AUTOMOBILE CO. LTD,218000.0
2025/07,2025,7,TESLA,Model S 70D,2015,10,110000.0,,328,5,Grey,A AND S AUTOMOBILE CO. LTD,128000.0
2025/07,2025,7,PORSCHE,Cayenne,2019,6,58000.0,2995.0,340,5,Blue,Wai To Motors Ltd.,598000.0
2025/07,2025,7,BMW,218iA Gran Tourer FACELIFT,2018,7,56239.0,1499.0,140,7,Blue,Tak Lee Motors (HK) Limited,118000.0
2025/07,2025,7,PORSCHE,MACAN,2018,7,32000.0,1994.0,252,5,Grey,Celebrity Motors Limited,228000.0
2025/07,2025,7,LEXUS,UX200,2021,4,28000.0,1987.0,173,5,Grey,Race Art Motors Limited,158000.0
2025/07,2025,7,PORSCHE,Macan 3,2021,4,26000.0,1984.0,261,5,Silver,Ka Ho Motors Company,558000.0
2025/06,2025,6,TOYOTA,COROLLA TOURING WXB,2020,5,32178.0,1797.0,170,5,Black,"Ritz Automobile Co., Limited",158000.0
2025/06,2025,6,MERCEDES-BENZ,E200 AVANTGARDE (W213),2016,9,70000.0,1991.0,184,2,White,Neighbourcar Group Limited,108000.0
2025/06,2025,6,MAZDA,MX5 ROADSTER S Special Package,2015,10,80000.0,1496.0,131,2,White,Wai To Motors Ltd.,168000.0
2025/06,2025,6,BMW,M5,2013,12,86000.0,4395.0,560,5,Grey,Royal Horse Motors Company,138000.0
2025/06,2025,6,MERCEDES-BENZ,AMG GT53 4 MATIC,2019,6,16000.0,2999.0,435,5,White,Neighbourcar Group Limited,798000.0
2025/06,2025,6,JAGUAR,XKR 5.0 COUPE,2011,14,20000.0,5000.0,510,4,Green,Neighbourcar Group Limited,138000.0
2025/06,2025,6,TOYOTA,RAV 4 DELUXE,2019,6,42000.0,1987.0,172,5,Grey,Royal Horse Motors Company,158000.0
2025/06,2025,6,BYD,SEAL AWD Performance,2024,1,8511.0,145.0,530,5,Blue,"New Method Motors Co., Ltd.",278000.0
2025/06,2025,6,MERCEDES-BENZ,AMG E63 S,2017,8,60000.0,3982.0,612,5,Black,Neighbourcar Group Limited,608000.0
2025/06,2025,6,MINI,Cooper Countryman S,2018,7,32000.0,1998.0,192,5,Red,Wai To Motors Ltd.,168000.0
2025/06,2025,6,TOYOTA,CAMRY 2.5,2020,5,78000.0,2500.0,181,5,Black,Royal Horse Motors Company,138000.0
2025/06,2025,6,PORSCHE,MACAN S,2019,6,36160.0,2995.0,340,5,White,"New Method Motors Co., Ltd.",498000.0
2025/06,2025,6,PORSCHE,TAYCAN,2021,4,18020.0,120.0,408,5,Grey,"New Method Motors Co., Ltd.",898000.0
2025/06,2025,6,TOYOTA,Alphard 3.5 Exl S,2018,7,46000.0,3500.0,301,7,Black,Deluxe ( China ) Motors Company Limited,418000.0
2025/06,2025,6,TOYOTA,Alphard3.5SC D4S,2021,4,28000.0,3500.0,301,7,White,Deluxe ( China ) Motors Company Limited,468000.0
2025/06,2025,6,BENTLEY,BENTAYGA W12 2019,2019,6,39000.0,5985.0,608,5,Grey,Deluxe ( China ) Motors Company Limited,1580000.0
2025/06,2025,6,LAND ROVER,Rangerover AB,2019,6,38000.0,5000.0,525,5,Blue,Deluxe ( China ) Motors Company Limited,898000.0
2025/06,2025,6,AUDI,Q5 2.0T QUATTRO TIP FL,2013,12,94661.0,1984.0,225,5,Grey,Tak Lee Motors (HK) Limited,48000.0
2025/06,2025,6,TOYOTA,ALPHARD 3.5 EXECUTIVE LOUNGE,2018,7,48000.0,3500.0,300,7,White,Great Motors Limited,368000.0
2025/06,2025,6,MERCEDES-BENZ,E200 AVANTGARDE,2017,8,65000.0,2000.0,184,5,Grey,Great Motors Limited,138000.0
2025/06,2025,6,BMW,X7 XDRIVE40IA 7-SEATER PURE EXCELLENCE,2020,5,27000.0,3000.0,340,7,White,Great Motors Limited,698000.0
2025/06,2025,6,AUDI,RS6 AVANT 4.0 TFSI QUATTRO,2014,11,75393.0,4000.0,560,5,Black,Great Motors Limited,388000.0
2025/06,2025,6,TOYOTA,Alphard SC,2019,6,22514.0,2493.0,185,7,White,Supreme Motors Limited,348000.0
2025/06,2025,6,TOYOTA,VOXY HYBRID ZS FACELIFT,2020,5,28579.0,1797.0,136,7,White,Supreme Motors Limited,208000.0
2025/06,2025,6,HONDA,STEPWGN HYBRID SPADA EX,2018,7,42264.0,1993.0,248,7,Black,Supreme Motors Limited,198000.0
2025/06,2025,6,BMW,320i M-Sport (G20),2019,6,55000.0,1998.0,184,5,Grey,Hung Wai Motor Trend Limited,158000.0
2025/06,2025,6,TESLA,Model 3 SR Plus,2019,6,180000.0,,204,5,Black,Hung Wai Motor Trend Limited,99000.0
2025/06,2025,6,FORD,Ranger Raptor,2022,3,24000.0,1994.0,210,5,Grey,Hung Wai Motor Trend Limited,248000.0
2025/06,2025,6,MERCEDES-BENZ,GLC300 4Matic,2020,5,60000.0,1991.0,258,5,Grey,Hung Wai Motor Trend Limited,268000.0
2025/06,2025,6,MERCEDES-BENZ,E200 Avantgarde Facelift,2019,6,50000.0,1991.0,197,5,White,Hung Wai Motor Trend Limited,168000.0
2025/06,2025,6,MERCEDES-BENZ,EQA250 AMG,2022,3,58000.0,,190,5,White,Hung Wai Motor Trend Limited,228000.0
2025/06,2025,6,BMW,420iA Gran Coupe,2017,8,35000.0,1998.0,184,5,White,Hung Wai Motor Trend Limited,103800.0
2025/06,2025,6,NISSAN,Leaf Lux,2019,6,65000.0,,150,5,Silver,Hung Wai Motor Trend Limited,83800.0
2025/06,2025,6,TOYOTA,Alphard 3.5 (GF),2018,7,67000.0,3498.0,301,7,Black,Pak Yu Motors,368000.0
2025/06,2025,6,LEXUS,Lexus LS 500,2019,6,90000.0,3445.0,421,5,Blue,Pak Yu Motors,498000.0
2025/06,2025,6,HONDA,FREED HYBRID GB7 (7座）,2020,5,28299.0,1496.0,136,7,White,Supreme Motors Limited,148000.0
2025/06,2025,6,HONDA,STEPWGN HYBRID SPADA EX,2019,6,35316.0,1993.0,248,7,White,Supreme Motors Limited,198000.0
2025/06,2025,6,MERCEDES-BENZ,E200 AMG FACELIFT,2021,4,31000.0,1991.0,197,5,Black,Celebrity Motors Limited,308000.0
2025/06,2025,6,TOYOTA,COROLLA TOURING WXB Modellista,2020,5,28114.0,1797.0,170,5,White,Supreme Motors Limited,168000.0
2025/06,2025,6,TESLA,Model X 90D,2017,8,120000.0,99.0,100,6,White,Pak Yu Motors,268000.0
2025/06,2025,6,PORSCHE,MACAN GTS,2016,9,59000.0,2997.0,360,5,Red,Celebrity Motors Limited,268000.0
2025/06,2025,6,PORSCHE,911 992 C2S Carrera S Coupe,2019,6,22000.0,2981.0,450,4,Orange,Wai To Motors Ltd.,1680000.0
2025/06,2025,6,HONDA,Jazz,2021,4,16000.0,1498.0,109,5,Black,Celebrity Motors Limited,115000.0
2025/06,2025,6,PORSCHE,718 Cayman GTS,2018,7,47000.0,2497.0,365,2,White,Wai To Motors Ltd.,768000.0
2025/06,2025,6,MERCEDES-BENZ,AMG C63 S,2016,9,50000.0,3982.0,510,5,Black,Neighbourcar Group Limited,238000.0
2025/06,2025,6,ROLLS-ROYCE,PHANTOM EWB 4 SEATER,2019,6,30000.0,6749.0,570,4,Black,Neighbourcar Group Limited,5980000.0
2025/06,2025,6,LAND ROVER,Discovery Sport P200 7S Facelift,2020,5,21004.0,1997.0,200,7,Blue,Tak Lee Motors (HK) Limited,228000.0
2025/06,2025,6,TOYOTA,Alphard 2.5 SC,2020,5,18504.0,2493.0,185,7,White,Supreme Motors Limited,378000.0
2025/06,2025,6,MERCEDES-BENZ,E250 AMG,2017,8,95000.0,1991.0,211,5,White,Race Art Motors Limited,128000.0
2025/06,2025,6,BMW,IX1 xdrive20 Xline,2024,1,50.0,,313,5,White,Autoway Motors Limited,348000.0
2025/06,2025,6,MERCEDES-BENZ,C200 AMG,2018,7,45000.0,1991.0,184,5,Black,Cube Motors Limited,138000.0
2025/06,2025,6,MERCEDES-BENZ,GLC250 4MATIC AMG,2018,7,62000.0,1991.0,211,5,Silver,Cube Motors Limited,168000.0
2025/06,2025,6,LAND ROVER,Evoque Dynamic,2015,10,45000.0,1999.0,240,5,White,Cube Motors Limited,138000.0
2025/06,2025,6,MERCEDES-BENZ,GLA200,2020,5,29000.0,1332.0,163,5,Grey,Cube Motors Limited,228000.0
2025/06,2025,6,AUDI,SQ7 QUATTRO (7座位）,2023,2,13388.0,3996.0,507,7,Blue,Win Point Motors Limited,878000.0
